experiment,regime,strategy,asset,weight
1,Low volatility,Equal weight,Demo_Equity_A,0.2
1,Low volatility,Equal weight,Demo_Equity_B,0.2
1,Low volatility,Equal weight,Demo_Bonds,0.2
1,Low volatility,Equal weight,Demo_Gold,0.2
1,Low volatility,Equal weight,Demo_REITs,0.2
1,Low volatility,Minimum volatility,Demo_Equity_A,0.06315306799801916
1,Low volatility,Minimum volatility,Demo_Equity_B,0.008383774367213683
1,Low volatility,Minimum volatility,Demo_Bonds,0.789000514620281
1,Low volatility,Minimum volatility,Demo_Gold,0.12643520472864875
1,Low volatility,Minimum volatility,Demo_REITs,0.013027438285837417
1,Low volatility,Maximum Sharpe,Demo_Equity_A,0.7363012990218158
1,Low volatility,Maximum Sharpe,Demo_Equity_B,0.0
1,Low volatility,Maximum Sharpe,Demo_Bonds,0.1904356729320003
1,Low volatility,Maximum Sharpe,Demo_Gold,0.0
1,Low volatility,Maximum Sharpe,Demo_REITs,0.07326302804618397
2,Base,Equal weight,Demo_Equity_A,0.2
2,Base,Equal weight,Demo_Equity_B,0.2
2,Base,Equal weight,Demo_Bonds,0.2
2,Base,Equal weight,Demo_Gold,0.2
2,Base,Equal weight,Demo_REITs,0.2
2,Base,Minimum volatility,Demo_Equity_A,0.07585656865578765
2,Base,Minimum volatility,Demo_Equity_B,0.001667318771794466
2,Base,Minimum volatility,Demo_Bonds,0.7869317972964315
2,Base,Minimum volatility,Demo_Gold,0.13229652411918336
2,Base,Minimum volatility,Demo_REITs,0.0032477911568030648
2,Base,Maximum Sharpe,Demo_Equity_A,0.09699317450578311
2,Base,Maximum Sharpe,Demo_Equity_B,0.0
2,Base,Maximum Sharpe,Demo_Bonds,2.88592175528318e-16
2,Base,Maximum Sharpe,Demo_Gold,0.9030068254942165
2,Base,Maximum Sharpe,Demo_REITs,0.0
3,High volatility,Equal weight,Demo_Equity_A,0.2
3,High volatility,Equal weight,Demo_Equity_B,0.2
3,High volatility,Equal weight,Demo_Bonds,0.2
3,High volatility,Equal weight,Demo_Gold,0.2
3,High volatility,Equal weight,Demo_REITs,0.2
3,High volatility,Minimum volatility,Demo_Equity_A,0.06447422612561769
3,High volatility,Minimum volatility,Demo_Equity_B,0.022487237055168443
3,High volatility,Minimum volatility,Demo_Bonds,0.7887939263478896
3,High volatility,Minimum volatility,Demo_Gold,0.12424461047132432
3,High volatility,Minimum volatility,Demo_REITs,2.1783718543079103e-19
3,High volatility,Maximum Sharpe,Demo_Equity_A,0.0
3,High volatility,Maximum Sharpe,Demo_Equity_B,1.0
3,High volatility,Maximum Sharpe,Demo_Bonds,0.0
3,High volatility,Maximum Sharpe,Demo_Gold,0.0
3,High volatility,Maximum Sharpe,Demo_REITs,0.0
4,Low volatility,Equal weight,Demo_Equity_A,0.2
4,Low volatility,Equal weight,Demo_Equity_B,0.2
4,Low volatility,Equal weight,Demo_Bonds,0.2
4,Low volatility,Equal weight,Demo_Gold,0.2
4,Low volatility,Equal weight,Demo_REITs,0.2
4,Low volatility,Minimum volatility,Demo_Equity_A,0.062394536438016526
4,Low volatility,Minimum volatility,Demo_Equity_B,0.01562261935248809
4,Low volatility,Minimum volatility,Demo_Bonds,0.7884643584024764
4,Low volatility,Minimum volatility,Demo_Gold,0.13351848580701897
4,Low volatility,Minimum volatility,Demo_REITs,1.152287341276653e-19
4,Low volatility,Maximum Sharpe,Demo_Equity_A,0.1916235754075649
4,Low volatility,Maximum Sharpe,Demo_Equity_B,0.08061135636524569
4,Low volatility,Maximum Sharpe,Demo_Bonds,0.7277650682271893
4,Low volatility,Maximum Sharpe,Demo_Gold,0.0
4,Low volatility,Maximum Sharpe,Demo_REITs,7.073193499319511e-18
5,Base,Equal weight,Demo_Equity_A,0.2
5,Base,Equal weight,Demo_Equity_B,0.2
5,Base,Equal weight,Demo_Bonds,0.2
5,Base,Equal weight,Demo_Gold,0.2
5,Base,Equal weight,Demo_REITs,0.2
5,Base,Minimum volatility,Demo_Equity_A,0.0746923697394532
5,Base,Minimum volatility,Demo_Equity_B,0.011252522878558505
5,Base,Minimum volatility,Demo_Bonds,0.7848564029257104
5,Base,Minimum volatility,Demo_Gold,0.12919870445627793
5,Base,Minimum volatility,Demo_REITs,0.0
5,Base,Maximum Sharpe,Demo_Equity_A,0.043958869859575235
5,Base,Maximum Sharpe,Demo_Equity_B,0.36093755279594936
5,Base,Maximum Sharpe,Demo_Bonds,0.0
5,Base,Maximum Sharpe,Demo_Gold,0.4262749923776525
5,Base,Maximum Sharpe,Demo_REITs,0.16882858496682296
6,High volatility,Equal weight,Demo_Equity_A,0.2
6,High volatility,Equal weight,Demo_Equity_B,0.2
6,High volatility,Equal weight,Demo_Bonds,0.2
6,High volatility,Equal weight,Demo_Gold,0.2
6,High volatility,Equal weight,Demo_REITs,0.2
6,High volatility,Minimum volatility,Demo_Equity_A,0.07135153932329648
6,High volatility,Minimum volatility,Demo_Equity_B,0.008487327852894223
6,High volatility,Minimum volatility,Demo_Bonds,0.7880799958367555
6,High volatility,Minimum volatility,Demo_Gold,0.13208113698705387
6,High volatility,Minimum volatility,Demo_REITs,3.7903482944980757e-19
6,High volatility,Maximum Sharpe,Demo_Equity_A,0.0
6,High volatility,Maximum Sharpe,Demo_Equity_B,0.0
6,High volatility,Maximum Sharpe,Demo_Bonds,0.5038014045544168
6,High volatility,Maximum Sharpe,Demo_Gold,0.33672047436562863
6,High volatility,Maximum Sharpe,Demo_REITs,0.1594781210799546
7,Low volatility,Equal weight,Demo_Equity_A,0.2
7,Low volatility,Equal weight,Demo_Equity_B,0.2
7,Low volatility,Equal weight,Demo_Bonds,0.2
7,Low volatility,Equal weight,Demo_Gold,0.2
7,Low volatility,Equal weight,Demo_REITs,0.2
7,Low volatility,Minimum volatility,Demo_Equity_A,0.07650492205130915
7,Low volatility,Minimum volatility,Demo_Equity_B,0.003967072740837509
7,Low volatility,Minimum volatility,Demo_Bonds,0.8122782504001748
7,Low volatility,Minimum volatility,Demo_Gold,0.10724975480767843
7,Low volatility,Minimum volatility,Demo_REITs,4.8788336364692315e-19
7,Low volatility,Maximum Sharpe,Demo_Equity_A,0.2698539309334408
7,Low volatility,Maximum Sharpe,Demo_Equity_B,0.0875268482185309
7,Low volatility,Maximum Sharpe,Demo_Bonds,0.2276712418111744
7,Low volatility,Maximum Sharpe,Demo_Gold,0.10587847783773578
7,Low volatility,Maximum Sharpe,Demo_REITs,0.3090695011991182
8,Base,Equal weight,Demo_Equity_A,0.2
8,Base,Equal weight,Demo_Equity_B,0.2
8,Base,Equal weight,Demo_Bonds,0.2
8,Base,Equal weight,Demo_Gold,0.2
8,Base,Equal weight,Demo_REITs,0.2
8,Base,Minimum volatility,Demo_Equity_A,0.07365997390625861
8,Base,Minimum volatility,Demo_Equity_B,0.0057192575748335
8,Base,Minimum volatility,Demo_Bonds,0.7846389072444975
8,Base,Minimum volatility,Demo_Gold,0.13272268141253307
8,Base,Minimum volatility,Demo_REITs,0.003259179861877369
8,Base,Maximum Sharpe,Demo_Equity_A,0.09136317002751855
8,Base,Maximum Sharpe,Demo_Equity_B,5.066399361934228e-16
8,Base,Maximum Sharpe,Demo_Bonds,0.822425631398862
8,Base,Maximum Sharpe,Demo_Gold,0.0
8,Base,Maximum Sharpe,Demo_REITs,0.0862111985736188
9,High volatility,Equal weight,Demo_Equity_A,0.2
9,High volatility,Equal weight,Demo_Equity_B,0.2
9,High volatility,Equal weight,Demo_Bonds,0.2
9,High volatility,Equal weight,Demo_Gold,0.2
9,High volatility,Equal weight,Demo_REITs,0.2
9,High volatility,Minimum volatility,Demo_Equity_A,0.0700043261357894
9,High volatility,Minimum volatility,Demo_Equity_B,0.015474530486844709
9,High volatility,Minimum volatility,Demo_Bonds,0.7794541864473333
9,High volatility,Minimum volatility,Demo_Gold,0.13506695693003257
9,High volatility,Minimum volatility,Demo_REITs,1.0487040643214645e-18
9,High volatility,Maximum Sharpe,Demo_Equity_A,1.0
9,High volatility,Maximum Sharpe,Demo_Equity_B,0.0
9,High volatility,Maximum Sharpe,Demo_Bonds,0.0
9,High volatility,Maximum Sharpe,Demo_Gold,0.0
9,High volatility,Maximum Sharpe,Demo_REITs,0.0
10,Low volatility,Equal weight,Demo_Equity_A,0.2
10,Low volatility,Equal weight,Demo_Equity_B,0.2
10,Low volatility,Equal weight,Demo_Bonds,0.2
10,Low volatility,Equal weight,Demo_Gold,0.2
10,Low volatility,Equal weight,Demo_REITs,0.2
10,Low volatility,Minimum volatility,Demo_Equity_A,0.06671426427530076
10,Low volatility,Minimum volatility,Demo_Equity_B,0.02109945191911803
10,Low volatility,Minimum volatility,Demo_Bonds,0.7747248072561544
10,Low volatility,Minimum volatility,Demo_Gold,0.13746147654942684
10,Low volatility,Minimum volatility,Demo_REITs,1.0909954614215117e-19
10,Low volatility,Maximum Sharpe,Demo_Equity_A,0.01542309202508718
10,Low volatility,Maximum Sharpe,Demo_Equity_B,0.0
10,Low volatility,Maximum Sharpe,Demo_Bonds,0.3526763774036021
10,Low volatility,Maximum Sharpe,Demo_Gold,0.24338642099869537
10,Low volatility,Maximum Sharpe,Demo_REITs,0.38851410957261545
11,Base,Equal weight,Demo_Equity_A,0.2
11,Base,Equal weight,Demo_Equity_B,0.2
11,Base,Equal weight,Demo_Bonds,0.2
11,Base,Equal weight,Demo_Gold,0.2
11,Base,Equal weight,Demo_REITs,0.2
11,Base,Minimum volatility,Demo_Equity_A,0.05244267598614932
11,Base,Minimum volatility,Demo_Equity_B,0.020189340905592705
11,Base,Minimum volatility,Demo_Bonds,0.7890582839912886
11,Base,Minimum volatility,Demo_Gold,0.1264814485901037
11,Base,Minimum volatility,Demo_REITs,0.011828250526865683
11,Base,Maximum Sharpe,Demo_Equity_A,3.7680527260542006e-17
11,Base,Maximum Sharpe,Demo_Equity_B,0.0
11,Base,Maximum Sharpe,Demo_Bonds,0.3896960051603453
11,Base,Maximum Sharpe,Demo_Gold,0.6103039948396548
11,Base,Maximum Sharpe,Demo_REITs,0.0
12,High volatility,Equal weight,Demo_Equity_A,0.2
12,High volatility,Equal weight,Demo_Equity_B,0.2
12,High volatility,Equal weight,Demo_Bonds,0.2
12,High volatility,Equal weight,Demo_Gold,0.2
12,High volatility,Equal weight,Demo_REITs,0.2
12,High volatility,Minimum volatility,Demo_Equity_A,0.06652570580761717
12,High volatility,Minimum volatility,Demo_Equity_B,0.006393948494898331
12,High volatility,Minimum volatility,Demo_Bonds,0.7932455306336402
12,High volatility,Minimum volatility,Demo_Gold,0.1275362435413247
12,High volatility,Minimum volatility,Demo_REITs,0.006298571522519346
12,High volatility,Maximum Sharpe,Demo_Equity_A,0.0
12,High volatility,Maximum Sharpe,Demo_Equity_B,0.0
12,High volatility,Maximum Sharpe,Demo_Bonds,1.0
12,High volatility,Maximum Sharpe,Demo_Gold,0.0
12,High volatility,Maximum Sharpe,Demo_REITs,0.0
13,Low volatility,Equal weight,Demo_Equity_A,0.2
13,Low volatility,Equal weight,Demo_Equity_B,0.2
13,Low volatility,Equal weight,Demo_Bonds,0.2
13,Low volatility,Equal weight,Demo_Gold,0.2
13,Low volatility,Equal weight,Demo_REITs,0.2
13,Low volatility,Minimum volatility,Demo_Equity_A,0.05900606139671056
13,Low volatility,Minimum volatility,Demo_Equity_B,0.024300289181299277
13,Low volatility,Minimum volatility,Demo_Bonds,0.7818792335696441
13,Low volatility,Minimum volatility,Demo_Gold,0.13481441585234621
13,Low volatility,Minimum volatility,Demo_REITs,0.0
13,Low volatility,Maximum Sharpe,Demo_Equity_A,1.0
13,Low volatility,Maximum Sharpe,Demo_Equity_B,0.0
13,Low volatility,Maximum Sharpe,Demo_Bonds,0.0
13,Low volatility,Maximum Sharpe,Demo_Gold,0.0
13,Low volatility,Maximum Sharpe,Demo_REITs,0.0
14,Base,Equal weight,Demo_Equity_A,0.2
14,Base,Equal weight,Demo_Equity_B,0.2
14,Base,Equal weight,Demo_Bonds,0.2
14,Base,Equal weight,Demo_Gold,0.2
14,Base,Equal weight,Demo_REITs,0.2
14,Base,Minimum volatility,Demo_Equity_A,0.07714581132152667
14,Base,Minimum volatility,Demo_Equity_B,0.017481289752173702
14,Base,Minimum volatility,Demo_Bonds,0.7778365856022567
14,Base,Minimum volatility,Demo_Gold,0.12753631332404305
14,Base,Minimum volatility,Demo_REITs,0.0
14,Base,Maximum Sharpe,Demo_Equity_A,0.415529215245007
14,Base,Maximum Sharpe,Demo_Equity_B,0.021355174930512585
14,Base,Maximum Sharpe,Demo_Bonds,3.7849737327467996e-17
14,Base,Maximum Sharpe,Demo_Gold,0.5631156098244804
14,Base,Maximum Sharpe,Demo_REITs,4.0718647462964443e-17
15,High volatility,Equal weight,Demo_Equity_A,0.2
15,High volatility,Equal weight,Demo_Equity_B,0.2
15,High volatility,Equal weight,Demo_Bonds,0.2
15,High volatility,Equal weight,Demo_Gold,0.2
15,High volatility,Equal weight,Demo_REITs,0.2
15,High volatility,Minimum volatility,Demo_Equity_A,0.06865009057915271
15,High volatility,Minimum volatility,Demo_Equity_B,0.006536846840221264
15,High volatility,Minimum volatility,Demo_Bonds,0.7907039442471969
15,High volatility,Minimum volatility,Demo_Gold,0.13410911833342914
15,High volatility,Minimum volatility,Demo_REITs,1.1694490676360926e-18
15,High volatility,Maximum Sharpe,Demo_Equity_A,6.634821372700314e-17
15,High volatility,Maximum Sharpe,Demo_Equity_B,0.8598918640749129
15,High volatility,Maximum Sharpe,Demo_Bonds,0.0
15,High volatility,Maximum Sharpe,Demo_Gold,4.936463306524891e-19
15,High volatility,Maximum Sharpe,Demo_REITs,0.1401081359250869
16,Low volatility,Equal weight,Demo_Equity_A,0.2
16,Low volatility,Equal weight,Demo_Equity_B,0.2
16,Low volatility,Equal weight,Demo_Bonds,0.2
16,Low volatility,Equal weight,Demo_Gold,0.2
16,Low volatility,Equal weight,Demo_REITs,0.2
16,Low volatility,Minimum volatility,Demo_Equity_A,0.06044764063817588
16,Low volatility,Minimum volatility,Demo_Equity_B,0.014445836837101472
16,Low volatility,Minimum volatility,Demo_Bonds,0.7888175208960049
16,Low volatility,Minimum volatility,Demo_Gold,0.13628900162871763
16,Low volatility,Minimum volatility,Demo_REITs,0.0
16,Low volatility,Maximum Sharpe,Demo_Equity_A,0.056763468329341225
16,Low volatility,Maximum Sharpe,Demo_Equity_B,0.5771281210866278
16,Low volatility,Maximum Sharpe,Demo_Bonds,0.0
16,Low volatility,Maximum Sharpe,Demo_Gold,5.1794150048448026e-17
16,Low volatility,Maximum Sharpe,Demo_REITs,0.366108410584031
17,Base,Equal weight,Demo_Equity_A,0.2
17,Base,Equal weight,Demo_Equity_B,0.2
17,Base,Equal weight,Demo_Bonds,0.2
17,Base,Equal weight,Demo_Gold,0.2
17,Base,Equal weight,Demo_REITs,0.2
17,Base,Minimum volatility,Demo_Equity_A,0.07592105467560857
17,Base,Minimum volatility,Demo_Equity_B,0.016361460021050548
17,Base,Minimum volatility,Demo_Bonds,0.780846352701613
17,Base,Minimum volatility,Demo_Gold,0.126871132601728
17,Base,Minimum volatility,Demo_REITs,1.667139132059838e-19
17,Base,Maximum Sharpe,Demo_Equity_A,0.26421371178761077
17,Base,Maximum Sharpe,Demo_Equity_B,0.0
17,Base,Maximum Sharpe,Demo_Bonds,0.5077270880664736
17,Base,Maximum Sharpe,Demo_Gold,8.507111006671305e-17
17,Base,Maximum Sharpe,Demo_REITs,0.22805920014591546
18,High volatility,Equal weight,Demo_Equity_A,0.2
18,High volatility,Equal weight,Demo_Equity_B,0.2
18,High volatility,Equal weight,Demo_Bonds,0.2
18,High volatility,Equal weight,Demo_Gold,0.2
18,High volatility,Equal weight,Demo_REITs,0.2
18,High volatility,Minimum volatility,Demo_Equity_A,0.0716935018397361
18,High volatility,Minimum volatility,Demo_Equity_B,0.011401009907006735
18,High volatility,Minimum volatility,Demo_Bonds,0.7691583729103669
18,High volatility,Minimum volatility,Demo_Gold,0.1428837280364159
18,High volatility,Minimum volatility,Demo_REITs,0.004863387306474325
18,High volatility,Maximum Sharpe,Demo_Equity_A,0.3618282795429255
18,High volatility,Maximum Sharpe,Demo_Equity_B,0.0
18,High volatility,Maximum Sharpe,Demo_Bonds,0.43261900942665943
18,High volatility,Maximum Sharpe,Demo_Gold,0.11385476528104405
18,High volatility,Maximum Sharpe,Demo_REITs,0.09169794574937098
19,Low volatility,Equal weight,Demo_Equity_A,0.2
19,Low volatility,Equal weight,Demo_Equity_B,0.2
19,Low volatility,Equal weight,Demo_Bonds,0.2
19,Low volatility,Equal weight,Demo_Gold,0.2
19,Low volatility,Equal weight,Demo_REITs,0.2
19,Low volatility,Minimum volatility,Demo_Equity_A,0.07394908735714992
19,Low volatility,Minimum volatility,Demo_Equity_B,0.012036433680779474
19,Low volatility,Minimum volatility,Demo_Bonds,0.775737793889659
19,Low volatility,Minimum volatility,Demo_Gold,0.1309860924556195
19,Low volatility,Minimum volatility,Demo_REITs,0.007290592616792042
19,Low volatility,Maximum Sharpe,Demo_Equity_A,0.5035145441973792
19,Low volatility,Maximum Sharpe,Demo_Equity_B,5.949755719764801e-17
19,Low volatility,Maximum Sharpe,Demo_Bonds,1.7782319683983884e-17
19,Low volatility,Maximum Sharpe,Demo_Gold,0.15763703790955197
19,Low volatility,Maximum Sharpe,Demo_REITs,0.3388484178930687
20,Base,Equal weight,Demo_Equity_A,0.2
20,Base,Equal weight,Demo_Equity_B,0.2
20,Base,Equal weight,Demo_Bonds,0.2
20,Base,Equal weight,Demo_Gold,0.2
20,Base,Equal weight,Demo_REITs,0.2
20,Base,Minimum volatility,Demo_Equity_A,0.06293893031218983
20,Base,Minimum volatility,Demo_Equity_B,0.014513442355323564
20,Base,Minimum volatility,Demo_Bonds,0.8060926402539886
20,Base,Minimum volatility,Demo_Gold,0.11645498707849808
20,Base,Minimum volatility,Demo_REITs,8.935250442517264e-19
20,Base,Maximum Sharpe,Demo_Equity_A,0.10146188386925868
20,Base,Maximum Sharpe,Demo_Equity_B,4.379107022345431e-17
20,Base,Maximum Sharpe,Demo_Bonds,0.4900784161876282
20,Base,Maximum Sharpe,Demo_Gold,0.39282610794103173
20,Base,Maximum Sharpe,Demo_REITs,0.015633592002081368
21,High volatility,Equal weight,Demo_Equity_A,0.2
21,High volatility,Equal weight,Demo_Equity_B,0.2
21,High volatility,Equal weight,Demo_Bonds,0.2
21,High volatility,Equal weight,Demo_Gold,0.2
21,High volatility,Equal weight,Demo_REITs,0.2
21,High volatility,Minimum volatility,Demo_Equity_A,0.07171727675049623
21,High volatility,Minimum volatility,Demo_Equity_B,0.006428863080715955
21,High volatility,Minimum volatility,Demo_Bonds,0.7811293874763867
21,High volatility,Minimum volatility,Demo_Gold,0.14053597127732476
21,High volatility,Minimum volatility,Demo_REITs,0.00018850141507638262
21,High volatility,Maximum Sharpe,Demo_Equity_A,0.0
21,High volatility,Maximum Sharpe,Demo_Equity_B,0.0
21,High volatility,Maximum Sharpe,Demo_Bonds,0.658536604669629
21,High volatility,Maximum Sharpe,Demo_Gold,0.34146339533037096
21,High volatility,Maximum Sharpe,Demo_REITs,0.0
22,Low volatility,Equal weight,Demo_Equity_A,0.2
22,Low volatility,Equal weight,Demo_Equity_B,0.2
22,Low volatility,Equal weight,Demo_Bonds,0.2
22,Low volatility,Equal weight,Demo_Gold,0.2
22,Low volatility,Equal weight,Demo_REITs,0.2
22,Low volatility,Minimum volatility,Demo_Equity_A,0.08197168999732199
22,Low volatility,Minimum volatility,Demo_Equity_B,3.824824849440444e-18
22,Low volatility,Minimum volatility,Demo_Bonds,0.7882916594170383
22,Low volatility,Minimum volatility,Demo_Gold,0.1270917086591661
22,Low volatility,Minimum volatility,Demo_REITs,0.0026449419264737107
22,Low volatility,Maximum Sharpe,Demo_Equity_A,0.6317811867594942
22,Low volatility,Maximum Sharpe,Demo_Equity_B,1.451787732836024e-16
22,Low volatility,Maximum Sharpe,Demo_Bonds,8.381183060797807e-17
22,Low volatility,Maximum Sharpe,Demo_Gold,0.3682188132405056
22,Low volatility,Maximum Sharpe,Demo_REITs,0.0
23,Base,Equal weight,Demo_Equity_A,0.2
23,Base,Equal weight,Demo_Equity_B,0.2
23,Base,Equal weight,Demo_Bonds,0.2
23,Base,Equal weight,Demo_Gold,0.2
23,Base,Equal weight,Demo_REITs,0.2
23,Base,Minimum volatility,Demo_Equity_A,0.06527583902899327
23,Base,Minimum volatility,Demo_Equity_B,0.014622876417593151
23,Base,Minimum volatility,Demo_Bonds,0.7724348955078105
23,Base,Minimum volatility,Demo_Gold,0.14647848888860227
23,Base,Minimum volatility,Demo_REITs,0.0011879001570007795
23,Base,Maximum Sharpe,Demo_Equity_A,0.210377338123906
23,Base,Maximum Sharpe,Demo_Equity_B,0.01723715822716843
23,Base,Maximum Sharpe,Demo_Bonds,1.3169392267260836e-17
23,Base,Maximum Sharpe,Demo_Gold,0.05125972159815052
23,Base,Maximum Sharpe,Demo_REITs,0.721125782050775
24,High volatility,Equal weight,Demo_Equity_A,0.2
24,High volatility,Equal weight,Demo_Equity_B,0.2
24,High volatility,Equal weight,Demo_Bonds,0.2
24,High volatility,Equal weight,Demo_Gold,0.2
24,High volatility,Equal weight,Demo_REITs,0.2
24,High volatility,Minimum volatility,Demo_Equity_A,0.06423197415511427
24,High volatility,Minimum volatility,Demo_Equity_B,0.0033223623384128413
24,High volatility,Minimum volatility,Demo_Bonds,0.7723258986372226
24,High volatility,Minimum volatility,Demo_Gold,0.152373687861504
24,High volatility,Minimum volatility,Demo_REITs,0.007746077007746145
24,High volatility,Maximum Sharpe,Demo_Equity_A,0.9857606812756714
24,High volatility,Maximum Sharpe,Demo_Equity_B,2.0733910082181087e-17
24,High volatility,Maximum Sharpe,Demo_Bonds,0.0
24,High volatility,Maximum Sharpe,Demo_Gold,5.075693513125302e-17
24,High volatility,Maximum Sharpe,Demo_REITs,0.014239318724328705
25,Low volatility,Equal weight,Demo_Equity_A,0.2
25,Low volatility,Equal weight,Demo_Equity_B,0.2
25,Low volatility,Equal weight,Demo_Bonds,0.2
25,Low volatility,Equal weight,Demo_Gold,0.2
25,Low volatility,Equal weight,Demo_REITs,0.2
25,Low volatility,Minimum volatility,Demo_Equity_A,0.06350150953012147
25,Low volatility,Minimum volatility,Demo_Equity_B,0.010030590187364156
25,Low volatility,Minimum volatility,Demo_Bonds,0.7852247340983645
25,Low volatility,Minimum volatility,Demo_Gold,0.14124316618415
25,Low volatility,Minimum volatility,Demo_REITs,0.0
25,Low volatility,Maximum Sharpe,Demo_Equity_A,0.3947935074860955
25,Low volatility,Maximum Sharpe,Demo_Equity_B,0.23362877578029792
25,Low volatility,Maximum Sharpe,Demo_Bonds,0.2969077215407615
25,Low volatility,Maximum Sharpe,Demo_Gold,0.07466999519284476
25,Low volatility,Maximum Sharpe,Demo_REITs,2.9311224095742355e-16
26,Base,Equal weight,Demo_Equity_A,0.2
26,Base,Equal weight,Demo_Equity_B,0.2
26,Base,Equal weight,Demo_Bonds,0.2
26,Base,Equal weight,Demo_Gold,0.2
26,Base,Equal weight,Demo_REITs,0.2
26,Base,Minimum volatility,Demo_Equity_A,0.061107434783844464
26,Base,Minimum volatility,Demo_Equity_B,0.003508737732836871
26,Base,Minimum volatility,Demo_Bonds,0.7996384676231735
26,Base,Minimum volatility,Demo_Gold,0.12632053902185325
26,Base,Minimum volatility,Demo_REITs,0.009424820838292002
26,Base,Maximum Sharpe,Demo_Equity_A,0.29123472766185915
26,Base,Maximum Sharpe,Demo_Equity_B,0.38940343848237285
26,Base,Maximum Sharpe,Demo_Bonds,0.024193708037799744
26,Base,Maximum Sharpe,Demo_Gold,0.0
26,Base,Maximum Sharpe,Demo_REITs,0.29516812581796814
27,High volatility,Equal weight,Demo_Equity_A,0.2
27,High volatility,Equal weight,Demo_Equity_B,0.2
27,High volatility,Equal weight,Demo_Bonds,0.2
27,High volatility,Equal weight,Demo_Gold,0.2
27,High volatility,Equal weight,Demo_REITs,0.2
27,High volatility,Minimum volatility,Demo_Equity_A,0.07584922664614513
27,High volatility,Minimum volatility,Demo_Equity_B,0.01142254197935457
27,High volatility,Minimum volatility,Demo_Bonds,0.7604389952808969
27,High volatility,Minimum volatility,Demo_Gold,0.1522892360936035
27,High volatility,Minimum volatility,Demo_REITs,3.8000965510187485e-20
27,High volatility,Maximum Sharpe,Demo_Equity_A,0.0
27,High volatility,Maximum Sharpe,Demo_Equity_B,0.0
27,High volatility,Maximum Sharpe,Demo_Bonds,6.024727745049283e-17
27,High volatility,Maximum Sharpe,Demo_Gold,0.0
27,High volatility,Maximum Sharpe,Demo_REITs,1.0
28,Low volatility,Equal weight,Demo_Equity_A,0.2
28,Low volatility,Equal weight,Demo_Equity_B,0.2
28,Low volatility,Equal weight,Demo_Bonds,0.2
28,Low volatility,Equal weight,Demo_Gold,0.2
28,Low volatility,Equal weight,Demo_REITs,0.2
28,Low volatility,Minimum volatility,Demo_Equity_A,0.06840523101508664
28,Low volatility,Minimum volatility,Demo_Equity_B,1.6773211077296258e-18
28,Low volatility,Minimum volatility,Demo_Bonds,0.807290704327361
28,Low volatility,Minimum volatility,Demo_Gold,0.12430406465755235
28,Low volatility,Minimum volatility,Demo_REITs,0.0
28,Low volatility,Maximum Sharpe,Demo_Equity_A,0.06239347321972845
28,Low volatility,Maximum Sharpe,Demo_Equity_B,0.23723800150244234
28,Low volatility,Maximum Sharpe,Demo_Bonds,6.22816073662388e-17
28,Low volatility,Maximum Sharpe,Demo_Gold,3.9822955713879304e-17
28,Low volatility,Maximum Sharpe,Demo_REITs,0.7003685252778291
29,Base,Equal weight,Demo_Equity_A,0.2
29,Base,Equal weight,Demo_Equity_B,0.2
29,Base,Equal weight,Demo_Bonds,0.2
29,Base,Equal weight,Demo_Gold,0.2
29,Base,Equal weight,Demo_REITs,0.2
29,Base,Minimum volatility,Demo_Equity_A,0.05069838052363155
29,Base,Minimum volatility,Demo_Equity_B,0.020892382654820716
29,Base,Minimum volatility,Demo_Bonds,0.7672952570084078
29,Base,Minimum volatility,Demo_Gold,0.14601310962412983
29,Base,Minimum volatility,Demo_REITs,0.015100870189010088
29,Base,Maximum Sharpe,Demo_Equity_A,0.0
29,Base,Maximum Sharpe,Demo_Equity_B,0.0
29,Base,Maximum Sharpe,Demo_Bonds,1.4642099993249418e-16
29,Base,Maximum Sharpe,Demo_Gold,0.32500735144205206
29,Base,Maximum Sharpe,Demo_REITs,0.6749926485579478
30,High volatility,Equal weight,Demo_Equity_A,0.2
30,High volatility,Equal weight,Demo_Equity_B,0.2
30,High volatility,Equal weight,Demo_Bonds,0.2
30,High volatility,Equal weight,Demo_Gold,0.2
30,High volatility,Equal weight,Demo_REITs,0.2
30,High volatility,Minimum volatility,Demo_Equity_A,0.05969805749171694
30,High volatility,Minimum volatility,Demo_Equity_B,0.02451557147342985
30,High volatility,Minimum volatility,Demo_Bonds,0.7854620498943505
30,High volatility,Minimum volatility,Demo_Gold,0.13032432114050257
30,High volatility,Minimum volatility,Demo_REITs,0.0
30,High volatility,Maximum Sharpe,Demo_Equity_A,1.7646147518642842e-15
30,High volatility,Maximum Sharpe,Demo_Equity_B,0.0
30,High volatility,Maximum Sharpe,Demo_Bonds,0.8432211013477413
30,High volatility,Maximum Sharpe,Demo_Gold,0.15677889865225692
30,High volatility,Maximum Sharpe,Demo_REITs,0.0
31,Low volatility,Equal weight,Demo_Equity_A,0.2
31,Low volatility,Equal weight,Demo_Equity_B,0.2
31,Low volatility,Equal weight,Demo_Bonds,0.2
31,Low volatility,Equal weight,Demo_Gold,0.2
31,Low volatility,Equal weight,Demo_REITs,0.2
31,Low volatility,Minimum volatility,Demo_Equity_A,0.055986077383757354
31,Low volatility,Minimum volatility,Demo_Equity_B,0.011519211287458331
31,Low volatility,Minimum volatility,Demo_Bonds,0.7941797460671944
31,Low volatility,Minimum volatility,Demo_Gold,0.13831496526158996
31,Low volatility,Minimum volatility,Demo_REITs,1.2437228062970555e-18
31,Low volatility,Maximum Sharpe,Demo_Equity_A,0.3766938076169097
31,Low volatility,Maximum Sharpe,Demo_Equity_B,0.0
31,Low volatility,Maximum Sharpe,Demo_Bonds,0.0
31,Low volatility,Maximum Sharpe,Demo_Gold,0.6233061923830903
31,Low volatility,Maximum Sharpe,Demo_REITs,3.49682432949551e-17
32,Base,Equal weight,Demo_Equity_A,0.2
32,Base,Equal weight,Demo_Equity_B,0.2
32,Base,Equal weight,Demo_Bonds,0.2
32,Base,Equal weight,Demo_Gold,0.2
32,Base,Equal weight,Demo_REITs,0.2
32,Base,Minimum volatility,Demo_Equity_A,0.05869300775445251
32,Base,Minimum volatility,Demo_Equity_B,0.009846429678380033
32,Base,Minimum volatility,Demo_Bonds,0.795102874906946
32,Base,Minimum volatility,Demo_Gold,0.1363576876602215
32,Base,Minimum volatility,Demo_REITs,5.479494059049616e-19
32,Base,Maximum Sharpe,Demo_Equity_A,0.0
32,Base,Maximum Sharpe,Demo_Equity_B,0.12686456268764698
32,Base,Maximum Sharpe,Demo_Bonds,0.8720228385832345
32,Base,Maximum Sharpe,Demo_Gold,0.0011125987291185039
32,Base,Maximum Sharpe,Demo_REITs,0.0
33,High volatility,Equal weight,Demo_Equity_A,0.2
33,High volatility,Equal weight,Demo_Equity_B,0.2
33,High volatility,Equal weight,Demo_Bonds,0.2
33,High volatility,Equal weight,Demo_Gold,0.2
33,High volatility,Equal weight,Demo_REITs,0.2
33,High volatility,Minimum volatility,Demo_Equity_A,0.0609649887479757
33,High volatility,Minimum volatility,Demo_Equity_B,0.0047456333450341635
33,High volatility,Minimum volatility,Demo_Bonds,0.800040705616309
33,High volatility,Minimum volatility,Demo_Gold,0.13424867229068096
33,High volatility,Minimum volatility,Demo_REITs,0.0
33,High volatility,Maximum Sharpe,Demo_Equity_A,2.4045851592734224e-15
33,High volatility,Maximum Sharpe,Demo_Equity_B,0.0
33,High volatility,Maximum Sharpe,Demo_Bonds,0.7844435996613398
33,High volatility,Maximum Sharpe,Demo_Gold,0.21555640033865783
33,High volatility,Maximum Sharpe,Demo_REITs,0.0
34,Low volatility,Equal weight,Demo_Equity_A,0.2
34,Low volatility,Equal weight,Demo_Equity_B,0.2
34,Low volatility,Equal weight,Demo_Bonds,0.2
34,Low volatility,Equal weight,Demo_Gold,0.2
34,Low volatility,Equal weight,Demo_REITs,0.2
34,Low volatility,Minimum volatility,Demo_Equity_A,0.06591013731173608
34,Low volatility,Minimum volatility,Demo_Equity_B,0.009884094121939135
34,Low volatility,Minimum volatility,Demo_Bonds,0.8007710104552539
34,Low volatility,Minimum volatility,Demo_Gold,0.12343475811107076
34,Low volatility,Minimum volatility,Demo_REITs,0.0
34,Low volatility,Maximum Sharpe,Demo_Equity_A,0.9999999999999996
34,Low volatility,Maximum Sharpe,Demo_Equity_B,6.875262378423339e-17
34,Low volatility,Maximum Sharpe,Demo_Bonds,4.3021142204224816e-16
34,Low volatility,Maximum Sharpe,Demo_Gold,0.0
34,Low volatility,Maximum Sharpe,Demo_REITs,7.376709831255038e-17
35,Base,Equal weight,Demo_Equity_A,0.2
35,Base,Equal weight,Demo_Equity_B,0.2
35,Base,Equal weight,Demo_Bonds,0.2
35,Base,Equal weight,Demo_Gold,0.2
35,Base,Equal weight,Demo_REITs,0.2
35,Base,Minimum volatility,Demo_Equity_A,0.07308459964752186
35,Base,Minimum volatility,Demo_Equity_B,0.011113209506877938
35,Base,Minimum volatility,Demo_Bonds,0.7877799577674154
35,Base,Minimum volatility,Demo_Gold,0.1261744343005537
35,Base,Minimum volatility,Demo_REITs,0.0018477987776312152
35,Base,Maximum Sharpe,Demo_Equity_A,0.7492247874144439
35,Base,Maximum Sharpe,Demo_Equity_B,0.24134371066267402
35,Base,Maximum Sharpe,Demo_Bonds,6.170131823624096e-17
35,Base,Maximum Sharpe,Demo_Gold,0.009431501922882012
35,Base,Maximum Sharpe,Demo_REITs,0.0
36,High volatility,Equal weight,Demo_Equity_A,0.2
36,High volatility,Equal weight,Demo_Equity_B,0.2
36,High volatility,Equal weight,Demo_Bonds,0.2
36,High volatility,Equal weight,Demo_Gold,0.2
36,High volatility,Equal weight,Demo_REITs,0.2
36,High volatility,Minimum volatility,Demo_Equity_A,0.06444257081580873
36,High volatility,Minimum volatility,Demo_Equity_B,0.014742824368001617
36,High volatility,Minimum volatility,Demo_Bonds,0.8140050446924821
36,High volatility,Minimum volatility,Demo_Gold,0.10680956012370735
36,High volatility,Minimum volatility,Demo_REITs,0.0
36,High volatility,Maximum Sharpe,Demo_Equity_A,0.6106020352543355
36,High volatility,Maximum Sharpe,Demo_Equity_B,0.05377739296015959
36,High volatility,Maximum Sharpe,Demo_Bonds,1.228693172848896e-16
36,High volatility,Maximum Sharpe,Demo_Gold,8.280284921306452e-17
36,High volatility,Maximum Sharpe,Demo_REITs,0.33562057178550464
37,Low volatility,Equal weight,Demo_Equity_A,0.2
37,Low volatility,Equal weight,Demo_Equity_B,0.2
37,Low volatility,Equal weight,Demo_Bonds,0.2
37,Low volatility,Equal weight,Demo_Gold,0.2
37,Low volatility,Equal weight,Demo_REITs,0.2
37,Low volatility,Minimum volatility,Demo_Equity_A,0.0681265431886954
37,Low volatility,Minimum volatility,Demo_Equity_B,0.012938116486319226
37,Low volatility,Minimum volatility,Demo_Bonds,0.7857358357428492
37,Low volatility,Minimum volatility,Demo_Gold,0.12752046013032484
37,Low volatility,Minimum volatility,Demo_REITs,0.005679044451811432
37,Low volatility,Maximum Sharpe,Demo_Equity_A,0.0
37,Low volatility,Maximum Sharpe,Demo_Equity_B,0.569322373859869
37,Low volatility,Maximum Sharpe,Demo_Bonds,0.0
37,Low volatility,Maximum Sharpe,Demo_Gold,8.503302847756011e-18
37,Low volatility,Maximum Sharpe,Demo_REITs,0.4306776261401311
38,Base,Equal weight,Demo_Equity_A,0.2
38,Base,Equal weight,Demo_Equity_B,0.2
38,Base,Equal weight,Demo_Bonds,0.2
38,Base,Equal weight,Demo_Gold,0.2
38,Base,Equal weight,Demo_REITs,0.2
38,Base,Minimum volatility,Demo_Equity_A,0.08078520040378712
38,Base,Minimum volatility,Demo_Equity_B,0.014251542201551741
38,Base,Minimum volatility,Demo_Bonds,0.7736479147081561
38,Base,Minimum volatility,Demo_Gold,0.131315342686505
38,Base,Minimum volatility,Demo_REITs,5.884020466093546e-20
38,Base,Maximum Sharpe,Demo_Equity_A,0.0
38,Base,Maximum Sharpe,Demo_Equity_B,0.0
38,Base,Maximum Sharpe,Demo_Bonds,1.0
38,Base,Maximum Sharpe,Demo_Gold,0.0
38,Base,Maximum Sharpe,Demo_REITs,0.0
39,High volatility,Equal weight,Demo_Equity_A,0.2
39,High volatility,Equal weight,Demo_Equity_B,0.2
39,High volatility,Equal weight,Demo_Bonds,0.2
39,High volatility,Equal weight,Demo_Gold,0.2
39,High volatility,Equal weight,Demo_REITs,0.2
39,High volatility,Minimum volatility,Demo_Equity_A,0.04381211240428771
39,High volatility,Minimum volatility,Demo_Equity_B,0.025066538401306095
39,High volatility,Minimum volatility,Demo_Bonds,0.7882107603542784
39,High volatility,Minimum volatility,Demo_Gold,0.14291058884012783
39,High volatility,Minimum volatility,Demo_REITs,3.8491300549028617e-19
39,High volatility,Maximum Sharpe,Demo_Equity_A,0.07986456371854372
39,High volatility,Maximum Sharpe,Demo_Equity_B,0.0
39,High volatility,Maximum Sharpe,Demo_Bonds,1.0839138403936916e-16
39,High volatility,Maximum Sharpe,Demo_Gold,0.9201354362814559
39,High volatility,Maximum Sharpe,Demo_REITs,1.5458754608417822e-16
40,Low volatility,Equal weight,Demo_Equity_A,0.2
40,Low volatility,Equal weight,Demo_Equity_B,0.2
40,Low volatility,Equal weight,Demo_Bonds,0.2
40,Low volatility,Equal weight,Demo_Gold,0.2
40,Low volatility,Equal weight,Demo_REITs,0.2
40,Low volatility,Minimum volatility,Demo_Equity_A,0.07673571760462275
40,Low volatility,Minimum volatility,Demo_Equity_B,0.0030157019549789444
40,Low volatility,Minimum volatility,Demo_Bonds,0.7962184022574632
40,Low volatility,Minimum volatility,Demo_Gold,0.12403017818293521
40,Low volatility,Minimum volatility,Demo_REITs,1.8534664468194675e-18
40,Low volatility,Maximum Sharpe,Demo_Equity_A,0.8224706384946401
40,Low volatility,Maximum Sharpe,Demo_Equity_B,0.0
40,Low volatility,Maximum Sharpe,Demo_Bonds,1.4368812187631374e-17
40,Low volatility,Maximum Sharpe,Demo_Gold,0.17752936150536
40,Low volatility,Maximum Sharpe,Demo_REITs,0.0
41,Base,Equal weight,Demo_Equity_A,0.2
41,Base,Equal weight,Demo_Equity_B,0.2
41,Base,Equal weight,Demo_Bonds,0.2
41,Base,Equal weight,Demo_Gold,0.2
41,Base,Equal weight,Demo_REITs,0.2
41,Base,Minimum volatility,Demo_Equity_A,0.05621006527913691
41,Base,Minimum volatility,Demo_Equity_B,0.020387024726472573
41,Base,Minimum volatility,Demo_Bonds,0.7860728906279553
41,Base,Minimum volatility,Demo_Gold,0.13733001936643527
41,Base,Minimum volatility,Demo_REITs,0.0
41,Base,Maximum Sharpe,Demo_Equity_A,0.39897678872889775
41,Base,Maximum Sharpe,Demo_Equity_B,0.0
41,Base,Maximum Sharpe,Demo_Bonds,0.6010232112711021
41,Base,Maximum Sharpe,Demo_Gold,3.2728990812884556e-17
41,Base,Maximum Sharpe,Demo_REITs,1.495391407093186e-16
42,High volatility,Equal weight,Demo_Equity_A,0.2
42,High volatility,Equal weight,Demo_Equity_B,0.2
42,High volatility,Equal weight,Demo_Bonds,0.2
42,High volatility,Equal weight,Demo_Gold,0.2
42,High volatility,Equal weight,Demo_REITs,0.2
42,High volatility,Minimum volatility,Demo_Equity_A,0.07524898846924626
42,High volatility,Minimum volatility,Demo_Equity_B,0.012646445075283116
42,High volatility,Minimum volatility,Demo_Bonds,0.7998791334014181
42,High volatility,Minimum volatility,Demo_Gold,0.11026279810055784
42,High volatility,Minimum volatility,Demo_REITs,0.001962634953494646
42,High volatility,Maximum Sharpe,Demo_Equity_A,0.3769286285479537
42,High volatility,Maximum Sharpe,Demo_Equity_B,0.0
42,High volatility,Maximum Sharpe,Demo_Bonds,0.5448397610848424
42,High volatility,Maximum Sharpe,Demo_Gold,0.0
42,High volatility,Maximum Sharpe,Demo_REITs,0.07823161036720397
43,Low volatility,Equal weight,Demo_Equity_A,0.2
43,Low volatility,Equal weight,Demo_Equity_B,0.2
43,Low volatility,Equal weight,Demo_Bonds,0.2
43,Low volatility,Equal weight,Demo_Gold,0.2
43,Low volatility,Equal weight,Demo_REITs,0.2
43,Low volatility,Minimum volatility,Demo_Equity_A,0.061517067187737064
43,Low volatility,Minimum volatility,Demo_Equity_B,0.0177306851135558
43,Low volatility,Minimum volatility,Demo_Bonds,0.7898029163988826
43,Low volatility,Minimum volatility,Demo_Gold,0.13094933129982453
43,Low volatility,Minimum volatility,Demo_REITs,0.0
43,Low volatility,Maximum Sharpe,Demo_Equity_A,0.04550122398390925
43,Low volatility,Maximum Sharpe,Demo_Equity_B,7.173317754281177e-16
43,Low volatility,Maximum Sharpe,Demo_Bonds,0.7331215460168666
43,Low volatility,Maximum Sharpe,Demo_Gold,0.22137722999922335
43,Low volatility,Maximum Sharpe,Demo_REITs,0.0
44,Base,Equal weight,Demo_Equity_A,0.2
44,Base,Equal weight,Demo_Equity_B,0.2
44,Base,Equal weight,Demo_Bonds,0.2
44,Base,Equal weight,Demo_Gold,0.2
44,Base,Equal weight,Demo_REITs,0.2
44,Base,Minimum volatility,Demo_Equity_A,0.06411992043982945
44,Base,Minimum volatility,Demo_Equity_B,0.012166826921762507
44,Base,Minimum volatility,Demo_Bonds,0.8047731057742825
44,Base,Minimum volatility,Demo_Gold,0.11894014686412559
44,Base,Minimum volatility,Demo_REITs,1.842372155467001e-19
44,Base,Maximum Sharpe,Demo_Equity_A,0.0
44,Base,Maximum Sharpe,Demo_Equity_B,5.590721095316144e-17
44,Base,Maximum Sharpe,Demo_Bonds,0.4186099630991782
44,Base,Maximum Sharpe,Demo_Gold,0.0
44,Base,Maximum Sharpe,Demo_REITs,0.5813900369008217
45,High volatility,Equal weight,Demo_Equity_A,0.2
45,High volatility,Equal weight,Demo_Equity_B,0.2
45,High volatility,Equal weight,Demo_Bonds,0.2
45,High volatility,Equal weight,Demo_Gold,0.2
45,High volatility,Equal weight,Demo_REITs,0.2
45,High volatility,Minimum volatility,Demo_Equity_A,0.08679532988880528
45,High volatility,Minimum volatility,Demo_Equity_B,0.014279897545765736
45,High volatility,Minimum volatility,Demo_Bonds,0.7752245274105568
45,High volatility,Minimum volatility,Demo_Gold,0.12370024515487221
45,High volatility,Minimum volatility,Demo_REITs,2.2800579306112494e-19
45,High volatility,Maximum Sharpe,Demo_Equity_A,0.04175698683610876
45,High volatility,Maximum Sharpe,Demo_Equity_B,0.4834889144404159
45,High volatility,Maximum Sharpe,Demo_Bonds,0.0
45,High volatility,Maximum Sharpe,Demo_Gold,0.24518565521718355
45,High volatility,Maximum Sharpe,Demo_REITs,0.22956844350629174
46,Low volatility,Equal weight,Demo_Equity_A,0.2
46,Low volatility,Equal weight,Demo_Equity_B,0.2
46,Low volatility,Equal weight,Demo_Bonds,0.2
46,Low volatility,Equal weight,Demo_Gold,0.2
46,Low volatility,Equal weight,Demo_REITs,0.2
46,Low volatility,Minimum volatility,Demo_Equity_A,0.06837220455537722
46,Low volatility,Minimum volatility,Demo_Equity_B,0.015342047770103928
46,Low volatility,Minimum volatility,Demo_Bonds,0.7928187066214635
46,Low volatility,Minimum volatility,Demo_Gold,0.12346704105305537
46,Low volatility,Minimum volatility,Demo_REITs,0.0
46,Low volatility,Maximum Sharpe,Demo_Equity_A,0.23677170060151503
46,Low volatility,Maximum Sharpe,Demo_Equity_B,0.10460948864826869
46,Low volatility,Maximum Sharpe,Demo_Bonds,1.139848715231594e-16
46,Low volatility,Maximum Sharpe,Demo_Gold,0.3892267581835443
46,Low volatility,Maximum Sharpe,Demo_REITs,0.2693920525666719
47,Base,Equal weight,Demo_Equity_A,0.2
47,Base,Equal weight,Demo_Equity_B,0.2
47,Base,Equal weight,Demo_Bonds,0.2
47,Base,Equal weight,Demo_Gold,0.2
47,Base,Equal weight,Demo_REITs,0.2
47,Base,Minimum volatility,Demo_Equity_A,0.0799831574496552
47,Base,Minimum volatility,Demo_Equity_B,0.017843306904787144
47,Base,Minimum volatility,Demo_Bonds,0.7888616812625637
47,Base,Minimum volatility,Demo_Gold,0.11331185438299393
47,Base,Minimum volatility,Demo_REITs,0.0
47,Base,Maximum Sharpe,Demo_Equity_A,0.0
47,Base,Maximum Sharpe,Demo_Equity_B,1.4237410350282664e-15
47,Base,Maximum Sharpe,Demo_Bonds,0.9727711543418608
47,Base,Maximum Sharpe,Demo_Gold,0.027228845658137664
47,Base,Maximum Sharpe,Demo_REITs,0.0
48,High volatility,Equal weight,Demo_Equity_A,0.2
48,High volatility,Equal weight,Demo_Equity_B,0.2
48,High volatility,Equal weight,Demo_Bonds,0.2
48,High volatility,Equal weight,Demo_Gold,0.2
48,High volatility,Equal weight,Demo_REITs,0.2
48,High volatility,Minimum volatility,Demo_Equity_A,0.04795756725961053
48,High volatility,Minimum volatility,Demo_Equity_B,0.020936990939886
48,High volatility,Minimum volatility,Demo_Bonds,0.7971764736437489
48,High volatility,Minimum volatility,Demo_Gold,0.13073101137875925
48,High volatility,Minimum volatility,Demo_REITs,0.003197956777995375
48,High volatility,Maximum Sharpe,Demo_Equity_A,0.13933794245532008
48,High volatility,Maximum Sharpe,Demo_Equity_B,0.022014931807896664
48,High volatility,Maximum Sharpe,Demo_Bonds,0.6390869035402463
48,High volatility,Maximum Sharpe,Demo_Gold,0.16694535825883686
48,High volatility,Maximum Sharpe,Demo_REITs,0.03261486393770008
49,Low volatility,Equal weight,Demo_Equity_A,0.2
49,Low volatility,Equal weight,Demo_Equity_B,0.2
49,Low volatility,Equal weight,Demo_Bonds,0.2
49,Low volatility,Equal weight,Demo_Gold,0.2
49,Low volatility,Equal weight,Demo_REITs,0.2
49,Low volatility,Minimum volatility,Demo_Equity_A,0.05711430836298325
49,Low volatility,Minimum volatility,Demo_Equity_B,0.014088717248667606
49,Low volatility,Minimum volatility,Demo_Bonds,0.7962664485886788
49,Low volatility,Minimum volatility,Demo_Gold,0.13253052579967045
49,Low volatility,Minimum volatility,Demo_REITs,2.120337136134367e-18
49,Low volatility,Maximum Sharpe,Demo_Equity_A,0.2502444527301193
49,Low volatility,Maximum Sharpe,Demo_Equity_B,0.032209158272230295
49,Low volatility,Maximum Sharpe,Demo_Bonds,0.7175463889976493
49,Low volatility,Maximum Sharpe,Demo_Gold,3.5343316571283136e-16
49,Low volatility,Maximum Sharpe,Demo_REITs,7.434841368512242e-16
50,Base,Equal weight,Demo_Equity_A,0.2
50,Base,Equal weight,Demo_Equity_B,0.2
50,Base,Equal weight,Demo_Bonds,0.2
50,Base,Equal weight,Demo_Gold,0.2
50,Base,Equal weight,Demo_REITs,0.2
50,Base,Minimum volatility,Demo_Equity_A,0.07837490714952636
50,Base,Minimum volatility,Demo_Equity_B,0.009757728575674049
50,Base,Minimum volatility,Demo_Bonds,0.7804849842705052
50,Base,Minimum volatility,Demo_Gold,0.13070687746835818
50,Base,Minimum volatility,Demo_REITs,0.0006755025359363355
50,Base,Maximum Sharpe,Demo_Equity_A,0.0
50,Base,Maximum Sharpe,Demo_Equity_B,0.0
50,Base,Maximum Sharpe,Demo_Bonds,0.0
50,Base,Maximum Sharpe,Demo_Gold,1.0
50,Base,Maximum Sharpe,Demo_REITs,0.0
51,High volatility,Equal weight,Demo_Equity_A,0.2
51,High volatility,Equal weight,Demo_Equity_B,0.2
51,High volatility,Equal weight,Demo_Bonds,0.2
51,High volatility,Equal weight,Demo_Gold,0.2
51,High volatility,Equal weight,Demo_REITs,0.2
51,High volatility,Minimum volatility,Demo_Equity_A,0.07220040674521798
51,High volatility,Minimum volatility,Demo_Equity_B,0.008169682801763544
51,High volatility,Minimum volatility,Demo_Bonds,0.7884248766220271
51,High volatility,Minimum volatility,Demo_Gold,0.13120503383099133
51,High volatility,Minimum volatility,Demo_REITs,0.0
51,High volatility,Maximum Sharpe,Demo_Equity_A,0.36914329984883554
51,High volatility,Maximum Sharpe,Demo_Equity_B,0.0
51,High volatility,Maximum Sharpe,Demo_Bonds,1.9874167708234186e-14
51,High volatility,Maximum Sharpe,Demo_Gold,0.6308567001511447
51,High volatility,Maximum Sharpe,Demo_REITs,0.0
52,Low volatility,Equal weight,Demo_Equity_A,0.2
52,Low volatility,Equal weight,Demo_Equity_B,0.2
52,Low volatility,Equal weight,Demo_Bonds,0.2
52,Low volatility,Equal weight,Demo_Gold,0.2
52,Low volatility,Equal weight,Demo_REITs,0.2
52,Low volatility,Minimum volatility,Demo_Equity_A,0.05973022879118026
52,Low volatility,Minimum volatility,Demo_Equity_B,0.03181948867261266
52,Low volatility,Minimum volatility,Demo_Bonds,0.7582154215312539
52,Low volatility,Minimum volatility,Demo_Gold,0.15023486100495323
52,Low volatility,Minimum volatility,Demo_REITs,0.0
52,Low volatility,Maximum Sharpe,Demo_Equity_A,0.3722360578028108
52,Low volatility,Maximum Sharpe,Demo_Equity_B,6.217169601387882e-17
52,Low volatility,Maximum Sharpe,Demo_Bonds,0.06891679954446438
52,Low volatility,Maximum Sharpe,Demo_Gold,0.5588471426527247
52,Low volatility,Maximum Sharpe,Demo_REITs,4.904085890969551e-17
53,Base,Equal weight,Demo_Equity_A,0.2
53,Base,Equal weight,Demo_Equity_B,0.2
53,Base,Equal weight,Demo_Bonds,0.2
53,Base,Equal weight,Demo_Gold,0.2
53,Base,Equal weight,Demo_REITs,0.2
53,Base,Minimum volatility,Demo_Equity_A,0.0668446535913783
53,Base,Minimum volatility,Demo_Equity_B,0.0069317394197044545
53,Base,Minimum volatility,Demo_Bonds,0.7897224537429354
53,Base,Minimum volatility,Demo_Gold,0.13650115324598186
53,Base,Minimum volatility,Demo_REITs,0.0
53,Base,Maximum Sharpe,Demo_Equity_A,0.4642827398124233
53,Base,Maximum Sharpe,Demo_Equity_B,0.1757654111260968
53,Base,Maximum Sharpe,Demo_Bonds,0.3599518490614799
53,Base,Maximum Sharpe,Demo_Gold,3.225193352949153e-17
53,Base,Maximum Sharpe,Demo_REITs,0.0
54,High volatility,Equal weight,Demo_Equity_A,0.2
54,High volatility,Equal weight,Demo_Equity_B,0.2
54,High volatility,Equal weight,Demo_Bonds,0.2
54,High volatility,Equal weight,Demo_Gold,0.2
54,High volatility,Equal weight,Demo_REITs,0.2
54,High volatility,Minimum volatility,Demo_Equity_A,0.0808807583765732
54,High volatility,Minimum volatility,Demo_Equity_B,0.008477408165200847
54,High volatility,Minimum volatility,Demo_Bonds,0.7792622271951147
54,High volatility,Minimum volatility,Demo_Gold,0.13137960626311126
54,High volatility,Minimum volatility,Demo_REITs,2.4516751942056385e-20
54,High volatility,Maximum Sharpe,Demo_Equity_A,0.0
54,High volatility,Maximum Sharpe,Demo_Equity_B,0.0
54,High volatility,Maximum Sharpe,Demo_Bonds,0.0
54,High volatility,Maximum Sharpe,Demo_Gold,1.0
54,High volatility,Maximum Sharpe,Demo_REITs,0.0
55,Low volatility,Equal weight,Demo_Equity_A,0.2
55,Low volatility,Equal weight,Demo_Equity_B,0.2
55,Low volatility,Equal weight,Demo_Bonds,0.2
55,Low volatility,Equal weight,Demo_Gold,0.2
55,Low volatility,Equal weight,Demo_REITs,0.2
55,Low volatility,Minimum volatility,Demo_Equity_A,0.07531804595090247
55,Low volatility,Minimum volatility,Demo_Equity_B,0.00971351952562822
55,Low volatility,Minimum volatility,Demo_Bonds,0.7823640979900305
55,Low volatility,Minimum volatility,Demo_Gold,0.13260433653343887
55,Low volatility,Minimum volatility,Demo_REITs,0.0
55,Low volatility,Maximum Sharpe,Demo_Equity_A,1.1102230246251565e-16
55,Low volatility,Maximum Sharpe,Demo_Equity_B,1.0
55,Low volatility,Maximum Sharpe,Demo_Bonds,0.0
55,Low volatility,Maximum Sharpe,Demo_Gold,0.0
55,Low volatility,Maximum Sharpe,Demo_REITs,0.0
56,Base,Equal weight,Demo_Equity_A,0.2
56,Base,Equal weight,Demo_Equity_B,0.2
56,Base,Equal weight,Demo_Bonds,0.2
56,Base,Equal weight,Demo_Gold,0.2
56,Base,Equal weight,Demo_REITs,0.2
56,Base,Minimum volatility,Demo_Equity_A,0.06629453673139235
56,Base,Minimum volatility,Demo_Equity_B,0.006761836952784306
56,Base,Minimum volatility,Demo_Bonds,0.766780525746171
56,Base,Minimum volatility,Demo_Gold,0.14747637722492146
56,Base,Minimum volatility,Demo_REITs,0.012686723344730998
56,Base,Maximum Sharpe,Demo_Equity_A,0.13094240759078069
56,Base,Maximum Sharpe,Demo_Equity_B,0.045483867600391206
56,Base,Maximum Sharpe,Demo_Bonds,0.3548622331992973
56,Base,Maximum Sharpe,Demo_Gold,0.3059682635475678
56,Base,Maximum Sharpe,Demo_REITs,0.1627432280619631
57,High volatility,Equal weight,Demo_Equity_A,0.2
57,High volatility,Equal weight,Demo_Equity_B,0.2
57,High volatility,Equal weight,Demo_Bonds,0.2
57,High volatility,Equal weight,Demo_Gold,0.2
57,High volatility,Equal weight,Demo_REITs,0.2
57,High volatility,Minimum volatility,Demo_Equity_A,0.07862973210487743
57,High volatility,Minimum volatility,Demo_Equity_B,0.014458754607916983
57,High volatility,Minimum volatility,Demo_Bonds,0.7896986316478611
57,High volatility,Minimum volatility,Demo_Gold,0.11589215959062694
57,High volatility,Minimum volatility,Demo_REITs,0.0013207220487175529
57,High volatility,Maximum Sharpe,Demo_Equity_A,0.44221879419308957
57,High volatility,Maximum Sharpe,Demo_Equity_B,2.9477357982465077e-16
57,High volatility,Maximum Sharpe,Demo_Bonds,0.0
57,High volatility,Maximum Sharpe,Demo_Gold,0.44887913640508076
57,High volatility,Maximum Sharpe,Demo_REITs,0.1089020694018295
58,Low volatility,Equal weight,Demo_Equity_A,0.2
58,Low volatility,Equal weight,Demo_Equity_B,0.2
58,Low volatility,Equal weight,Demo_Bonds,0.2
58,Low volatility,Equal weight,Demo_Gold,0.2
58,Low volatility,Equal weight,Demo_REITs,0.2
58,Low volatility,Minimum volatility,Demo_Equity_A,0.06916005650034275
58,Low volatility,Minimum volatility,Demo_Equity_B,0.024793297731475004
58,Low volatility,Minimum volatility,Demo_Bonds,0.777943121385986
58,Low volatility,Minimum volatility,Demo_Gold,0.1281035243821961
58,Low volatility,Minimum volatility,Demo_REITs,0.0
58,Low volatility,Maximum Sharpe,Demo_Equity_A,0.17635928820901048
58,Low volatility,Maximum Sharpe,Demo_Equity_B,3.490514088477514e-16
58,Low volatility,Maximum Sharpe,Demo_Bonds,0.8236407117909889
58,Low volatility,Maximum Sharpe,Demo_Gold,0.0
58,Low volatility,Maximum Sharpe,Demo_REITs,2.2844751585269144e-16
59,Base,Equal weight,Demo_Equity_A,0.2
59,Base,Equal weight,Demo_Equity_B,0.2
59,Base,Equal weight,Demo_Bonds,0.2
59,Base,Equal weight,Demo_Gold,0.2
59,Base,Equal weight,Demo_REITs,0.2
59,Base,Minimum volatility,Demo_Equity_A,0.055229074434705504
59,Base,Minimum volatility,Demo_Equity_B,0.023236833626333636
59,Base,Minimum volatility,Demo_Bonds,0.8018104899276619
59,Base,Minimum volatility,Demo_Gold,0.11508807982288281
59,Base,Minimum volatility,Demo_REITs,0.004635522188416172
59,Base,Maximum Sharpe,Demo_Equity_A,0.1303679966114854
59,Base,Maximum Sharpe,Demo_Equity_B,0.1792433687606839
59,Base,Maximum Sharpe,Demo_Bonds,2.317192184918399e-17
59,Base,Maximum Sharpe,Demo_Gold,0.37301353843531887
59,Base,Maximum Sharpe,Demo_REITs,0.31737509619251186
60,High volatility,Equal weight,Demo_Equity_A,0.2
60,High volatility,Equal weight,Demo_Equity_B,0.2
60,High volatility,Equal weight,Demo_Bonds,0.2
60,High volatility,Equal weight,Demo_Gold,0.2
60,High volatility,Equal weight,Demo_REITs,0.2
60,High volatility,Minimum volatility,Demo_Equity_A,0.06908464607426923
60,High volatility,Minimum volatility,Demo_Equity_B,0.009867048745874463
60,High volatility,Minimum volatility,Demo_Bonds,0.7862843990710915
60,High volatility,Minimum volatility,Demo_Gold,0.1286235619675297
60,High volatility,Minimum volatility,Demo_REITs,0.006140344141235188
60,High volatility,Maximum Sharpe,Demo_Equity_A,0.0
60,High volatility,Maximum Sharpe,Demo_Equity_B,5.5511151231257815e-17
60,High volatility,Maximum Sharpe,Demo_Bonds,6.667892641392982e-17
60,High volatility,Maximum Sharpe,Demo_Gold,6.537724539275583e-17
60,High volatility,Maximum Sharpe,Demo_REITs,0.9999999999999998
61,Low volatility,Equal weight,Demo_Equity_A,0.2
61,Low volatility,Equal weight,Demo_Equity_B,0.2
61,Low volatility,Equal weight,Demo_Bonds,0.2
61,Low volatility,Equal weight,Demo_Gold,0.2
61,Low volatility,Equal weight,Demo_REITs,0.2
61,Low volatility,Minimum volatility,Demo_Equity_A,0.07532118376801548
61,Low volatility,Minimum volatility,Demo_Equity_B,0.0
61,Low volatility,Minimum volatility,Demo_Bonds,0.7702514493500178
61,Low volatility,Minimum volatility,Demo_Gold,0.14145639347762878
61,Low volatility,Minimum volatility,Demo_REITs,0.012970973404338086
61,Low volatility,Maximum Sharpe,Demo_Equity_A,0.4358597713636475
61,Low volatility,Maximum Sharpe,Demo_Equity_B,0.3283881849382797
61,Low volatility,Maximum Sharpe,Demo_Bonds,0.0
61,Low volatility,Maximum Sharpe,Demo_Gold,0.2357520436980727
61,Low volatility,Maximum Sharpe,Demo_REITs,0.0
62,Base,Equal weight,Demo_Equity_A,0.2
62,Base,Equal weight,Demo_Equity_B,0.2
62,Base,Equal weight,Demo_Bonds,0.2
62,Base,Equal weight,Demo_Gold,0.2
62,Base,Equal weight,Demo_REITs,0.2
62,Base,Minimum volatility,Demo_Equity_A,0.04147778032529209
62,Base,Minimum volatility,Demo_Equity_B,0.025498845398627804
62,Base,Minimum volatility,Demo_Bonds,0.8082361363236064
62,Base,Minimum volatility,Demo_Gold,0.12478723795247378
62,Base,Minimum volatility,Demo_REITs,0.0
62,Base,Maximum Sharpe,Demo_Equity_A,0.0
62,Base,Maximum Sharpe,Demo_Equity_B,0.0
62,Base,Maximum Sharpe,Demo_Bonds,0.0
62,Base,Maximum Sharpe,Demo_Gold,0.6838300457883203
62,Base,Maximum Sharpe,Demo_REITs,0.31616995421167976
63,High volatility,Equal weight,Demo_Equity_A,0.2
63,High volatility,Equal weight,Demo_Equity_B,0.2
63,High volatility,Equal weight,Demo_Bonds,0.2
63,High volatility,Equal weight,Demo_Gold,0.2
63,High volatility,Equal weight,Demo_REITs,0.2
63,High volatility,Minimum volatility,Demo_Equity_A,0.05184628970418222
63,High volatility,Minimum volatility,Demo_Equity_B,0.016432636719031207
63,High volatility,Minimum volatility,Demo_Bonds,0.7825469381192703
63,High volatility,Minimum volatility,Demo_Gold,0.13494606411295765
63,High volatility,Minimum volatility,Demo_REITs,0.014228071344558673
63,High volatility,Maximum Sharpe,Demo_Equity_A,1.8581815782628828e-17
63,High volatility,Maximum Sharpe,Demo_Equity_B,0.1539766925568557
63,High volatility,Maximum Sharpe,Demo_Bonds,0.0
63,High volatility,Maximum Sharpe,Demo_Gold,5.571414616451001e-17
63,High volatility,Maximum Sharpe,Demo_REITs,0.8460233074431441
64,Low volatility,Equal weight,Demo_Equity_A,0.2
64,Low volatility,Equal weight,Demo_Equity_B,0.2
64,Low volatility,Equal weight,Demo_Bonds,0.2
64,Low volatility,Equal weight,Demo_Gold,0.2
64,Low volatility,Equal weight,Demo_REITs,0.2
64,Low volatility,Minimum volatility,Demo_Equity_A,0.06273506860639351
64,Low volatility,Minimum volatility,Demo_Equity_B,0.008640068663131342
64,Low volatility,Minimum volatility,Demo_Bonds,0.7844647523149665
64,Low volatility,Minimum volatility,Demo_Gold,0.12967376529275282
64,Low volatility,Minimum volatility,Demo_REITs,0.014486345122755952
64,Low volatility,Maximum Sharpe,Demo_Equity_A,2.4779076551873056e-16
64,Low volatility,Maximum Sharpe,Demo_Equity_B,0.017961830379141876
64,Low volatility,Maximum Sharpe,Demo_Bonds,0.9820381696208578
64,Low volatility,Maximum Sharpe,Demo_Gold,0.0
64,Low volatility,Maximum Sharpe,Demo_REITs,0.0
65,Base,Equal weight,Demo_Equity_A,0.2
65,Base,Equal weight,Demo_Equity_B,0.2
65,Base,Equal weight,Demo_Bonds,0.2
65,Base,Equal weight,Demo_Gold,0.2
65,Base,Equal weight,Demo_REITs,0.2
65,Base,Minimum volatility,Demo_Equity_A,0.06266400203270134
65,Base,Minimum volatility,Demo_Equity_B,0.017863195417852803
65,Base,Minimum volatility,Demo_Bonds,0.8028756956146926
65,Base,Minimum volatility,Demo_Gold,0.11659710693475328
65,Base,Minimum volatility,Demo_REITs,4.051393258424827e-18
65,Base,Maximum Sharpe,Demo_Equity_A,0.0
65,Base,Maximum Sharpe,Demo_Equity_B,0.3497320029567628
65,Base,Maximum Sharpe,Demo_Bonds,0.36640664611326623
65,Base,Maximum Sharpe,Demo_Gold,0.2172776858458592
65,Base,Maximum Sharpe,Demo_REITs,0.0665836650841118
66,High volatility,Equal weight,Demo_Equity_A,0.2
66,High volatility,Equal weight,Demo_Equity_B,0.2
66,High volatility,Equal weight,Demo_Bonds,0.2
66,High volatility,Equal weight,Demo_Gold,0.2
66,High volatility,Equal weight,Demo_REITs,0.2
66,High volatility,Minimum volatility,Demo_Equity_A,0.06987600640297188
66,High volatility,Minimum volatility,Demo_Equity_B,0.014004016304107487
66,High volatility,Minimum volatility,Demo_Bonds,0.7694532688051872
66,High volatility,Minimum volatility,Demo_Gold,0.14666670848773344
66,High volatility,Minimum volatility,Demo_REITs,2.721359465568265e-19
66,High volatility,Maximum Sharpe,Demo_Equity_A,0.36427252698884016
66,High volatility,Maximum Sharpe,Demo_Equity_B,0.0
66,High volatility,Maximum Sharpe,Demo_Bonds,0.3738851440429342
66,High volatility,Maximum Sharpe,Demo_Gold,0.2618423289682258
66,High volatility,Maximum Sharpe,Demo_REITs,0.0
67,Low volatility,Equal weight,Demo_Equity_A,0.2
67,Low volatility,Equal weight,Demo_Equity_B,0.2
67,Low volatility,Equal weight,Demo_Bonds,0.2
67,Low volatility,Equal weight,Demo_Gold,0.2
67,Low volatility,Equal weight,Demo_REITs,0.2
67,Low volatility,Minimum volatility,Demo_Equity_A,0.07078555403215848
67,Low volatility,Minimum volatility,Demo_Equity_B,0.015260309015270184
67,Low volatility,Minimum volatility,Demo_Bonds,0.7683134417887525
67,Low volatility,Minimum volatility,Demo_Gold,0.1456406951638188
67,Low volatility,Minimum volatility,Demo_REITs,1.0996347688574228e-19
67,Low volatility,Maximum Sharpe,Demo_Equity_A,0.6102833249186985
67,Low volatility,Maximum Sharpe,Demo_Equity_B,0.3897166750813013
67,Low volatility,Maximum Sharpe,Demo_Bonds,0.0
67,Low volatility,Maximum Sharpe,Demo_Gold,1.6212873815701396e-16
67,Low volatility,Maximum Sharpe,Demo_REITs,0.0
68,Base,Equal weight,Demo_Equity_A,0.2
68,Base,Equal weight,Demo_Equity_B,0.2
68,Base,Equal weight,Demo_Bonds,0.2
68,Base,Equal weight,Demo_Gold,0.2
68,Base,Equal weight,Demo_REITs,0.2
68,Base,Minimum volatility,Demo_Equity_A,0.061349810333805474
68,Base,Minimum volatility,Demo_Equity_B,0.0
68,Base,Minimum volatility,Demo_Bonds,0.8071596960277134
68,Base,Minimum volatility,Demo_Gold,0.13149049363848103
68,Base,Minimum volatility,Demo_REITs,1.6825726660598593e-18
68,Base,Maximum Sharpe,Demo_Equity_A,0.3324868575961396
68,Base,Maximum Sharpe,Demo_Equity_B,0.4336250467659735
68,Base,Maximum Sharpe,Demo_Bonds,0.0
68,Base,Maximum Sharpe,Demo_Gold,0.23388809563788684
68,Base,Maximum Sharpe,Demo_REITs,0.0
69,High volatility,Equal weight,Demo_Equity_A,0.2
69,High volatility,Equal weight,Demo_Equity_B,0.2
69,High volatility,Equal weight,Demo_Bonds,0.2
69,High volatility,Equal weight,Demo_Gold,0.2
69,High volatility,Equal weight,Demo_REITs,0.2
69,High volatility,Minimum volatility,Demo_Equity_A,0.07413911576783681
69,High volatility,Minimum volatility,Demo_Equity_B,0.0027393312088269247
69,High volatility,Minimum volatility,Demo_Bonds,0.79620377643699
69,High volatility,Minimum volatility,Demo_Gold,0.12691777658634637
69,High volatility,Minimum volatility,Demo_REITs,0.0
69,High volatility,Maximum Sharpe,Demo_Equity_A,0.0
69,High volatility,Maximum Sharpe,Demo_Equity_B,0.0
69,High volatility,Maximum Sharpe,Demo_Bonds,0.0
69,High volatility,Maximum Sharpe,Demo_Gold,3.160605659093159e-17
69,High volatility,Maximum Sharpe,Demo_REITs,1.0
70,Low volatility,Equal weight,Demo_Equity_A,0.2
70,Low volatility,Equal weight,Demo_Equity_B,0.2
70,Low volatility,Equal weight,Demo_Bonds,0.2
70,Low volatility,Equal weight,Demo_Gold,0.2
70,Low volatility,Equal weight,Demo_REITs,0.2
70,Low volatility,Minimum volatility,Demo_Equity_A,0.0755716036229315
70,Low volatility,Minimum volatility,Demo_Equity_B,0.016357969859875053
70,Low volatility,Minimum volatility,Demo_Bonds,0.7964284150706977
70,Low volatility,Minimum volatility,Demo_Gold,0.11164201144649573
70,Low volatility,Minimum volatility,Demo_REITs,3.754678806947334e-19
70,Low volatility,Maximum Sharpe,Demo_Equity_A,2.1280147066709086e-16
70,Low volatility,Maximum Sharpe,Demo_Equity_B,0.0
70,Low volatility,Maximum Sharpe,Demo_Bonds,0.0
70,Low volatility,Maximum Sharpe,Demo_Gold,0.9999999999999998
70,Low volatility,Maximum Sharpe,Demo_REITs,8.119893210117527e-17
71,Base,Equal weight,Demo_Equity_A,0.2
71,Base,Equal weight,Demo_Equity_B,0.2
71,Base,Equal weight,Demo_Bonds,0.2
71,Base,Equal weight,Demo_Gold,0.2
71,Base,Equal weight,Demo_REITs,0.2
71,Base,Minimum volatility,Demo_Equity_A,0.057401328426408126
71,Base,Minimum volatility,Demo_Equity_B,0.019711321465146293
71,Base,Minimum volatility,Demo_Bonds,0.7875967792032207
71,Base,Minimum volatility,Demo_Gold,0.135290570905225
71,Base,Minimum volatility,Demo_REITs,5.173034659773911e-19
71,Base,Maximum Sharpe,Demo_Equity_A,1.2420849199568676e-17
71,Base,Maximum Sharpe,Demo_Equity_B,0.0
71,Base,Maximum Sharpe,Demo_Bonds,0.4770581855991664
71,Base,Maximum Sharpe,Demo_Gold,0.3453870933857739
71,Base,Maximum Sharpe,Demo_REITs,0.17755472101505962
72,High volatility,Equal weight,Demo_Equity_A,0.2
72,High volatility,Equal weight,Demo_Equity_B,0.2
72,High volatility,Equal weight,Demo_Bonds,0.2
72,High volatility,Equal weight,Demo_Gold,0.2
72,High volatility,Equal weight,Demo_REITs,0.2
72,High volatility,Minimum volatility,Demo_Equity_A,0.06749337488052733
72,High volatility,Minimum volatility,Demo_Equity_B,0.002747133862853673
72,High volatility,Minimum volatility,Demo_Bonds,0.8006872256613098
72,High volatility,Minimum volatility,Demo_Gold,0.1290722655953092
72,High volatility,Minimum volatility,Demo_REITs,0.0
72,High volatility,Maximum Sharpe,Demo_Equity_A,0.0
72,High volatility,Maximum Sharpe,Demo_Equity_B,0.0
72,High volatility,Maximum Sharpe,Demo_Bonds,0.9338565797836749
72,High volatility,Maximum Sharpe,Demo_Gold,0.0
72,High volatility,Maximum Sharpe,Demo_REITs,0.06614342021632509
73,Low volatility,Equal weight,Demo_Equity_A,0.2
73,Low volatility,Equal weight,Demo_Equity_B,0.2
73,Low volatility,Equal weight,Demo_Bonds,0.2
73,Low volatility,Equal weight,Demo_Gold,0.2
73,Low volatility,Equal weight,Demo_REITs,0.2
73,Low volatility,Minimum volatility,Demo_Equity_A,0.08262035467919415
73,Low volatility,Minimum volatility,Demo_Equity_B,0.002014243160173215
73,Low volatility,Minimum volatility,Demo_Bonds,0.7889731015790191
73,Low volatility,Minimum volatility,Demo_Gold,0.12556863337234275
73,Low volatility,Minimum volatility,Demo_REITs,0.000823667209270802
73,Low volatility,Maximum Sharpe,Demo_Equity_A,0.21114350210451527
73,Low volatility,Maximum Sharpe,Demo_Equity_B,0.0
73,Low volatility,Maximum Sharpe,Demo_Bonds,0.7888564978954841
73,Low volatility,Maximum Sharpe,Demo_Gold,4.2117279039904094e-17
73,Low volatility,Maximum Sharpe,Demo_REITs,6.212679760180082e-16
74,Base,Equal weight,Demo_Equity_A,0.2
74,Base,Equal weight,Demo_Equity_B,0.2
74,Base,Equal weight,Demo_Bonds,0.2
74,Base,Equal weight,Demo_Gold,0.2
74,Base,Equal weight,Demo_REITs,0.2
74,Base,Minimum volatility,Demo_Equity_A,0.07355663335507599
74,Base,Minimum volatility,Demo_Equity_B,0.010494484012196745
74,Base,Minimum volatility,Demo_Bonds,0.7745871616211943
74,Base,Minimum volatility,Demo_Gold,0.14136172101153277
74,Base,Minimum volatility,Demo_REITs,0.0
74,Base,Maximum Sharpe,Demo_Equity_A,1.0
74,Base,Maximum Sharpe,Demo_Equity_B,0.0
74,Base,Maximum Sharpe,Demo_Bonds,0.0
74,Base,Maximum Sharpe,Demo_Gold,1.2223216760453055e-17
74,Base,Maximum Sharpe,Demo_REITs,0.0
75,High volatility,Equal weight,Demo_Equity_A,0.2
75,High volatility,Equal weight,Demo_Equity_B,0.2
75,High volatility,Equal weight,Demo_Bonds,0.2
75,High volatility,Equal weight,Demo_Gold,0.2
75,High volatility,Equal weight,Demo_REITs,0.2
75,High volatility,Minimum volatility,Demo_Equity_A,0.0704223564761264
75,High volatility,Minimum volatility,Demo_Equity_B,0.010442811341540244
75,High volatility,Minimum volatility,Demo_Bonds,0.7732298996606208
75,High volatility,Minimum volatility,Demo_Gold,0.14590493252171252
75,High volatility,Minimum volatility,Demo_REITs,3.1381442485832247e-19
75,High volatility,Maximum Sharpe,Demo_Equity_A,0.0555899671522639
75,High volatility,Maximum Sharpe,Demo_Equity_B,0.0
75,High volatility,Maximum Sharpe,Demo_Bonds,0.0
75,High volatility,Maximum Sharpe,Demo_Gold,0.9444100328477362
75,High volatility,Maximum Sharpe,Demo_REITs,6.951725013170105e-17
76,Low volatility,Equal weight,Demo_Equity_A,0.2
76,Low volatility,Equal weight,Demo_Equity_B,0.2
76,Low volatility,Equal weight,Demo_Bonds,0.2
76,Low volatility,Equal weight,Demo_Gold,0.2
76,Low volatility,Equal weight,Demo_REITs,0.2
76,Low volatility,Minimum volatility,Demo_Equity_A,0.08461584493040897
76,Low volatility,Minimum volatility,Demo_Equity_B,0.0
76,Low volatility,Minimum volatility,Demo_Bonds,0.7903741777397307
76,Low volatility,Minimum volatility,Demo_Gold,0.12500997732986033
76,Low volatility,Minimum volatility,Demo_REITs,0.0
76,Low volatility,Maximum Sharpe,Demo_Equity_A,0.15475226482025373
76,Low volatility,Maximum Sharpe,Demo_Equity_B,0.4366641359108216
76,Low volatility,Maximum Sharpe,Demo_Bonds,9.39286433626944e-18
76,Low volatility,Maximum Sharpe,Demo_Gold,0.37121124338487776
76,Low volatility,Maximum Sharpe,Demo_REITs,0.03737235588404689
77,Base,Equal weight,Demo_Equity_A,0.2
77,Base,Equal weight,Demo_Equity_B,0.2
77,Base,Equal weight,Demo_Bonds,0.2
77,Base,Equal weight,Demo_Gold,0.2
77,Base,Equal weight,Demo_REITs,0.2
77,Base,Minimum volatility,Demo_Equity_A,0.0969152921554231
77,Base,Minimum volatility,Demo_Equity_B,5.490723882568775e-20
77,Base,Minimum volatility,Demo_Bonds,0.7923268244792195
77,Base,Minimum volatility,Demo_Gold,0.11075788336535738
77,Base,Minimum volatility,Demo_REITs,0.0
77,Base,Maximum Sharpe,Demo_Equity_A,0.7681093377171402
77,Base,Maximum Sharpe,Demo_Equity_B,0.23189066228285968
77,Base,Maximum Sharpe,Demo_Bonds,0.0
77,Base,Maximum Sharpe,Demo_Gold,0.0
77,Base,Maximum Sharpe,Demo_REITs,9.195859892324505e-17
78,High volatility,Equal weight,Demo_Equity_A,0.2
78,High volatility,Equal weight,Demo_Equity_B,0.2
78,High volatility,Equal weight,Demo_Bonds,0.2
78,High volatility,Equal weight,Demo_Gold,0.2
78,High volatility,Equal weight,Demo_REITs,0.2
78,High volatility,Minimum volatility,Demo_Equity_A,0.06042463821097636
78,High volatility,Minimum volatility,Demo_Equity_B,0.017169179970004715
78,High volatility,Minimum volatility,Demo_Bonds,0.7976735718257774
78,High volatility,Minimum volatility,Demo_Gold,0.12473260999324158
78,High volatility,Minimum volatility,Demo_REITs,8.75248044331415e-19
78,High volatility,Maximum Sharpe,Demo_Equity_A,0.07008353494605593
78,High volatility,Maximum Sharpe,Demo_Equity_B,0.0
78,High volatility,Maximum Sharpe,Demo_Bonds,0.7918766085619906
78,High volatility,Maximum Sharpe,Demo_Gold,0.13760635661357384
78,High volatility,Maximum Sharpe,Demo_REITs,0.00043349987837979387
79,Low volatility,Equal weight,Demo_Equity_A,0.2
79,Low volatility,Equal weight,Demo_Equity_B,0.2
79,Low volatility,Equal weight,Demo_Bonds,0.2
79,Low volatility,Equal weight,Demo_Gold,0.2
79,Low volatility,Equal weight,Demo_REITs,0.2
79,Low volatility,Minimum volatility,Demo_Equity_A,0.07006605807030054
79,Low volatility,Minimum volatility,Demo_Equity_B,0.004078543604200513
79,Low volatility,Minimum volatility,Demo_Bonds,0.8008141380644218
79,Low volatility,Minimum volatility,Demo_Gold,0.12504126026107726
79,Low volatility,Minimum volatility,Demo_REITs,0.0
79,Low volatility,Maximum Sharpe,Demo_Equity_A,0.1854635496628099
79,Low volatility,Maximum Sharpe,Demo_Equity_B,4.378190078957227e-16
79,Low volatility,Maximum Sharpe,Demo_Bonds,0.3530074671360331
79,Low volatility,Maximum Sharpe,Demo_Gold,0.39981712468404484
79,Low volatility,Maximum Sharpe,Demo_REITs,0.061711858517111744
80,Base,Equal weight,Demo_Equity_A,0.2
80,Base,Equal weight,Demo_Equity_B,0.2
80,Base,Equal weight,Demo_Bonds,0.2
80,Base,Equal weight,Demo_Gold,0.2
80,Base,Equal weight,Demo_REITs,0.2
80,Base,Minimum volatility,Demo_Equity_A,0.0718773356211026
80,Base,Minimum volatility,Demo_Equity_B,0.017278306966782096
80,Base,Minimum volatility,Demo_Bonds,0.7807401425111395
80,Base,Minimum volatility,Demo_Gold,0.1301042149009758
80,Base,Minimum volatility,Demo_REITs,2.0704397015066668e-18
80,Base,Maximum Sharpe,Demo_Equity_A,0.0
80,Base,Maximum Sharpe,Demo_Equity_B,1.7021249738875316e-16
80,Base,Maximum Sharpe,Demo_Bonds,0.0
80,Base,Maximum Sharpe,Demo_Gold,0.9115008578857766
80,Base,Maximum Sharpe,Demo_REITs,0.08849914211422313
81,High volatility,Equal weight,Demo_Equity_A,0.2
81,High volatility,Equal weight,Demo_Equity_B,0.2
81,High volatility,Equal weight,Demo_Bonds,0.2
81,High volatility,Equal weight,Demo_Gold,0.2
81,High volatility,Equal weight,Demo_REITs,0.2
81,High volatility,Minimum volatility,Demo_Equity_A,0.06797552715157529
81,High volatility,Minimum volatility,Demo_Equity_B,0.010380170451829335
81,High volatility,Minimum volatility,Demo_Bonds,0.7846709080765925
81,High volatility,Minimum volatility,Demo_Gold,0.13399864769297098
81,High volatility,Minimum volatility,Demo_REITs,0.0029747466270320594
81,High volatility,Maximum Sharpe,Demo_Equity_A,6.54175174392874e-17
81,High volatility,Maximum Sharpe,Demo_Equity_B,0.29725733897705614
81,High volatility,Maximum Sharpe,Demo_Bonds,0.0
81,High volatility,Maximum Sharpe,Demo_Gold,0.7027426610229439
81,High volatility,Maximum Sharpe,Demo_REITs,0.0
82,Low volatility,Equal weight,Demo_Equity_A,0.2
82,Low volatility,Equal weight,Demo_Equity_B,0.2
82,Low volatility,Equal weight,Demo_Bonds,0.2
82,Low volatility,Equal weight,Demo_Gold,0.2
82,Low volatility,Equal weight,Demo_REITs,0.2
82,Low volatility,Minimum volatility,Demo_Equity_A,0.050137745164962826
82,Low volatility,Minimum volatility,Demo_Equity_B,0.02653710018998976
82,Low volatility,Minimum volatility,Demo_Bonds,0.8006698785571725
82,Low volatility,Minimum volatility,Demo_Gold,0.12265527608787491
82,Low volatility,Minimum volatility,Demo_REITs,1.124151520799522e-19
82,Low volatility,Maximum Sharpe,Demo_Equity_A,0.503719954904212
82,Low volatility,Maximum Sharpe,Demo_Equity_B,8.631547113654249e-17
82,Low volatility,Maximum Sharpe,Demo_Bonds,0.3240516090583377
82,Low volatility,Maximum Sharpe,Demo_Gold,0.17222843603745008
82,Low volatility,Maximum Sharpe,Demo_REITs,1.4844590750894053e-16
83,Base,Equal weight,Demo_Equity_A,0.2
83,Base,Equal weight,Demo_Equity_B,0.2
83,Base,Equal weight,Demo_Bonds,0.2
83,Base,Equal weight,Demo_Gold,0.2
83,Base,Equal weight,Demo_REITs,0.2
83,Base,Minimum volatility,Demo_Equity_A,0.06252102209001903
83,Base,Minimum volatility,Demo_Equity_B,0.015197265972351744
83,Base,Minimum volatility,Demo_Bonds,0.7976089064322311
83,Base,Minimum volatility,Demo_Gold,0.11698577973292981
83,Base,Minimum volatility,Demo_REITs,0.0076870257724682345
83,Base,Maximum Sharpe,Demo_Equity_A,0.06297341811042509
83,Base,Maximum Sharpe,Demo_Equity_B,0.009391021201447908
83,Base,Maximum Sharpe,Demo_Bonds,0.3667558862932643
83,Base,Maximum Sharpe,Demo_Gold,0.5608796743948626
83,Base,Maximum Sharpe,Demo_REITs,0.0
84,High volatility,Equal weight,Demo_Equity_A,0.2
84,High volatility,Equal weight,Demo_Equity_B,0.2
84,High volatility,Equal weight,Demo_Bonds,0.2
84,High volatility,Equal weight,Demo_Gold,0.2
84,High volatility,Equal weight,Demo_REITs,0.2
84,High volatility,Minimum volatility,Demo_Equity_A,0.06968797324196174
84,High volatility,Minimum volatility,Demo_Equity_B,0.01478715236337936
84,High volatility,Minimum volatility,Demo_Bonds,0.7938365726308408
84,High volatility,Minimum volatility,Demo_Gold,0.11976192652846665
84,High volatility,Minimum volatility,Demo_REITs,0.001926375235351463
84,High volatility,Maximum Sharpe,Demo_Equity_A,0.0
84,High volatility,Maximum Sharpe,Demo_Equity_B,0.22076906543509114
84,High volatility,Maximum Sharpe,Demo_Bonds,0.7792309345649088
84,High volatility,Maximum Sharpe,Demo_Gold,0.0
84,High volatility,Maximum Sharpe,Demo_REITs,1.3045635542070775e-16
85,Low volatility,Equal weight,Demo_Equity_A,0.2
85,Low volatility,Equal weight,Demo_Equity_B,0.2
85,Low volatility,Equal weight,Demo_Bonds,0.2
85,Low volatility,Equal weight,Demo_Gold,0.2
85,Low volatility,Equal weight,Demo_REITs,0.2
85,Low volatility,Minimum volatility,Demo_Equity_A,0.07347209270219768
85,Low volatility,Minimum volatility,Demo_Equity_B,0.014923232079092845
85,Low volatility,Minimum volatility,Demo_Bonds,0.7648797475872
85,Low volatility,Minimum volatility,Demo_Gold,0.1467249276315095
85,Low volatility,Minimum volatility,Demo_REITs,3.159041931990112e-19
85,Low volatility,Maximum Sharpe,Demo_Equity_A,0.4838953034584815
85,Low volatility,Maximum Sharpe,Demo_Equity_B,2.5901263025947125e-16
85,Low volatility,Maximum Sharpe,Demo_Bonds,0.0
85,Low volatility,Maximum Sharpe,Demo_Gold,0.0
85,Low volatility,Maximum Sharpe,Demo_REITs,0.5161046965415184
86,Base,Equal weight,Demo_Equity_A,0.2
86,Base,Equal weight,Demo_Equity_B,0.2
86,Base,Equal weight,Demo_Bonds,0.2
86,Base,Equal weight,Demo_Gold,0.2
86,Base,Equal weight,Demo_REITs,0.2
86,Base,Minimum volatility,Demo_Equity_A,0.07253456194634213
86,Base,Minimum volatility,Demo_Equity_B,0.02347162942607452
86,Base,Minimum volatility,Demo_Bonds,0.7811159832812584
86,Base,Minimum volatility,Demo_Gold,0.122877825346325
86,Base,Minimum volatility,Demo_REITs,0.0
86,Base,Maximum Sharpe,Demo_Equity_A,6.399034417412773e-17
86,Base,Maximum Sharpe,Demo_Equity_B,0.0
86,Base,Maximum Sharpe,Demo_Bonds,0.0
86,Base,Maximum Sharpe,Demo_Gold,0.9999999999999997
86,Base,Maximum Sharpe,Demo_REITs,1.6653345369377346e-16
87,High volatility,Equal weight,Demo_Equity_A,0.2
87,High volatility,Equal weight,Demo_Equity_B,0.2
87,High volatility,Equal weight,Demo_Bonds,0.2
87,High volatility,Equal weight,Demo_Gold,0.2
87,High volatility,Equal weight,Demo_REITs,0.2
87,High volatility,Minimum volatility,Demo_Equity_A,0.04223432638066738
87,High volatility,Minimum volatility,Demo_Equity_B,0.03480587017467281
87,High volatility,Minimum volatility,Demo_Bonds,0.7945459508577973
87,High volatility,Minimum volatility,Demo_Gold,0.12841385258686253
87,High volatility,Minimum volatility,Demo_REITs,0.0
87,High volatility,Maximum Sharpe,Demo_Equity_A,0.0
87,High volatility,Maximum Sharpe,Demo_Equity_B,0.22918034427920245
87,High volatility,Maximum Sharpe,Demo_Bonds,0.3958234425533203
87,High volatility,Maximum Sharpe,Demo_Gold,0.37499621316747705
87,High volatility,Maximum Sharpe,Demo_REITs,1.916383066144958e-16
88,Low volatility,Equal weight,Demo_Equity_A,0.2
88,Low volatility,Equal weight,Demo_Equity_B,0.2
88,Low volatility,Equal weight,Demo_Bonds,0.2
88,Low volatility,Equal weight,Demo_Gold,0.2
88,Low volatility,Equal weight,Demo_REITs,0.2
88,Low volatility,Minimum volatility,Demo_Equity_A,0.06705498022802801
88,Low volatility,Minimum volatility,Demo_Equity_B,0.01578335720163025
88,Low volatility,Minimum volatility,Demo_Bonds,0.7752194277045339
88,Low volatility,Minimum volatility,Demo_Gold,0.14194223486580787
88,Low volatility,Minimum volatility,Demo_REITs,0.0
88,Low volatility,Maximum Sharpe,Demo_Equity_A,0.0
88,Low volatility,Maximum Sharpe,Demo_Equity_B,0.15474339890886982
88,Low volatility,Maximum Sharpe,Demo_Bonds,0.8452566010911301
88,Low volatility,Maximum Sharpe,Demo_Gold,0.0
88,Low volatility,Maximum Sharpe,Demo_REITs,0.0
89,Base,Equal weight,Demo_Equity_A,0.2
89,Base,Equal weight,Demo_Equity_B,0.2
89,Base,Equal weight,Demo_Bonds,0.2
89,Base,Equal weight,Demo_Gold,0.2
89,Base,Equal weight,Demo_REITs,0.2
89,Base,Minimum volatility,Demo_Equity_A,0.07722809195405804
89,Base,Minimum volatility,Demo_Equity_B,4.268066451930184e-18
89,Base,Minimum volatility,Demo_Bonds,0.7990783821414059
89,Base,Minimum volatility,Demo_Gold,0.12369352590453613
89,Base,Minimum volatility,Demo_REITs,4.903350388411289e-21
89,Base,Maximum Sharpe,Demo_Equity_A,0.2681931011317475
89,Base,Maximum Sharpe,Demo_Equity_B,1.343195375838255e-15
89,Base,Maximum Sharpe,Demo_Bonds,0.7318068988682493
89,Base,Maximum Sharpe,Demo_Gold,7.532730853604163e-16
89,Base,Maximum Sharpe,Demo_REITs,1.0718703791667364e-15
90,High volatility,Equal weight,Demo_Equity_A,0.2
90,High volatility,Equal weight,Demo_Equity_B,0.2
90,High volatility,Equal weight,Demo_Bonds,0.2
90,High volatility,Equal weight,Demo_Gold,0.2
90,High volatility,Equal weight,Demo_REITs,0.2
90,High volatility,Minimum volatility,Demo_Equity_A,0.07249718424305282
90,High volatility,Minimum volatility,Demo_Equity_B,0.013361533271198312
90,High volatility,Minimum volatility,Demo_Bonds,0.7926396433860544
90,High volatility,Minimum volatility,Demo_Gold,0.12150163909969447
90,High volatility,Minimum volatility,Demo_REITs,0.0
90,High volatility,Maximum Sharpe,Demo_Equity_A,0.0
90,High volatility,Maximum Sharpe,Demo_Equity_B,1.387778780781446e-17
90,High volatility,Maximum Sharpe,Demo_Bonds,1.4332265815656912e-16
90,High volatility,Maximum Sharpe,Demo_Gold,0.0
90,High volatility,Maximum Sharpe,Demo_REITs,0.9999999999999999
91,Low volatility,Equal weight,Demo_Equity_A,0.2
91,Low volatility,Equal weight,Demo_Equity_B,0.2
91,Low volatility,Equal weight,Demo_Bonds,0.2
91,Low volatility,Equal weight,Demo_Gold,0.2
91,Low volatility,Equal weight,Demo_REITs,0.2
91,Low volatility,Minimum volatility,Demo_Equity_A,0.07201575587682878
91,Low volatility,Minimum volatility,Demo_Equity_B,0.016397569422674247
91,Low volatility,Minimum volatility,Demo_Bonds,0.7981476057889607
91,Low volatility,Minimum volatility,Demo_Gold,0.11062382061085299
91,Low volatility,Minimum volatility,Demo_REITs,0.002815248300683355
91,Low volatility,Maximum Sharpe,Demo_Equity_A,0.12786706715114693
91,Low volatility,Maximum Sharpe,Demo_Equity_B,0.047040553880665366
91,Low volatility,Maximum Sharpe,Demo_Bonds,0.6307246164315904
91,Low volatility,Maximum Sharpe,Demo_Gold,0.19436776253659735
91,Low volatility,Maximum Sharpe,Demo_REITs,0.0
92,Base,Equal weight,Demo_Equity_A,0.2
92,Base,Equal weight,Demo_Equity_B,0.2
92,Base,Equal weight,Demo_Bonds,0.2
92,Base,Equal weight,Demo_Gold,0.2
92,Base,Equal weight,Demo_REITs,0.2
92,Base,Minimum volatility,Demo_Equity_A,0.08023027161129605
92,Base,Minimum volatility,Demo_Equity_B,0.009278165768414068
92,Base,Minimum volatility,Demo_Bonds,0.7908600939752264
92,Base,Minimum volatility,Demo_Gold,0.11963146864506352
92,Base,Minimum volatility,Demo_REITs,1.0284777439692678e-18
92,Base,Maximum Sharpe,Demo_Equity_A,0.2046188073789717
92,Base,Maximum Sharpe,Demo_Equity_B,0.32482565153349435
92,Base,Maximum Sharpe,Demo_Bonds,0.0
92,Base,Maximum Sharpe,Demo_Gold,0.4705555410875317
92,Base,Maximum Sharpe,Demo_REITs,2.2874787468515923e-15
93,High volatility,Equal weight,Demo_Equity_A,0.2
93,High volatility,Equal weight,Demo_Equity_B,0.2
93,High volatility,Equal weight,Demo_Bonds,0.2
93,High volatility,Equal weight,Demo_Gold,0.2
93,High volatility,Equal weight,Demo_REITs,0.2
93,High volatility,Minimum volatility,Demo_Equity_A,0.061576331895608315
93,High volatility,Minimum volatility,Demo_Equity_B,0.016793699572450672
93,High volatility,Minimum volatility,Demo_Bonds,0.793464426029211
93,High volatility,Minimum volatility,Demo_Gold,0.1281655425027301
93,High volatility,Minimum volatility,Demo_REITs,0.0
93,High volatility,Maximum Sharpe,Demo_Equity_A,0.0
93,High volatility,Maximum Sharpe,Demo_Equity_B,0.9999999999999999
93,High volatility,Maximum Sharpe,Demo_Bonds,1.35358691348628e-16
93,High volatility,Maximum Sharpe,Demo_Gold,0.0
93,High volatility,Maximum Sharpe,Demo_REITs,0.0
94,Low volatility,Equal weight,Demo_Equity_A,0.2
94,Low volatility,Equal weight,Demo_Equity_B,0.2
94,Low volatility,Equal weight,Demo_Bonds,0.2
94,Low volatility,Equal weight,Demo_Gold,0.2
94,Low volatility,Equal weight,Demo_REITs,0.2
94,Low volatility,Minimum volatility,Demo_Equity_A,0.07737638201867815
94,Low volatility,Minimum volatility,Demo_Equity_B,0.0044360751975106045
94,Low volatility,Minimum volatility,Demo_Bonds,0.7740201065275127
94,Low volatility,Minimum volatility,Demo_Gold,0.14416743625629835
94,Low volatility,Minimum volatility,Demo_REITs,3.0891107446991123e-19
94,Low volatility,Maximum Sharpe,Demo_Equity_A,0.07108511394349395
94,Low volatility,Maximum Sharpe,Demo_Equity_B,0.5250925688866778
94,Low volatility,Maximum Sharpe,Demo_Bonds,0.11401544956871346
94,Low volatility,Maximum Sharpe,Demo_Gold,0.28980686760111485
94,Low volatility,Maximum Sharpe,Demo_REITs,1.4232966228845075e-16
95,Base,Equal weight,Demo_Equity_A,0.2
95,Base,Equal weight,Demo_Equity_B,0.2
95,Base,Equal weight,Demo_Bonds,0.2
95,Base,Equal weight,Demo_Gold,0.2
95,Base,Equal weight,Demo_REITs,0.2
95,Base,Minimum volatility,Demo_Equity_A,0.06816896059559403
95,Base,Minimum volatility,Demo_Equity_B,0.0016381741020707675
95,Base,Minimum volatility,Demo_Bonds,0.8090143255872695
95,Base,Minimum volatility,Demo_Gold,0.1211785397150658
95,Base,Minimum volatility,Demo_REITs,0.0
95,Base,Maximum Sharpe,Demo_Equity_A,0.20180855602665754
95,Base,Maximum Sharpe,Demo_Equity_B,0.0
95,Base,Maximum Sharpe,Demo_Bonds,0.0
95,Base,Maximum Sharpe,Demo_Gold,0.0
95,Base,Maximum Sharpe,Demo_REITs,0.7981914439733424
96,High volatility,Equal weight,Demo_Equity_A,0.2
96,High volatility,Equal weight,Demo_Equity_B,0.2
96,High volatility,Equal weight,Demo_Bonds,0.2
96,High volatility,Equal weight,Demo_Gold,0.2
96,High volatility,Equal weight,Demo_REITs,0.2
96,High volatility,Minimum volatility,Demo_Equity_A,0.06483962536648286
96,High volatility,Minimum volatility,Demo_Equity_B,0.008529253803342792
96,High volatility,Minimum volatility,Demo_Bonds,0.7814073301195444
96,High volatility,Minimum volatility,Demo_Gold,0.14522379071062994
96,High volatility,Minimum volatility,Demo_REITs,0.0
96,High volatility,Maximum Sharpe,Demo_Equity_A,2.1216162823590526e-14
96,High volatility,Maximum Sharpe,Demo_Equity_B,0.043677207334130115
96,High volatility,Maximum Sharpe,Demo_Bonds,0.709027708197714
96,High volatility,Maximum Sharpe,Demo_Gold,0.24729508446813406
96,High volatility,Maximum Sharpe,Demo_REITs,6.531944162870591e-16
97,Low volatility,Equal weight,Demo_Equity_A,0.2
97,Low volatility,Equal weight,Demo_Equity_B,0.2
97,Low volatility,Equal weight,Demo_Bonds,0.2
97,Low volatility,Equal weight,Demo_Gold,0.2
97,Low volatility,Equal weight,Demo_REITs,0.2
97,Low volatility,Minimum volatility,Demo_Equity_A,0.058505890272298675
97,Low volatility,Minimum volatility,Demo_Equity_B,0.007473749459033292
97,Low volatility,Minimum volatility,Demo_Bonds,0.8080956690145826
97,Low volatility,Minimum volatility,Demo_Gold,0.1259246912540854
97,Low volatility,Minimum volatility,Demo_REITs,0.0
97,Low volatility,Maximum Sharpe,Demo_Equity_A,0.4323193213139813
97,Low volatility,Maximum Sharpe,Demo_Equity_B,0.0
97,Low volatility,Maximum Sharpe,Demo_Bonds,5.2833337953893047e-17
97,Low volatility,Maximum Sharpe,Demo_Gold,0.5676806786860187
97,Low volatility,Maximum Sharpe,Demo_REITs,0.0
98,Base,Equal weight,Demo_Equity_A,0.2
98,Base,Equal weight,Demo_Equity_B,0.2
98,Base,Equal weight,Demo_Bonds,0.2
98,Base,Equal weight,Demo_Gold,0.2
98,Base,Equal weight,Demo_REITs,0.2
98,Base,Minimum volatility,Demo_Equity_A,0.06156446832637354
98,Base,Minimum volatility,Demo_Equity_B,0.021284080750448586
98,Base,Minimum volatility,Demo_Bonds,0.7853806044420304
98,Base,Minimum volatility,Demo_Gold,0.1317708464811474
98,Base,Minimum volatility,Demo_REITs,7.232441822906651e-19
98,Base,Maximum Sharpe,Demo_Equity_A,0.2611755843354894
98,Base,Maximum Sharpe,Demo_Equity_B,0.021913558317619822
98,Base,Maximum Sharpe,Demo_Bonds,0.5066232601053987
98,Base,Maximum Sharpe,Demo_Gold,0.2102875972414921
98,Base,Maximum Sharpe,Demo_REITs,1.3265861246147104e-18
99,High volatility,Equal weight,Demo_Equity_A,0.2
99,High volatility,Equal weight,Demo_Equity_B,0.2
99,High volatility,Equal weight,Demo_Bonds,0.2
99,High volatility,Equal weight,Demo_Gold,0.2
99,High volatility,Equal weight,Demo_REITs,0.2
99,High volatility,Minimum volatility,Demo_Equity_A,0.06188260246342644
99,High volatility,Minimum volatility,Demo_Equity_B,0.0
99,High volatility,Minimum volatility,Demo_Bonds,0.7851002592805114
99,High volatility,Minimum volatility,Demo_Gold,0.13754451891882802
99,High volatility,Minimum volatility,Demo_REITs,0.015472619337234147
99,High volatility,Maximum Sharpe,Demo_Equity_A,0.44239178890620445
99,High volatility,Maximum Sharpe,Demo_Equity_B,0.0
99,High volatility,Maximum Sharpe,Demo_Bonds,1.897480837476617e-16
99,High volatility,Maximum Sharpe,Demo_Gold,0.21673626051431996
99,High volatility,Maximum Sharpe,Demo_REITs,0.34087195057947556
100,Low volatility,Equal weight,Demo_Equity_A,0.2
100,Low volatility,Equal weight,Demo_Equity_B,0.2
100,Low volatility,Equal weight,Demo_Bonds,0.2
100,Low volatility,Equal weight,Demo_Gold,0.2
100,Low volatility,Equal weight,Demo_REITs,0.2
100,Low volatility,Minimum volatility,Demo_Equity_A,0.057571848116664305
100,Low volatility,Minimum volatility,Demo_Equity_B,0.017187044789785312
100,Low volatility,Minimum volatility,Demo_Bonds,0.7934989442626126
100,Low volatility,Minimum volatility,Demo_Gold,0.12078401463391222
100,Low volatility,Minimum volatility,Demo_REITs,0.010958148197025584
100,Low volatility,Maximum Sharpe,Demo_Equity_A,0.20353236680346337
100,Low volatility,Maximum Sharpe,Demo_Equity_B,7.263433342771952e-17
100,Low volatility,Maximum Sharpe,Demo_Bonds,0.531015762698477
100,Low volatility,Maximum Sharpe,Demo_Gold,0.2286137165617198
100,Low volatility,Maximum Sharpe,Demo_REITs,0.03683815393633991
101,Base,Equal weight,Demo_Equity_A,0.2
101,Base,Equal weight,Demo_Equity_B,0.2
101,Base,Equal weight,Demo_Bonds,0.2
101,Base,Equal weight,Demo_Gold,0.2
101,Base,Equal weight,Demo_REITs,0.2
101,Base,Minimum volatility,Demo_Equity_A,0.05825179744672592
101,Base,Minimum volatility,Demo_Equity_B,0.00799573022961001
101,Base,Minimum volatility,Demo_Bonds,0.8029593894954642
101,Base,Minimum volatility,Demo_Gold,0.12453415210252934
101,Base,Minimum volatility,Demo_REITs,0.00625893072567052
101,Base,Maximum Sharpe,Demo_Equity_A,1.5178794560662552e-17
101,Base,Maximum Sharpe,Demo_Equity_B,0.0
101,Base,Maximum Sharpe,Demo_Bonds,0.7106379009612663
101,Base,Maximum Sharpe,Demo_Gold,0.0
101,Base,Maximum Sharpe,Demo_REITs,0.2893620990387336
102,High volatility,Equal weight,Demo_Equity_A,0.2
102,High volatility,Equal weight,Demo_Equity_B,0.2
102,High volatility,Equal weight,Demo_Bonds,0.2
102,High volatility,Equal weight,Demo_Gold,0.2
102,High volatility,Equal weight,Demo_REITs,0.2
102,High volatility,Minimum volatility,Demo_Equity_A,0.06869153889947424
102,High volatility,Minimum volatility,Demo_Equity_B,2.4545297735899694e-18
102,High volatility,Minimum volatility,Demo_Bonds,0.7987828007556222
102,High volatility,Minimum volatility,Demo_Gold,0.13252566034490348
102,High volatility,Minimum volatility,Demo_REITs,8.402925191015302e-19
102,High volatility,Maximum Sharpe,Demo_Equity_A,0.49292403452277506
102,High volatility,Maximum Sharpe,Demo_Equity_B,0.18627003574852502
102,High volatility,Maximum Sharpe,Demo_Bonds,0.32080592972869987
102,High volatility,Maximum Sharpe,Demo_Gold,3.5371627665704657e-17
102,High volatility,Maximum Sharpe,Demo_REITs,0.0
103,Low volatility,Equal weight,Demo_Equity_A,0.2
103,Low volatility,Equal weight,Demo_Equity_B,0.2
103,Low volatility,Equal weight,Demo_Bonds,0.2
103,Low volatility,Equal weight,Demo_Gold,0.2
103,Low volatility,Equal weight,Demo_REITs,0.2
103,Low volatility,Minimum volatility,Demo_Equity_A,0.06326810870361924
103,Low volatility,Minimum volatility,Demo_Equity_B,0.021605802397414876
103,Low volatility,Minimum volatility,Demo_Bonds,0.791382325694903
103,Low volatility,Minimum volatility,Demo_Gold,0.12374376320406297
103,Low volatility,Minimum volatility,Demo_REITs,0.0
103,Low volatility,Maximum Sharpe,Demo_Equity_A,0.1508041548203479
103,Low volatility,Maximum Sharpe,Demo_Equity_B,0.13337905918448445
103,Low volatility,Maximum Sharpe,Demo_Bonds,0.5293780787087103
103,Low volatility,Maximum Sharpe,Demo_Gold,0.18643870728645742
103,Low volatility,Maximum Sharpe,Demo_REITs,0.0
104,Base,Equal weight,Demo_Equity_A,0.2
104,Base,Equal weight,Demo_Equity_B,0.2
104,Base,Equal weight,Demo_Bonds,0.2
104,Base,Equal weight,Demo_Gold,0.2
104,Base,Equal weight,Demo_REITs,0.2
104,Base,Minimum volatility,Demo_Equity_A,0.07012998602181357
104,Base,Minimum volatility,Demo_Equity_B,0.0032167591266092626
104,Base,Minimum volatility,Demo_Bonds,0.7834995672263914
104,Base,Minimum volatility,Demo_Gold,0.14315368762518574
104,Base,Minimum volatility,Demo_REITs,1.3337113056478706e-18
104,Base,Maximum Sharpe,Demo_Equity_A,0.5232932598837398
104,Base,Maximum Sharpe,Demo_Equity_B,0.4767067401162602
104,Base,Maximum Sharpe,Demo_Bonds,8.700903841408723e-18
104,Base,Maximum Sharpe,Demo_Gold,0.0
104,Base,Maximum Sharpe,Demo_REITs,3.7400526215679564e-17
105,High volatility,Equal weight,Demo_Equity_A,0.2
105,High volatility,Equal weight,Demo_Equity_B,0.2
105,High volatility,Equal weight,Demo_Bonds,0.2
105,High volatility,Equal weight,Demo_Gold,0.2
105,High volatility,Equal weight,Demo_REITs,0.2
105,High volatility,Minimum volatility,Demo_Equity_A,0.06616714843076381
105,High volatility,Minimum volatility,Demo_Equity_B,0.026659968863025837
105,High volatility,Minimum volatility,Demo_Bonds,0.7892185051228844
105,High volatility,Minimum volatility,Demo_Gold,0.11795437758332597
105,High volatility,Minimum volatility,Demo_REITs,7.140504003123941e-20
105,High volatility,Maximum Sharpe,Demo_Equity_A,0.7241509880491926
105,High volatility,Maximum Sharpe,Demo_Equity_B,0.0
105,High volatility,Maximum Sharpe,Demo_Bonds,4.200438126578003e-18
105,High volatility,Maximum Sharpe,Demo_Gold,6.660304941669681e-17
105,High volatility,Maximum Sharpe,Demo_REITs,0.27584901195080735
106,Low volatility,Equal weight,Demo_Equity_A,0.2
106,Low volatility,Equal weight,Demo_Equity_B,0.2
106,Low volatility,Equal weight,Demo_Bonds,0.2
106,Low volatility,Equal weight,Demo_Gold,0.2
106,Low volatility,Equal weight,Demo_REITs,0.2
106,Low volatility,Minimum volatility,Demo_Equity_A,0.08933112434759811
106,Low volatility,Minimum volatility,Demo_Equity_B,0.0005192638400591414
106,Low volatility,Minimum volatility,Demo_Bonds,0.78325187060839
106,Low volatility,Minimum volatility,Demo_Gold,0.12689774120395284
106,Low volatility,Minimum volatility,Demo_REITs,7.432191598255914e-19
106,Low volatility,Maximum Sharpe,Demo_Equity_A,0.7191342699133147
106,Low volatility,Maximum Sharpe,Demo_Equity_B,0.0
106,Low volatility,Maximum Sharpe,Demo_Bonds,0.28086573008668514
106,Low volatility,Maximum Sharpe,Demo_Gold,0.0
106,Low volatility,Maximum Sharpe,Demo_REITs,1.513039257330327e-16
107,Base,Equal weight,Demo_Equity_A,0.2
107,Base,Equal weight,Demo_Equity_B,0.2
107,Base,Equal weight,Demo_Bonds,0.2
107,Base,Equal weight,Demo_Gold,0.2
107,Base,Equal weight,Demo_REITs,0.2
107,Base,Minimum volatility,Demo_Equity_A,0.07953991682102791
107,Base,Minimum volatility,Demo_Equity_B,0.014195911387536642
107,Base,Minimum volatility,Demo_Bonds,0.7630677803251921
107,Base,Minimum volatility,Demo_Gold,0.1431963914662435
107,Base,Minimum volatility,Demo_REITs,7.141609643486282e-19
107,Base,Maximum Sharpe,Demo_Equity_A,0.8160016262414514
107,Base,Maximum Sharpe,Demo_Equity_B,0.0
107,Base,Maximum Sharpe,Demo_Bonds,0.0
107,Base,Maximum Sharpe,Demo_Gold,0.1839983737585486
107,Base,Maximum Sharpe,Demo_REITs,0.0
108,High volatility,Equal weight,Demo_Equity_A,0.2
108,High volatility,Equal weight,Demo_Equity_B,0.2
108,High volatility,Equal weight,Demo_Bonds,0.2
108,High volatility,Equal weight,Demo_Gold,0.2
108,High volatility,Equal weight,Demo_REITs,0.2
108,High volatility,Minimum volatility,Demo_Equity_A,0.05891176987540519
108,High volatility,Minimum volatility,Demo_Equity_B,0.011623408109823492
108,High volatility,Minimum volatility,Demo_Bonds,0.799020188014986
108,High volatility,Minimum volatility,Demo_Gold,0.11912709619699151
108,High volatility,Minimum volatility,Demo_REITs,0.011317537802793659
108,High volatility,Maximum Sharpe,Demo_Equity_A,0.16945927929032753
108,High volatility,Maximum Sharpe,Demo_Equity_B,0.11041566315551726
108,High volatility,Maximum Sharpe,Demo_Bonds,0.7201250575541549
108,High volatility,Maximum Sharpe,Demo_Gold,5.593927179474106e-17
108,High volatility,Maximum Sharpe,Demo_REITs,2.803246522695096e-16
109,Low volatility,Equal weight,Demo_Equity_A,0.2
109,Low volatility,Equal weight,Demo_Equity_B,0.2
109,Low volatility,Equal weight,Demo_Bonds,0.2
109,Low volatility,Equal weight,Demo_Gold,0.2
109,Low volatility,Equal weight,Demo_REITs,0.2
109,Low volatility,Minimum volatility,Demo_Equity_A,0.05015090849807347
109,Low volatility,Minimum volatility,Demo_Equity_B,0.041642389418387785
109,Low volatility,Minimum volatility,Demo_Bonds,0.778953605080491
109,Low volatility,Minimum volatility,Demo_Gold,0.12925309700304782
109,Low volatility,Minimum volatility,Demo_REITs,0.0
109,Low volatility,Maximum Sharpe,Demo_Equity_A,0.5524678045000714
109,Low volatility,Maximum Sharpe,Demo_Equity_B,0.0
109,Low volatility,Maximum Sharpe,Demo_Bonds,0.44753219549992834
109,Low volatility,Maximum Sharpe,Demo_Gold,1.3877768610807772e-16
109,Low volatility,Maximum Sharpe,Demo_REITs,2.7049920289442927e-16
110,Base,Equal weight,Demo_Equity_A,0.2
110,Base,Equal weight,Demo_Equity_B,0.2
110,Base,Equal weight,Demo_Bonds,0.2
110,Base,Equal weight,Demo_Gold,0.2
110,Base,Equal weight,Demo_REITs,0.2
110,Base,Minimum volatility,Demo_Equity_A,0.06851536700837146
110,Base,Minimum volatility,Demo_Equity_B,0.009712004021392304
110,Base,Minimum volatility,Demo_Bonds,0.7808331703236073
110,Base,Minimum volatility,Demo_Gold,0.14093945864662893
110,Base,Minimum volatility,Demo_REITs,0.0
110,Base,Maximum Sharpe,Demo_Equity_A,0.6587606004636284
110,Base,Maximum Sharpe,Demo_Equity_B,0.0
110,Base,Maximum Sharpe,Demo_Bonds,0.10407939840835317
110,Base,Maximum Sharpe,Demo_Gold,0.23716000112801838
110,Base,Maximum Sharpe,Demo_REITs,0.0
111,High volatility,Equal weight,Demo_Equity_A,0.2
111,High volatility,Equal weight,Demo_Equity_B,0.2
111,High volatility,Equal weight,Demo_Bonds,0.2
111,High volatility,Equal weight,Demo_Gold,0.2
111,High volatility,Equal weight,Demo_REITs,0.2
111,High volatility,Minimum volatility,Demo_Equity_A,0.07495629846218077
111,High volatility,Minimum volatility,Demo_Equity_B,0.01977845645050503
111,High volatility,Minimum volatility,Demo_Bonds,0.7784197747886635
111,High volatility,Minimum volatility,Demo_Gold,0.12684547029865073
111,High volatility,Minimum volatility,Demo_REITs,1.3729381087551608e-19
111,High volatility,Maximum Sharpe,Demo_Equity_A,0.0
111,High volatility,Maximum Sharpe,Demo_Equity_B,3.9666996002417796e-17
111,High volatility,Maximum Sharpe,Demo_Bonds,1.8286846238762074e-17
111,High volatility,Maximum Sharpe,Demo_Gold,0.3810954397338888
111,High volatility,Maximum Sharpe,Demo_REITs,0.6189045602661112
112,Low volatility,Equal weight,Demo_Equity_A,0.2
112,Low volatility,Equal weight,Demo_Equity_B,0.2
112,Low volatility,Equal weight,Demo_Bonds,0.2
112,Low volatility,Equal weight,Demo_Gold,0.2
112,Low volatility,Equal weight,Demo_REITs,0.2
112,Low volatility,Minimum volatility,Demo_Equity_A,0.07110309615516086
112,Low volatility,Minimum volatility,Demo_Equity_B,0.003160023112911003
112,Low volatility,Minimum volatility,Demo_Bonds,0.779055483489483
112,Low volatility,Minimum volatility,Demo_Gold,0.1466813972424452
112,Low volatility,Minimum volatility,Demo_REITs,0.0
112,Low volatility,Maximum Sharpe,Demo_Equity_A,1.0
112,Low volatility,Maximum Sharpe,Demo_Equity_B,0.0
112,Low volatility,Maximum Sharpe,Demo_Bonds,0.0
112,Low volatility,Maximum Sharpe,Demo_Gold,0.0
112,Low volatility,Maximum Sharpe,Demo_REITs,0.0
113,Base,Equal weight,Demo_Equity_A,0.2
113,Base,Equal weight,Demo_Equity_B,0.2
113,Base,Equal weight,Demo_Bonds,0.2
113,Base,Equal weight,Demo_Gold,0.2
113,Base,Equal weight,Demo_REITs,0.2
113,Base,Minimum volatility,Demo_Equity_A,0.06276142628567521
113,Base,Minimum volatility,Demo_Equity_B,0.021241845052114943
113,Base,Minimum volatility,Demo_Bonds,0.8071233226281063
113,Base,Minimum volatility,Demo_Gold,0.10887340603410357
113,Base,Minimum volatility,Demo_REITs,0.0
113,Base,Maximum Sharpe,Demo_Equity_A,0.46118441357134965
113,Base,Maximum Sharpe,Demo_Equity_B,0.10567662157994176
113,Base,Maximum Sharpe,Demo_Bonds,0.0
113,Base,Maximum Sharpe,Demo_Gold,0.4331389648487086
113,Base,Maximum Sharpe,Demo_REITs,0.0
114,High volatility,Equal weight,Demo_Equity_A,0.2
114,High volatility,Equal weight,Demo_Equity_B,0.2
114,High volatility,Equal weight,Demo_Bonds,0.2
114,High volatility,Equal weight,Demo_Gold,0.2
114,High volatility,Equal weight,Demo_REITs,0.2
114,High volatility,Minimum volatility,Demo_Equity_A,0.0499848137058804
114,High volatility,Minimum volatility,Demo_Equity_B,0.014041082085928264
114,High volatility,Minimum volatility,Demo_Bonds,0.7708888902848307
114,High volatility,Minimum volatility,Demo_Gold,0.1538645652790954
114,High volatility,Minimum volatility,Demo_REITs,0.011220648644265287
114,High volatility,Maximum Sharpe,Demo_Equity_A,0.31997762173737115
114,High volatility,Maximum Sharpe,Demo_Equity_B,0.5915272117538343
114,High volatility,Maximum Sharpe,Demo_Bonds,9.608141953180027e-17
114,High volatility,Maximum Sharpe,Demo_Gold,0.08849516650879449
114,High volatility,Maximum Sharpe,Demo_REITs,0.0
115,Low volatility,Equal weight,Demo_Equity_A,0.2
115,Low volatility,Equal weight,Demo_Equity_B,0.2
115,Low volatility,Equal weight,Demo_Bonds,0.2
115,Low volatility,Equal weight,Demo_Gold,0.2
115,Low volatility,Equal weight,Demo_REITs,0.2
115,Low volatility,Minimum volatility,Demo_Equity_A,0.07849541869977379
115,Low volatility,Minimum volatility,Demo_Equity_B,0.003476689083229581
115,Low volatility,Minimum volatility,Demo_Bonds,0.7861553357949502
115,Low volatility,Minimum volatility,Demo_Gold,0.12362861246227086
115,Low volatility,Minimum volatility,Demo_REITs,0.008243943959775572
115,Low volatility,Maximum Sharpe,Demo_Equity_A,0.9999999999999996
115,Low volatility,Maximum Sharpe,Demo_Equity_B,0.0
115,Low volatility,Maximum Sharpe,Demo_Bonds,4.817139136377182e-16
115,Low volatility,Maximum Sharpe,Demo_Gold,0.0
115,Low volatility,Maximum Sharpe,Demo_REITs,0.0
116,Base,Equal weight,Demo_Equity_A,0.2
116,Base,Equal weight,Demo_Equity_B,0.2
116,Base,Equal weight,Demo_Bonds,0.2
116,Base,Equal weight,Demo_Gold,0.2
116,Base,Equal weight,Demo_REITs,0.2
116,Base,Minimum volatility,Demo_Equity_A,0.06848401207200222
116,Base,Minimum volatility,Demo_Equity_B,0.011685522217475321
116,Base,Minimum volatility,Demo_Bonds,0.7940918220237517
116,Base,Minimum volatility,Demo_Gold,0.12573864368677068
116,Base,Minimum volatility,Demo_REITs,2.25431534107209e-18
116,Base,Maximum Sharpe,Demo_Equity_A,3.032416494641078e-18
116,Base,Maximum Sharpe,Demo_Equity_B,0.5285911690850807
116,Base,Maximum Sharpe,Demo_Bonds,0.0
116,Base,Maximum Sharpe,Demo_Gold,0.21069072330973673
116,Base,Maximum Sharpe,Demo_REITs,0.26071810760518255
117,High volatility,Equal weight,Demo_Equity_A,0.2
117,High volatility,Equal weight,Demo_Equity_B,0.2
117,High volatility,Equal weight,Demo_Bonds,0.2
117,High volatility,Equal weight,Demo_Gold,0.2
117,High volatility,Equal weight,Demo_REITs,0.2
117,High volatility,Minimum volatility,Demo_Equity_A,0.07643278972771922
117,High volatility,Minimum volatility,Demo_Equity_B,0.010800552031212234
117,High volatility,Minimum volatility,Demo_Bonds,0.7652852183498839
117,High volatility,Minimum volatility,Demo_Gold,0.14748143989118465
117,High volatility,Minimum volatility,Demo_REITs,9.31636573798141e-19
117,High volatility,Maximum Sharpe,Demo_Equity_A,0.14659273920869648
117,High volatility,Maximum Sharpe,Demo_Equity_B,0.0
117,High volatility,Maximum Sharpe,Demo_Bonds,0.636439807451649
117,High volatility,Maximum Sharpe,Demo_Gold,2.26138982145124e-16
117,High volatility,Maximum Sharpe,Demo_REITs,0.2169674533396545
118,Low volatility,Equal weight,Demo_Equity_A,0.2
118,Low volatility,Equal weight,Demo_Equity_B,0.2
118,Low volatility,Equal weight,Demo_Bonds,0.2
118,Low volatility,Equal weight,Demo_Gold,0.2
118,Low volatility,Equal weight,Demo_REITs,0.2
118,Low volatility,Minimum volatility,Demo_Equity_A,0.0750148273241977
118,Low volatility,Minimum volatility,Demo_Equity_B,0.0
118,Low volatility,Minimum volatility,Demo_Bonds,0.7919458285677649
118,Low volatility,Minimum volatility,Demo_Gold,0.1330393441080374
118,Low volatility,Minimum volatility,Demo_REITs,0.0
118,Low volatility,Maximum Sharpe,Demo_Equity_A,0.33704578350240394
118,Low volatility,Maximum Sharpe,Demo_Equity_B,0.20246474761572691
118,Low volatility,Maximum Sharpe,Demo_Bonds,4.787363748412394e-17
118,Low volatility,Maximum Sharpe,Demo_Gold,0.4604894688818692
118,Low volatility,Maximum Sharpe,Demo_REITs,0.0
119,Base,Equal weight,Demo_Equity_A,0.2
119,Base,Equal weight,Demo_Equity_B,0.2
119,Base,Equal weight,Demo_Bonds,0.2
119,Base,Equal weight,Demo_Gold,0.2
119,Base,Equal weight,Demo_REITs,0.2
119,Base,Minimum volatility,Demo_Equity_A,0.09091757008728929
119,Base,Minimum volatility,Demo_Equity_B,0.007431354011369086
119,Base,Minimum volatility,Demo_Bonds,0.7836210656550676
119,Base,Minimum volatility,Demo_Gold,0.11803001024627402
119,Base,Minimum volatility,Demo_REITs,0.0
119,Base,Maximum Sharpe,Demo_Equity_A,0.04191854348755427
119,Base,Maximum Sharpe,Demo_Equity_B,0.07889798446337766
119,Base,Maximum Sharpe,Demo_Bonds,0.8791834720490679
119,Base,Maximum Sharpe,Demo_Gold,0.0
119,Base,Maximum Sharpe,Demo_REITs,2.1633399061713257e-16
120,High volatility,Equal weight,Demo_Equity_A,0.2
120,High volatility,Equal weight,Demo_Equity_B,0.2
120,High volatility,Equal weight,Demo_Bonds,0.2
120,High volatility,Equal weight,Demo_Gold,0.2
120,High volatility,Equal weight,Demo_REITs,0.2
120,High volatility,Minimum volatility,Demo_Equity_A,0.09339842425597406
120,High volatility,Minimum volatility,Demo_Equity_B,1.5475821088359395e-19
120,High volatility,Minimum volatility,Demo_Bonds,0.7950826759036943
120,High volatility,Minimum volatility,Demo_Gold,0.11016717435062612
120,High volatility,Minimum volatility,Demo_REITs,0.0013517254897056213
120,High volatility,Maximum Sharpe,Demo_Equity_A,0.6959073345311892
120,High volatility,Maximum Sharpe,Demo_Equity_B,0.15109158610042792
120,High volatility,Maximum Sharpe,Demo_Bonds,0.0
120,High volatility,Maximum Sharpe,Demo_Gold,0.15300107936838292
120,High volatility,Maximum Sharpe,Demo_REITs,1.0957171474510822e-16
121,Low volatility,Equal weight,Demo_Equity_A,0.2
121,Low volatility,Equal weight,Demo_Equity_B,0.2
121,Low volatility,Equal weight,Demo_Bonds,0.2
121,Low volatility,Equal weight,Demo_Gold,0.2
121,Low volatility,Equal weight,Demo_REITs,0.2
121,Low volatility,Minimum volatility,Demo_Equity_A,0.0603695773334623
121,Low volatility,Minimum volatility,Demo_Equity_B,0.013357253546991861
121,Low volatility,Minimum volatility,Demo_Bonds,0.8084358279375845
121,Low volatility,Minimum volatility,Demo_Gold,0.11783734118196137
121,Low volatility,Minimum volatility,Demo_REITs,4.1678478301495945e-20
121,Low volatility,Maximum Sharpe,Demo_Equity_A,0.0
121,Low volatility,Maximum Sharpe,Demo_Equity_B,0.9999999999999998
121,Low volatility,Maximum Sharpe,Demo_Bonds,4.364141202476936e-17
121,Low volatility,Maximum Sharpe,Demo_Gold,1.2845086394197471e-16
121,Low volatility,Maximum Sharpe,Demo_REITs,9.714451465470117e-17
122,Base,Equal weight,Demo_Equity_A,0.2
122,Base,Equal weight,Demo_Equity_B,0.2
122,Base,Equal weight,Demo_Bonds,0.2
122,Base,Equal weight,Demo_Gold,0.2
122,Base,Equal weight,Demo_REITs,0.2
122,Base,Minimum volatility,Demo_Equity_A,0.07174694945733204
122,Base,Minimum volatility,Demo_Equity_B,0.012329545572092362
122,Base,Minimum volatility,Demo_Bonds,0.769851882627077
122,Base,Minimum volatility,Demo_Gold,0.14607162234349855
122,Base,Minimum volatility,Demo_REITs,0.0
122,Base,Maximum Sharpe,Demo_Equity_A,0.5512618787579229
122,Base,Maximum Sharpe,Demo_Equity_B,1.040840497752148e-17
122,Base,Maximum Sharpe,Demo_Bonds,0.0
122,Base,Maximum Sharpe,Demo_Gold,0.44873812124207696
122,Base,Maximum Sharpe,Demo_REITs,1.7310216994792214e-16
123,High volatility,Equal weight,Demo_Equity_A,0.2
123,High volatility,Equal weight,Demo_Equity_B,0.2
123,High volatility,Equal weight,Demo_Bonds,0.2
123,High volatility,Equal weight,Demo_Gold,0.2
123,High volatility,Equal weight,Demo_REITs,0.2
123,High volatility,Minimum volatility,Demo_Equity_A,0.08007303007876165
123,High volatility,Minimum volatility,Demo_Equity_B,0.015135700525683405
123,High volatility,Minimum volatility,Demo_Bonds,0.7660353809862627
123,High volatility,Minimum volatility,Demo_Gold,0.1343025001668912
123,High volatility,Minimum volatility,Demo_REITs,0.004453388242401204
123,High volatility,Maximum Sharpe,Demo_Equity_A,1.365684531607892e-16
123,High volatility,Maximum Sharpe,Demo_Equity_B,0.4650699725226225
123,High volatility,Maximum Sharpe,Demo_Bonds,0.0
123,High volatility,Maximum Sharpe,Demo_Gold,0.5349300274773774
123,High volatility,Maximum Sharpe,Demo_REITs,6.8031270682231e-17
124,Low volatility,Equal weight,Demo_Equity_A,0.2
124,Low volatility,Equal weight,Demo_Equity_B,0.2
124,Low volatility,Equal weight,Demo_Bonds,0.2
124,Low volatility,Equal weight,Demo_Gold,0.2
124,Low volatility,Equal weight,Demo_REITs,0.2
124,Low volatility,Minimum volatility,Demo_Equity_A,0.06695826434275272
124,Low volatility,Minimum volatility,Demo_Equity_B,0.02288226699943216
124,Low volatility,Minimum volatility,Demo_Bonds,0.7834068745005932
124,Low volatility,Minimum volatility,Demo_Gold,0.12675259415722195
124,Low volatility,Minimum volatility,Demo_REITs,1.0685684778201482e-18
124,Low volatility,Maximum Sharpe,Demo_Equity_A,0.32944734679224613
124,Low volatility,Maximum Sharpe,Demo_Equity_B,0.0
124,Low volatility,Maximum Sharpe,Demo_Bonds,0.48442750199467677
124,Low volatility,Maximum Sharpe,Demo_Gold,0.17896290555733949
124,Low volatility,Maximum Sharpe,Demo_REITs,0.00716224565573759
125,Base,Equal weight,Demo_Equity_A,0.2
125,Base,Equal weight,Demo_Equity_B,0.2
125,Base,Equal weight,Demo_Bonds,0.2
125,Base,Equal weight,Demo_Gold,0.2
125,Base,Equal weight,Demo_REITs,0.2
125,Base,Minimum volatility,Demo_Equity_A,0.07867950553940505
125,Base,Minimum volatility,Demo_Equity_B,0.014297914544790517
125,Base,Minimum volatility,Demo_Bonds,0.7643446140418366
125,Base,Minimum volatility,Demo_Gold,0.14267796587396783
125,Base,Minimum volatility,Demo_REITs,1.990760257694983e-18
125,Base,Maximum Sharpe,Demo_Equity_A,0.2680879498052803
125,Base,Maximum Sharpe,Demo_Equity_B,0.0
125,Base,Maximum Sharpe,Demo_Bonds,0.7319120501947175
125,Base,Maximum Sharpe,Demo_Gold,6.479954610560011e-16
125,Base,Maximum Sharpe,Demo_REITs,1.4462030322660828e-15
126,High volatility,Equal weight,Demo_Equity_A,0.2
126,High volatility,Equal weight,Demo_Equity_B,0.2
126,High volatility,Equal weight,Demo_Bonds,0.2
126,High volatility,Equal weight,Demo_Gold,0.2
126,High volatility,Equal weight,Demo_REITs,0.2
126,High volatility,Minimum volatility,Demo_Equity_A,0.06750399976912681
126,High volatility,Minimum volatility,Demo_Equity_B,9.751712227249876e-19
126,High volatility,Minimum volatility,Demo_Bonds,0.7953421842491705
126,High volatility,Minimum volatility,Demo_Gold,0.13715381598170268
126,High volatility,Minimum volatility,Demo_REITs,0.0
126,High volatility,Maximum Sharpe,Demo_Equity_A,0.10563120092540065
126,High volatility,Maximum Sharpe,Demo_Equity_B,1.0334424654303727e-16
126,High volatility,Maximum Sharpe,Demo_Bonds,0.0
126,High volatility,Maximum Sharpe,Demo_Gold,0.8943687990745992
126,High volatility,Maximum Sharpe,Demo_REITs,2.503773292082514e-18
127,Low volatility,Equal weight,Demo_Equity_A,0.2
127,Low volatility,Equal weight,Demo_Equity_B,0.2
127,Low volatility,Equal weight,Demo_Bonds,0.2
127,Low volatility,Equal weight,Demo_Gold,0.2
127,Low volatility,Equal weight,Demo_REITs,0.2
127,Low volatility,Minimum volatility,Demo_Equity_A,0.07227661447379596
127,Low volatility,Minimum volatility,Demo_Equity_B,0.010401915503737383
127,Low volatility,Minimum volatility,Demo_Bonds,0.7871008564743375
127,Low volatility,Minimum volatility,Demo_Gold,0.12771272975380799
127,Low volatility,Minimum volatility,Demo_REITs,0.0025078837943211664
127,Low volatility,Maximum Sharpe,Demo_Equity_A,3.620405231624933e-17
127,Low volatility,Maximum Sharpe,Demo_Equity_B,0.0
127,Low volatility,Maximum Sharpe,Demo_Bonds,5.0081840124063785e-17
127,Low volatility,Maximum Sharpe,Demo_Gold,1.0
127,Low volatility,Maximum Sharpe,Demo_REITs,0.0
128,Base,Equal weight,Demo_Equity_A,0.2
128,Base,Equal weight,Demo_Equity_B,0.2
128,Base,Equal weight,Demo_Bonds,0.2
128,Base,Equal weight,Demo_Gold,0.2
128,Base,Equal weight,Demo_REITs,0.2
128,Base,Minimum volatility,Demo_Equity_A,0.05983505978600054
128,Base,Minimum volatility,Demo_Equity_B,0.0172674034212904
128,Base,Minimum volatility,Demo_Bonds,0.7769076275044015
128,Base,Minimum volatility,Demo_Gold,0.14598990928830763
128,Base,Minimum volatility,Demo_REITs,0.0
128,Base,Maximum Sharpe,Demo_Equity_A,0.0
128,Base,Maximum Sharpe,Demo_Equity_B,3.6333900454943995e-17
128,Base,Maximum Sharpe,Demo_Bonds,0.0
128,Base,Maximum Sharpe,Demo_Gold,1.0
128,Base,Maximum Sharpe,Demo_REITs,9.366942595265557e-17
129,High volatility,Equal weight,Demo_Equity_A,0.2
129,High volatility,Equal weight,Demo_Equity_B,0.2
129,High volatility,Equal weight,Demo_Bonds,0.2
129,High volatility,Equal weight,Demo_Gold,0.2
129,High volatility,Equal weight,Demo_REITs,0.2
129,High volatility,Minimum volatility,Demo_Equity_A,0.04256389771257615
129,High volatility,Minimum volatility,Demo_Equity_B,0.029113719587518305
129,High volatility,Minimum volatility,Demo_Bonds,0.8072898465654883
129,High volatility,Minimum volatility,Demo_Gold,0.12051797225195025
129,High volatility,Minimum volatility,Demo_REITs,0.0005145638824669399
129,High volatility,Maximum Sharpe,Demo_Equity_A,0.9999999999999996
129,High volatility,Maximum Sharpe,Demo_Equity_B,0.0
129,High volatility,Maximum Sharpe,Demo_Bonds,4.163336342344335e-16
129,High volatility,Maximum Sharpe,Demo_Gold,0.0
129,High volatility,Maximum Sharpe,Demo_REITs,0.0
130,Low volatility,Equal weight,Demo_Equity_A,0.2
130,Low volatility,Equal weight,Demo_Equity_B,0.2
130,Low volatility,Equal weight,Demo_Bonds,0.2
130,Low volatility,Equal weight,Demo_Gold,0.2
130,Low volatility,Equal weight,Demo_REITs,0.2
130,Low volatility,Minimum volatility,Demo_Equity_A,0.07737023988451873
130,Low volatility,Minimum volatility,Demo_Equity_B,0.00303573503204186
130,Low volatility,Minimum volatility,Demo_Bonds,0.7887406527887766
130,Low volatility,Minimum volatility,Demo_Gold,0.13085337229466287
130,Low volatility,Minimum volatility,Demo_REITs,0.0
130,Low volatility,Maximum Sharpe,Demo_Equity_A,0.14635659155931885
130,Low volatility,Maximum Sharpe,Demo_Equity_B,4.812653035200647e-17
130,Low volatility,Maximum Sharpe,Demo_Bonds,0.5124287947988777
130,Low volatility,Maximum Sharpe,Demo_Gold,0.3412146136418032
130,Low volatility,Maximum Sharpe,Demo_REITs,0.0
131,Base,Equal weight,Demo_Equity_A,0.2
131,Base,Equal weight,Demo_Equity_B,0.2
131,Base,Equal weight,Demo_Bonds,0.2
131,Base,Equal weight,Demo_Gold,0.2
131,Base,Equal weight,Demo_REITs,0.2
131,Base,Minimum volatility,Demo_Equity_A,0.06067216130609529
131,Base,Minimum volatility,Demo_Equity_B,0.011298929966132973
131,Base,Minimum volatility,Demo_Bonds,0.804455065012649
131,Base,Minimum volatility,Demo_Gold,0.12333586569083711
131,Base,Minimum volatility,Demo_REITs,0.00023797802428576374
131,Base,Maximum Sharpe,Demo_Equity_A,0.33829868995506346
131,Base,Maximum Sharpe,Demo_Equity_B,8.552244503061787e-17
131,Base,Maximum Sharpe,Demo_Bonds,0.3172961835779275
131,Base,Maximum Sharpe,Demo_Gold,0.20665995559284395
131,Base,Maximum Sharpe,Demo_REITs,0.13774517087416513
132,High volatility,Equal weight,Demo_Equity_A,0.2
132,High volatility,Equal weight,Demo_Equity_B,0.2
132,High volatility,Equal weight,Demo_Bonds,0.2
132,High volatility,Equal weight,Demo_Gold,0.2
132,High volatility,Equal weight,Demo_REITs,0.2
132,High volatility,Minimum volatility,Demo_Equity_A,0.059765944227665624
132,High volatility,Minimum volatility,Demo_Equity_B,0.01951993201489568
132,High volatility,Minimum volatility,Demo_Bonds,0.7951296003394498
132,High volatility,Minimum volatility,Demo_Gold,0.12558452341798892
132,High volatility,Minimum volatility,Demo_REITs,0.0
132,High volatility,Maximum Sharpe,Demo_Equity_A,0.5391558373925954
132,High volatility,Maximum Sharpe,Demo_Equity_B,2.8157339398816946e-17
132,High volatility,Maximum Sharpe,Demo_Bonds,3.477510616646215e-16
132,High volatility,Maximum Sharpe,Demo_Gold,0.46084416260740435
132,High volatility,Maximum Sharpe,Demo_REITs,0.0
133,Low volatility,Equal weight,Demo_Equity_A,0.2
133,Low volatility,Equal weight,Demo_Equity_B,0.2
133,Low volatility,Equal weight,Demo_Bonds,0.2
133,Low volatility,Equal weight,Demo_Gold,0.2
133,Low volatility,Equal weight,Demo_REITs,0.2
133,Low volatility,Minimum volatility,Demo_Equity_A,0.05928262080692355
133,Low volatility,Minimum volatility,Demo_Equity_B,0.016647703760184516
133,Low volatility,Minimum volatility,Demo_Bonds,0.7988608383352284
133,Low volatility,Minimum volatility,Demo_Gold,0.12520883709766367
133,Low volatility,Minimum volatility,Demo_REITs,0.0
133,Low volatility,Maximum Sharpe,Demo_Equity_A,0.0
133,Low volatility,Maximum Sharpe,Demo_Equity_B,0.0
133,Low volatility,Maximum Sharpe,Demo_Bonds,1.0
133,Low volatility,Maximum Sharpe,Demo_Gold,0.0
133,Low volatility,Maximum Sharpe,Demo_REITs,0.0
134,Base,Equal weight,Demo_Equity_A,0.2
134,Base,Equal weight,Demo_Equity_B,0.2
134,Base,Equal weight,Demo_Bonds,0.2
134,Base,Equal weight,Demo_Gold,0.2
134,Base,Equal weight,Demo_REITs,0.2
134,Base,Minimum volatility,Demo_Equity_A,0.07729518489219953
134,Base,Minimum volatility,Demo_Equity_B,0.0
134,Base,Minimum volatility,Demo_Bonds,0.7849325544072069
134,Base,Minimum volatility,Demo_Gold,0.13777226070059362
134,Base,Minimum volatility,Demo_REITs,1.5690721242916125e-18
134,Base,Maximum Sharpe,Demo_Equity_A,6.293840826556181e-20
134,Base,Maximum Sharpe,Demo_Equity_B,0.37351235668969596
134,Base,Maximum Sharpe,Demo_Bonds,0.0
134,Base,Maximum Sharpe,Demo_Gold,0.2637764436898717
134,Base,Maximum Sharpe,Demo_REITs,0.3627111996204324
135,High volatility,Equal weight,Demo_Equity_A,0.2
135,High volatility,Equal weight,Demo_Equity_B,0.2
135,High volatility,Equal weight,Demo_Bonds,0.2
135,High volatility,Equal weight,Demo_Gold,0.2
135,High volatility,Equal weight,Demo_REITs,0.2
135,High volatility,Minimum volatility,Demo_Equity_A,0.07110600683866229
135,High volatility,Minimum volatility,Demo_Equity_B,0.007154819825643744
135,High volatility,Minimum volatility,Demo_Bonds,0.785875826308444
135,High volatility,Minimum volatility,Demo_Gold,0.13586334702725006
135,High volatility,Minimum volatility,Demo_REITs,3.7220405641682655e-19
135,High volatility,Maximum Sharpe,Demo_Equity_A,0.4172780125698483
135,High volatility,Maximum Sharpe,Demo_Equity_B,0.0
135,High volatility,Maximum Sharpe,Demo_Bonds,0.0
135,High volatility,Maximum Sharpe,Demo_Gold,0.3485494186130183
135,High volatility,Maximum Sharpe,Demo_REITs,0.23417256881713347
136,Low volatility,Equal weight,Demo_Equity_A,0.2
136,Low volatility,Equal weight,Demo_Equity_B,0.2
136,Low volatility,Equal weight,Demo_Bonds,0.2
136,Low volatility,Equal weight,Demo_Gold,0.2
136,Low volatility,Equal weight,Demo_REITs,0.2
136,Low volatility,Minimum volatility,Demo_Equity_A,0.06597800143516044
136,Low volatility,Minimum volatility,Demo_Equity_B,0.011720556740120543
136,Low volatility,Minimum volatility,Demo_Bonds,0.8040313682535325
136,Low volatility,Minimum volatility,Demo_Gold,0.1161497878082032
136,Low volatility,Minimum volatility,Demo_REITs,0.0021202857629834516
136,Low volatility,Maximum Sharpe,Demo_Equity_A,0.1930656245802175
136,Low volatility,Maximum Sharpe,Demo_Equity_B,0.14483484588410553
136,Low volatility,Maximum Sharpe,Demo_Bonds,0.0
136,Low volatility,Maximum Sharpe,Demo_Gold,0.6620995295356767
136,Low volatility,Maximum Sharpe,Demo_REITs,1.3743351369592238e-16
137,Base,Equal weight,Demo_Equity_A,0.2
137,Base,Equal weight,Demo_Equity_B,0.2
137,Base,Equal weight,Demo_Bonds,0.2
137,Base,Equal weight,Demo_Gold,0.2
137,Base,Equal weight,Demo_REITs,0.2
137,Base,Minimum volatility,Demo_Equity_A,0.0570989526186037
137,Base,Minimum volatility,Demo_Equity_B,0.021079340428609285
137,Base,Minimum volatility,Demo_Bonds,0.7911954468608875
137,Base,Minimum volatility,Demo_Gold,0.13062626009189943
137,Base,Minimum volatility,Demo_REITs,3.1751580289876095e-21
137,Base,Maximum Sharpe,Demo_Equity_A,3.744645040667422e-16
137,Base,Maximum Sharpe,Demo_Equity_B,0.0
137,Base,Maximum Sharpe,Demo_Bonds,0.8291385327557418
137,Base,Maximum Sharpe,Demo_Gold,0.1708614672442579
137,Base,Maximum Sharpe,Demo_REITs,0.0
138,High volatility,Equal weight,Demo_Equity_A,0.2
138,High volatility,Equal weight,Demo_Equity_B,0.2
138,High volatility,Equal weight,Demo_Bonds,0.2
138,High volatility,Equal weight,Demo_Gold,0.2
138,High volatility,Equal weight,Demo_REITs,0.2
138,High volatility,Minimum volatility,Demo_Equity_A,0.04791215236374304
138,High volatility,Minimum volatility,Demo_Equity_B,0.007707741772350284
138,High volatility,Minimum volatility,Demo_Bonds,0.814468158612323
138,High volatility,Minimum volatility,Demo_Gold,0.11401059251090068
138,High volatility,Minimum volatility,Demo_REITs,0.01590135474068297
138,High volatility,Maximum Sharpe,Demo_Equity_A,0.15470913999035854
138,High volatility,Maximum Sharpe,Demo_Equity_B,0.02164285903942633
138,High volatility,Maximum Sharpe,Demo_Bonds,0.7613734135902751
138,High volatility,Maximum Sharpe,Demo_Gold,0.06227458737993992
138,High volatility,Maximum Sharpe,Demo_REITs,0.0
139,Low volatility,Equal weight,Demo_Equity_A,0.2
139,Low volatility,Equal weight,Demo_Equity_B,0.2
139,Low volatility,Equal weight,Demo_Bonds,0.2
139,Low volatility,Equal weight,Demo_Gold,0.2
139,Low volatility,Equal weight,Demo_REITs,0.2
139,Low volatility,Minimum volatility,Demo_Equity_A,0.06493610438170211
139,Low volatility,Minimum volatility,Demo_Equity_B,0.011419092609631974
139,Low volatility,Minimum volatility,Demo_Bonds,0.8037153018379157
139,Low volatility,Minimum volatility,Demo_Gold,0.11992950117075023
139,Low volatility,Minimum volatility,Demo_REITs,0.0
139,Low volatility,Maximum Sharpe,Demo_Equity_A,0.08957026272752001
139,Low volatility,Maximum Sharpe,Demo_Equity_B,0.051919780732357416
139,Low volatility,Maximum Sharpe,Demo_Bonds,0.5846089309549333
139,Low volatility,Maximum Sharpe,Demo_Gold,2.228192533478077e-17
139,Low volatility,Maximum Sharpe,Demo_REITs,0.2739010255851893
140,Base,Equal weight,Demo_Equity_A,0.2
140,Base,Equal weight,Demo_Equity_B,0.2
140,Base,Equal weight,Demo_Bonds,0.2
140,Base,Equal weight,Demo_Gold,0.2
140,Base,Equal weight,Demo_REITs,0.2
140,Base,Minimum volatility,Demo_Equity_A,0.06942171434627725
140,Base,Minimum volatility,Demo_Equity_B,0.009321867721567342
140,Base,Minimum volatility,Demo_Bonds,0.7962968854310019
140,Base,Minimum volatility,Demo_Gold,0.12495953250115356
140,Base,Minimum volatility,Demo_REITs,1.3729381087551608e-19
140,Base,Maximum Sharpe,Demo_Equity_A,0.09276539363445963
140,Base,Maximum Sharpe,Demo_Equity_B,0.0
140,Base,Maximum Sharpe,Demo_Bonds,0.5991842316056771
140,Base,Maximum Sharpe,Demo_Gold,0.2939648237406916
140,Base,Maximum Sharpe,Demo_REITs,0.014085551019171607
141,High volatility,Equal weight,Demo_Equity_A,0.2
141,High volatility,Equal weight,Demo_Equity_B,0.2
141,High volatility,Equal weight,Demo_Bonds,0.2
141,High volatility,Equal weight,Demo_Gold,0.2
141,High volatility,Equal weight,Demo_REITs,0.2
141,High volatility,Minimum volatility,Demo_Equity_A,0.0657870169986623
141,High volatility,Minimum volatility,Demo_Equity_B,0.014506225802209675
141,High volatility,Minimum volatility,Demo_Bonds,0.8017033436980904
141,High volatility,Minimum volatility,Demo_Gold,0.11800341350103748
141,High volatility,Minimum volatility,Demo_REITs,0.0
141,High volatility,Maximum Sharpe,Demo_Equity_A,1.0
141,High volatility,Maximum Sharpe,Demo_Equity_B,0.0
141,High volatility,Maximum Sharpe,Demo_Bonds,3.882867350908654e-18
141,High volatility,Maximum Sharpe,Demo_Gold,0.0
141,High volatility,Maximum Sharpe,Demo_REITs,3.246725337017552e-17
142,Low volatility,Equal weight,Demo_Equity_A,0.2
142,Low volatility,Equal weight,Demo_Equity_B,0.2
142,Low volatility,Equal weight,Demo_Bonds,0.2
142,Low volatility,Equal weight,Demo_Gold,0.2
142,Low volatility,Equal weight,Demo_REITs,0.2
142,Low volatility,Minimum volatility,Demo_Equity_A,0.05745318712865319
142,Low volatility,Minimum volatility,Demo_Equity_B,0.012175365986971933
142,Low volatility,Minimum volatility,Demo_Bonds,0.8111302906465512
142,Low volatility,Minimum volatility,Demo_Gold,0.1192411562378237
142,Low volatility,Minimum volatility,Demo_REITs,0.0
142,Low volatility,Maximum Sharpe,Demo_Equity_A,0.23449901331892095
142,Low volatility,Maximum Sharpe,Demo_Equity_B,0.12689218798104143
142,Low volatility,Maximum Sharpe,Demo_Bonds,0.22583613741406572
142,Low volatility,Maximum Sharpe,Demo_Gold,0.4127726612859719
142,Low volatility,Maximum Sharpe,Demo_REITs,0.0
143,Base,Equal weight,Demo_Equity_A,0.2
143,Base,Equal weight,Demo_Equity_B,0.2
143,Base,Equal weight,Demo_Bonds,0.2
143,Base,Equal weight,Demo_Gold,0.2
143,Base,Equal weight,Demo_REITs,0.2
143,Base,Minimum volatility,Demo_Equity_A,0.07146631123782476
143,Base,Minimum volatility,Demo_Equity_B,0.002331067304345044
143,Base,Minimum volatility,Demo_Bonds,0.8071101907970037
143,Base,Minimum volatility,Demo_Gold,0.11909243066082648
143,Base,Minimum volatility,Demo_REITs,0.0
143,Base,Maximum Sharpe,Demo_Equity_A,0.0
143,Base,Maximum Sharpe,Demo_Equity_B,0.3249438162585936
143,Base,Maximum Sharpe,Demo_Bonds,0.0
143,Base,Maximum Sharpe,Demo_Gold,0.6750561837414062
143,Base,Maximum Sharpe,Demo_REITs,1.6894987129588371e-16
144,High volatility,Equal weight,Demo_Equity_A,0.2
144,High volatility,Equal weight,Demo_Equity_B,0.2
144,High volatility,Equal weight,Demo_Bonds,0.2
144,High volatility,Equal weight,Demo_Gold,0.2
144,High volatility,Equal weight,Demo_REITs,0.2
144,High volatility,Minimum volatility,Demo_Equity_A,0.06553346337862742
144,High volatility,Minimum volatility,Demo_Equity_B,0.009570703825494528
144,High volatility,Minimum volatility,Demo_Bonds,0.8015728599576427
144,High volatility,Minimum volatility,Demo_Gold,0.12332297283823533
144,High volatility,Minimum volatility,Demo_REITs,0.0
144,High volatility,Maximum Sharpe,Demo_Equity_A,0.0
144,High volatility,Maximum Sharpe,Demo_Equity_B,1.0
144,High volatility,Maximum Sharpe,Demo_Bonds,0.0
144,High volatility,Maximum Sharpe,Demo_Gold,0.0
144,High volatility,Maximum Sharpe,Demo_REITs,4.0168246270887357e-17
145,Low volatility,Equal weight,Demo_Equity_A,0.2
145,Low volatility,Equal weight,Demo_Equity_B,0.2
145,Low volatility,Equal weight,Demo_Bonds,0.2
145,Low volatility,Equal weight,Demo_Gold,0.2
145,Low volatility,Equal weight,Demo_REITs,0.2
145,Low volatility,Minimum volatility,Demo_Equity_A,0.06766091116910078
145,Low volatility,Minimum volatility,Demo_Equity_B,0.011114172963287946
145,Low volatility,Minimum volatility,Demo_Bonds,0.7897263537159716
145,Low volatility,Minimum volatility,Demo_Gold,0.1314985621516398
145,Low volatility,Minimum volatility,Demo_REITs,0.0
145,Low volatility,Maximum Sharpe,Demo_Equity_A,0.5637321408797493
145,Low volatility,Maximum Sharpe,Demo_Equity_B,0.15932925774972986
145,Low volatility,Maximum Sharpe,Demo_Bonds,0.0
145,Low volatility,Maximum Sharpe,Demo_Gold,1.065825715044747e-16
145,Low volatility,Maximum Sharpe,Demo_REITs,0.2769386013705208
146,Base,Equal weight,Demo_Equity_A,0.2
146,Base,Equal weight,Demo_Equity_B,0.2
146,Base,Equal weight,Demo_Bonds,0.2
146,Base,Equal weight,Demo_Gold,0.2
146,Base,Equal weight,Demo_REITs,0.2
146,Base,Minimum volatility,Demo_Equity_A,0.0618222292212962
146,Base,Minimum volatility,Demo_Equity_B,0.012943249961716991
146,Base,Minimum volatility,Demo_Bonds,0.7978902348270595
146,Base,Minimum volatility,Demo_Gold,0.12734428598992728
146,Base,Minimum volatility,Demo_REITs,1.698890712349765e-19
146,Base,Maximum Sharpe,Demo_Equity_A,0.09189978553174659
146,Base,Maximum Sharpe,Demo_Equity_B,0.14197761215621293
146,Base,Maximum Sharpe,Demo_Bonds,0.5093429599686609
146,Base,Maximum Sharpe,Demo_Gold,0.2567796423433796
146,Base,Maximum Sharpe,Demo_REITs,0.0
147,High volatility,Equal weight,Demo_Equity_A,0.2
147,High volatility,Equal weight,Demo_Equity_B,0.2
147,High volatility,Equal weight,Demo_Bonds,0.2
147,High volatility,Equal weight,Demo_Gold,0.2
147,High volatility,Equal weight,Demo_REITs,0.2
147,High volatility,Minimum volatility,Demo_Equity_A,0.0689597677932172
147,High volatility,Minimum volatility,Demo_Equity_B,0.028114928122666864
147,High volatility,Minimum volatility,Demo_Bonds,0.777419715442986
147,High volatility,Minimum volatility,Demo_Gold,0.11909086067773537
147,High volatility,Minimum volatility,Demo_REITs,0.006414727963394566
147,High volatility,Maximum Sharpe,Demo_Equity_A,0.6714515063840383
147,High volatility,Maximum Sharpe,Demo_Equity_B,1.1432946264192335e-16
147,High volatility,Maximum Sharpe,Demo_Bonds,0.0
147,High volatility,Maximum Sharpe,Demo_Gold,0.2240843821872331
147,High volatility,Maximum Sharpe,Demo_REITs,0.10446411142872858
148,Low volatility,Equal weight,Demo_Equity_A,0.2
148,Low volatility,Equal weight,Demo_Equity_B,0.2
148,Low volatility,Equal weight,Demo_Bonds,0.2
148,Low volatility,Equal weight,Demo_Gold,0.2
148,Low volatility,Equal weight,Demo_REITs,0.2
148,Low volatility,Minimum volatility,Demo_Equity_A,0.07849681802418874
148,Low volatility,Minimum volatility,Demo_Equity_B,0.012449615279975698
148,Low volatility,Minimum volatility,Demo_Bonds,0.7671468135528287
148,Low volatility,Minimum volatility,Demo_Gold,0.13691488043774466
148,Low volatility,Minimum volatility,Demo_REITs,0.004991872705262346
148,Low volatility,Maximum Sharpe,Demo_Equity_A,0.23681127531509566
148,Low volatility,Maximum Sharpe,Demo_Equity_B,0.0
148,Low volatility,Maximum Sharpe,Demo_Bonds,0.6659293595472787
148,Low volatility,Maximum Sharpe,Demo_Gold,0.09725936513762565
148,Low volatility,Maximum Sharpe,Demo_REITs,0.0
149,Base,Equal weight,Demo_Equity_A,0.2
149,Base,Equal weight,Demo_Equity_B,0.2
149,Base,Equal weight,Demo_Bonds,0.2
149,Base,Equal weight,Demo_Gold,0.2
149,Base,Equal weight,Demo_REITs,0.2
149,Base,Minimum volatility,Demo_Equity_A,0.06040348245488884
149,Base,Minimum volatility,Demo_Equity_B,0.004038868817115697
149,Base,Minimum volatility,Demo_Bonds,0.7896469820529123
149,Base,Minimum volatility,Demo_Gold,0.13254463332303704
149,Base,Minimum volatility,Demo_REITs,0.013366033352046234
149,Base,Maximum Sharpe,Demo_Equity_A,0.0
149,Base,Maximum Sharpe,Demo_Equity_B,0.36834389200920664
149,Base,Maximum Sharpe,Demo_Bonds,0.6007567504542153
149,Base,Maximum Sharpe,Demo_Gold,2.3319540677220162e-17
149,Base,Maximum Sharpe,Demo_REITs,0.03089935753657803
150,High volatility,Equal weight,Demo_Equity_A,0.2
150,High volatility,Equal weight,Demo_Equity_B,0.2
150,High volatility,Equal weight,Demo_Bonds,0.2
150,High volatility,Equal weight,Demo_Gold,0.2
150,High volatility,Equal weight,Demo_REITs,0.2
150,High volatility,Minimum volatility,Demo_Equity_A,0.05560911091598371
150,High volatility,Minimum volatility,Demo_Equity_B,0.019771240004144087
150,High volatility,Minimum volatility,Demo_Bonds,0.7734307481327499
150,High volatility,Minimum volatility,Demo_Gold,0.13988948007977975
150,High volatility,Minimum volatility,Demo_REITs,0.011299420867342595
150,High volatility,Maximum Sharpe,Demo_Equity_A,0.0
150,High volatility,Maximum Sharpe,Demo_Equity_B,0.5073243130636053
150,High volatility,Maximum Sharpe,Demo_Bonds,0.0
150,High volatility,Maximum Sharpe,Demo_Gold,1.385897596820448e-17
150,High volatility,Maximum Sharpe,Demo_REITs,0.4926756869363948
151,Low volatility,Equal weight,Demo_Equity_A,0.2
151,Low volatility,Equal weight,Demo_Equity_B,0.2
151,Low volatility,Equal weight,Demo_Bonds,0.2
151,Low volatility,Equal weight,Demo_Gold,0.2
151,Low volatility,Equal weight,Demo_REITs,0.2
151,Low volatility,Minimum volatility,Demo_Equity_A,0.06464200604455125
151,Low volatility,Minimum volatility,Demo_Equity_B,0.020509751774268933
151,Low volatility,Minimum volatility,Demo_Bonds,0.7942335242014704
151,Low volatility,Minimum volatility,Demo_Gold,0.12061471797970938
151,Low volatility,Minimum volatility,Demo_REITs,5.393685427252416e-20
151,Low volatility,Maximum Sharpe,Demo_Equity_A,9.666332103614852e-16
151,Low volatility,Maximum Sharpe,Demo_Equity_B,5.0683238892289986e-05
151,Low volatility,Maximum Sharpe,Demo_Bonds,0.5884994261657189
151,Low volatility,Maximum Sharpe,Demo_Gold,0.41144989059538783
151,Low volatility,Maximum Sharpe,Demo_REITs,0.0
152,Base,Equal weight,Demo_Equity_A,0.2
152,Base,Equal weight,Demo_Equity_B,0.2
152,Base,Equal weight,Demo_Bonds,0.2
152,Base,Equal weight,Demo_Gold,0.2
152,Base,Equal weight,Demo_REITs,0.2
152,Base,Minimum volatility,Demo_Equity_A,0.05195521128607703
152,Base,Minimum volatility,Demo_Equity_B,0.015542629784558833
152,Base,Minimum volatility,Demo_Bonds,0.7852552934236873
152,Base,Minimum volatility,Demo_Gold,0.14724686550567684
152,Base,Minimum volatility,Demo_REITs,1.7516195619560494e-19
152,Base,Maximum Sharpe,Demo_Equity_A,0.8163439783714959
152,Base,Maximum Sharpe,Demo_Equity_B,0.10777831625435168
152,Base,Maximum Sharpe,Demo_Bonds,7.906096377301562e-18
152,Base,Maximum Sharpe,Demo_Gold,0.0
152,Base,Maximum Sharpe,Demo_REITs,0.07587770537415248
153,High volatility,Equal weight,Demo_Equity_A,0.2
153,High volatility,Equal weight,Demo_Equity_B,0.2
153,High volatility,Equal weight,Demo_Bonds,0.2
153,High volatility,Equal weight,Demo_Gold,0.2
153,High volatility,Equal weight,Demo_REITs,0.2
153,High volatility,Minimum volatility,Demo_Equity_A,0.07526160010900522
153,High volatility,Minimum volatility,Demo_Equity_B,0.005069742754705768
153,High volatility,Minimum volatility,Demo_Bonds,0.7878542160956968
153,High volatility,Minimum volatility,Demo_Gold,0.13181444104059223
153,High volatility,Minimum volatility,Demo_REITs,3.162661000525281e-19
153,High volatility,Maximum Sharpe,Demo_Equity_A,0.23832098652827535
153,High volatility,Maximum Sharpe,Demo_Equity_B,0.0
153,High volatility,Maximum Sharpe,Demo_Bonds,0.7187193795719617
153,High volatility,Maximum Sharpe,Demo_Gold,8.168585653217212e-18
153,High volatility,Maximum Sharpe,Demo_REITs,0.042959633899762865
154,Low volatility,Equal weight,Demo_Equity_A,0.2
154,Low volatility,Equal weight,Demo_Equity_B,0.2
154,Low volatility,Equal weight,Demo_Bonds,0.2
154,Low volatility,Equal weight,Demo_Gold,0.2
154,Low volatility,Equal weight,Demo_REITs,0.2
154,Low volatility,Minimum volatility,Demo_Equity_A,0.0739013759745925
154,Low volatility,Minimum volatility,Demo_Equity_B,0.01104996857539142
154,Low volatility,Minimum volatility,Demo_Bonds,0.7707247844182245
154,Low volatility,Minimum volatility,Demo_Gold,0.14432387103179165
154,Low volatility,Minimum volatility,Demo_REITs,0.0
154,Low volatility,Maximum Sharpe,Demo_Equity_A,3.891197289781884e-16
154,Low volatility,Maximum Sharpe,Demo_Equity_B,0.19347355459557747
154,Low volatility,Maximum Sharpe,Demo_Bonds,0.20327984500880175
154,Low volatility,Maximum Sharpe,Demo_Gold,0.6032466003956204
154,Low volatility,Maximum Sharpe,Demo_REITs,0.0
155,Base,Equal weight,Demo_Equity_A,0.2
155,Base,Equal weight,Demo_Equity_B,0.2
155,Base,Equal weight,Demo_Bonds,0.2
155,Base,Equal weight,Demo_Gold,0.2
155,Base,Equal weight,Demo_REITs,0.2
155,Base,Minimum volatility,Demo_Equity_A,0.09170412931221712
155,Base,Minimum volatility,Demo_Equity_B,0.004600543295383794
155,Base,Minimum volatility,Demo_Bonds,0.7680001976319726
155,Base,Minimum volatility,Demo_Gold,0.13569512976042655
155,Base,Minimum volatility,Demo_REITs,2.378124938379475e-19
155,Base,Maximum Sharpe,Demo_Equity_A,0.8842542622651761
155,Base,Maximum Sharpe,Demo_Equity_B,7.448865514490109e-16
155,Base,Maximum Sharpe,Demo_Bonds,0.1157457377348229
155,Base,Maximum Sharpe,Demo_Gold,1.7046883097693592e-16
155,Base,Maximum Sharpe,Demo_REITs,0.0
156,High volatility,Equal weight,Demo_Equity_A,0.2
156,High volatility,Equal weight,Demo_Equity_B,0.2
156,High volatility,Equal weight,Demo_Bonds,0.2
156,High volatility,Equal weight,Demo_Gold,0.2
156,High volatility,Equal weight,Demo_REITs,0.2
156,High volatility,Minimum volatility,Demo_Equity_A,0.05481248421946904
156,High volatility,Minimum volatility,Demo_Equity_B,0.010068244073029971
156,High volatility,Minimum volatility,Demo_Bonds,0.7788491739617159
156,High volatility,Minimum volatility,Demo_Gold,0.13967322299644902
156,High volatility,Minimum volatility,Demo_REITs,0.01659687474933599
156,High volatility,Maximum Sharpe,Demo_Equity_A,0.2730784425236845
156,High volatility,Maximum Sharpe,Demo_Equity_B,0.0
156,High volatility,Maximum Sharpe,Demo_Bonds,2.685996168007396e-17
156,High volatility,Maximum Sharpe,Demo_Gold,0.4998483427363931
156,High volatility,Maximum Sharpe,Demo_REITs,0.22707321473992242
157,Low volatility,Equal weight,Demo_Equity_A,0.2
157,Low volatility,Equal weight,Demo_Equity_B,0.2
157,Low volatility,Equal weight,Demo_Bonds,0.2
157,Low volatility,Equal weight,Demo_Gold,0.2
157,Low volatility,Equal weight,Demo_REITs,0.2
157,Low volatility,Minimum volatility,Demo_Equity_A,0.04420716324844618
157,Low volatility,Minimum volatility,Demo_Equity_B,0.016097153220814953
157,Low volatility,Minimum volatility,Demo_Bonds,0.8220085101513088
157,Low volatility,Minimum volatility,Demo_Gold,0.11768717337943005
157,Low volatility,Minimum volatility,Demo_REITs,0.0
157,Low volatility,Maximum Sharpe,Demo_Equity_A,3.622501950533085e-17
157,Low volatility,Maximum Sharpe,Demo_Equity_B,2.049732181142044e-16
157,Low volatility,Maximum Sharpe,Demo_Bonds,0.6267737187925224
157,Low volatility,Maximum Sharpe,Demo_Gold,1.7330255550929175e-17
157,Low volatility,Maximum Sharpe,Demo_REITs,0.3732262812074775
158,Base,Equal weight,Demo_Equity_A,0.2
158,Base,Equal weight,Demo_Equity_B,0.2
158,Base,Equal weight,Demo_Bonds,0.2
158,Base,Equal weight,Demo_Gold,0.2
158,Base,Equal weight,Demo_REITs,0.2
158,Base,Minimum volatility,Demo_Equity_A,0.07064391010462506
158,Base,Minimum volatility,Demo_Equity_B,0.01087980510307038
158,Base,Minimum volatility,Demo_Bonds,0.7915897873643637
158,Base,Minimum volatility,Demo_Gold,0.12688649742794086
158,Base,Minimum volatility,Demo_REITs,0.0
158,Base,Maximum Sharpe,Demo_Equity_A,0.2533770392054249
158,Base,Maximum Sharpe,Demo_Equity_B,0.0
158,Base,Maximum Sharpe,Demo_Bonds,3.367832608492416e-17
158,Base,Maximum Sharpe,Demo_Gold,0.5623148001965561
158,Base,Maximum Sharpe,Demo_REITs,0.184308160598019
159,High volatility,Equal weight,Demo_Equity_A,0.2
159,High volatility,Equal weight,Demo_Equity_B,0.2
159,High volatility,Equal weight,Demo_Bonds,0.2
159,High volatility,Equal weight,Demo_Gold,0.2
159,High volatility,Equal weight,Demo_REITs,0.2
159,High volatility,Minimum volatility,Demo_Equity_A,0.06709098524074862
159,High volatility,Minimum volatility,Demo_Equity_B,0.02111711871823146
159,High volatility,Minimum volatility,Demo_Bonds,0.7819904823490287
159,High volatility,Minimum volatility,Demo_Gold,0.12980141369199105
159,High volatility,Minimum volatility,Demo_REITs,0.0
159,High volatility,Maximum Sharpe,Demo_Equity_A,1.0
159,High volatility,Maximum Sharpe,Demo_Equity_B,0.0
159,High volatility,Maximum Sharpe,Demo_Bonds,0.0
159,High volatility,Maximum Sharpe,Demo_Gold,0.0
159,High volatility,Maximum Sharpe,Demo_REITs,0.0
160,Low volatility,Equal weight,Demo_Equity_A,0.2
160,Low volatility,Equal weight,Demo_Equity_B,0.2
160,Low volatility,Equal weight,Demo_Bonds,0.2
160,Low volatility,Equal weight,Demo_Gold,0.2
160,Low volatility,Equal weight,Demo_REITs,0.2
160,Low volatility,Minimum volatility,Demo_Equity_A,0.048177041363048595
160,Low volatility,Minimum volatility,Demo_Equity_B,0.022239617054935455
160,Low volatility,Minimum volatility,Demo_Bonds,0.7964561625046801
160,Low volatility,Minimum volatility,Demo_Gold,0.1325935751954529
160,Low volatility,Minimum volatility,Demo_REITs,0.0005336038818829449
160,Low volatility,Maximum Sharpe,Demo_Equity_A,0.0
160,Low volatility,Maximum Sharpe,Demo_Equity_B,0.169381027925311
160,Low volatility,Maximum Sharpe,Demo_Bonds,0.31989493480962045
160,Low volatility,Maximum Sharpe,Demo_Gold,0.5107240372650684
160,Low volatility,Maximum Sharpe,Demo_REITs,2.65614898259179e-16
161,Base,Equal weight,Demo_Equity_A,0.2
161,Base,Equal weight,Demo_Equity_B,0.2
161,Base,Equal weight,Demo_Bonds,0.2
161,Base,Equal weight,Demo_Gold,0.2
161,Base,Equal weight,Demo_REITs,0.2
161,Base,Minimum volatility,Demo_Equity_A,0.06378622213114668
161,Base,Minimum volatility,Demo_Equity_B,0.019901746982831224
161,Base,Minimum volatility,Demo_Bonds,0.7863647350098165
161,Base,Minimum volatility,Demo_Gold,0.12743898298740924
161,Base,Minimum volatility,Demo_REITs,0.0025083128887963906
161,Base,Maximum Sharpe,Demo_Equity_A,2.132874567669209e-17
161,Base,Maximum Sharpe,Demo_Equity_B,4.1005507476593585e-16
161,Base,Maximum Sharpe,Demo_Bonds,0.7415955879394277
161,Base,Maximum Sharpe,Demo_Gold,0.16967957961265565
161,Base,Maximum Sharpe,Demo_REITs,0.08872483244791632
162,High volatility,Equal weight,Demo_Equity_A,0.2
162,High volatility,Equal weight,Demo_Equity_B,0.2
162,High volatility,Equal weight,Demo_Bonds,0.2
162,High volatility,Equal weight,Demo_Gold,0.2
162,High volatility,Equal weight,Demo_REITs,0.2
162,High volatility,Minimum volatility,Demo_Equity_A,0.06386313631938723
162,High volatility,Minimum volatility,Demo_Equity_B,0.01713389068488672
162,High volatility,Minimum volatility,Demo_Bonds,0.7835102378683111
162,High volatility,Minimum volatility,Demo_Gold,0.13549273512741508
162,High volatility,Minimum volatility,Demo_REITs,8.286662156415078e-19
162,High volatility,Maximum Sharpe,Demo_Equity_A,7.569058536848883e-18
162,High volatility,Maximum Sharpe,Demo_Equity_B,0.7519632385883074
162,High volatility,Maximum Sharpe,Demo_Bonds,2.8855562543353065e-17
162,High volatility,Maximum Sharpe,Demo_Gold,0.0
162,High volatility,Maximum Sharpe,Demo_REITs,0.24803676141169267
163,Low volatility,Equal weight,Demo_Equity_A,0.2
163,Low volatility,Equal weight,Demo_Equity_B,0.2
163,Low volatility,Equal weight,Demo_Bonds,0.2
163,Low volatility,Equal weight,Demo_Gold,0.2
163,Low volatility,Equal weight,Demo_REITs,0.2
163,Low volatility,Minimum volatility,Demo_Equity_A,0.06818391266082545
163,Low volatility,Minimum volatility,Demo_Equity_B,0.008803678670187953
163,Low volatility,Minimum volatility,Demo_Bonds,0.7855355067544315
163,Low volatility,Minimum volatility,Demo_Gold,0.13406628570766815
163,Low volatility,Minimum volatility,Demo_REITs,0.003410616206886982
163,Low volatility,Maximum Sharpe,Demo_Equity_A,0.804561148969362
163,Low volatility,Maximum Sharpe,Demo_Equity_B,4.4693303424162644e-17
163,Low volatility,Maximum Sharpe,Demo_Bonds,0.0
163,Low volatility,Maximum Sharpe,Demo_Gold,0.15220263996228448
163,Low volatility,Maximum Sharpe,Demo_REITs,0.04323621106835361
164,Base,Equal weight,Demo_Equity_A,0.2
164,Base,Equal weight,Demo_Equity_B,0.2
164,Base,Equal weight,Demo_Bonds,0.2
164,Base,Equal weight,Demo_Gold,0.2
164,Base,Equal weight,Demo_REITs,0.2
164,Base,Minimum volatility,Demo_Equity_A,0.05968937910476305
164,Base,Minimum volatility,Demo_Equity_B,0.017377269147028286
164,Base,Minimum volatility,Demo_Bonds,0.7940205086393797
164,Base,Minimum volatility,Demo_Gold,0.1265663290533211
164,Base,Minimum volatility,Demo_REITs,0.002346514055507935
164,Base,Maximum Sharpe,Demo_Equity_A,0.1038634501985713
164,Base,Maximum Sharpe,Demo_Equity_B,1.016417070976321e-17
164,Base,Maximum Sharpe,Demo_Bonds,0.4373326278287558
164,Base,Maximum Sharpe,Demo_Gold,0.4289709330791679
164,Base,Maximum Sharpe,Demo_REITs,0.029832988893505104
165,High volatility,Equal weight,Demo_Equity_A,0.2
165,High volatility,Equal weight,Demo_Equity_B,0.2
165,High volatility,Equal weight,Demo_Bonds,0.2
165,High volatility,Equal weight,Demo_Gold,0.2
165,High volatility,Equal weight,Demo_REITs,0.2
165,High volatility,Minimum volatility,Demo_Equity_A,0.0771202571263773
165,High volatility,Minimum volatility,Demo_Equity_B,0.006359510851249889
165,High volatility,Minimum volatility,Demo_Bonds,0.7942002768701165
165,High volatility,Minimum volatility,Demo_Gold,0.12231995515225631
165,High volatility,Minimum volatility,Demo_REITs,4.265914837917821e-19
165,High volatility,Maximum Sharpe,Demo_Equity_A,0.4942191776971777
165,High volatility,Maximum Sharpe,Demo_Equity_B,0.0
165,High volatility,Maximum Sharpe,Demo_Bonds,4.143476797593034e-17
165,High volatility,Maximum Sharpe,Demo_Gold,0.23870600484815407
165,High volatility,Maximum Sharpe,Demo_REITs,0.26707481745466827
166,Low volatility,Equal weight,Demo_Equity_A,0.2
166,Low volatility,Equal weight,Demo_Equity_B,0.2
166,Low volatility,Equal weight,Demo_Bonds,0.2
166,Low volatility,Equal weight,Demo_Gold,0.2
166,Low volatility,Equal weight,Demo_REITs,0.2
166,Low volatility,Minimum volatility,Demo_Equity_A,0.08606196030442106
166,Low volatility,Minimum volatility,Demo_Equity_B,0.015120047166523466
166,Low volatility,Minimum volatility,Demo_Bonds,0.7763094876322352
166,Low volatility,Minimum volatility,Demo_Gold,0.12250850489682037
166,Low volatility,Minimum volatility,Demo_REITs,0.0
166,Low volatility,Maximum Sharpe,Demo_Equity_A,0.0022711416494947717
166,Low volatility,Maximum Sharpe,Demo_Equity_B,0.0
166,Low volatility,Maximum Sharpe,Demo_Bonds,0.41900221765598494
166,Low volatility,Maximum Sharpe,Demo_Gold,0.18233671329313325
166,Low volatility,Maximum Sharpe,Demo_REITs,0.3963899274013871
167,Base,Equal weight,Demo_Equity_A,0.2
167,Base,Equal weight,Demo_Equity_B,0.2
167,Base,Equal weight,Demo_Bonds,0.2
167,Base,Equal weight,Demo_Gold,0.2
167,Base,Equal weight,Demo_REITs,0.2
167,Base,Minimum volatility,Demo_Equity_A,0.050349965913567836
167,Base,Minimum volatility,Demo_Equity_B,0.02127607081534592
167,Base,Minimum volatility,Demo_Bonds,0.7938117528793803
167,Base,Minimum volatility,Demo_Gold,0.134562210391706
167,Base,Minimum volatility,Demo_REITs,1.846668892581162e-18
167,Base,Maximum Sharpe,Demo_Equity_A,0.0
167,Base,Maximum Sharpe,Demo_Equity_B,0.5331476323558318
167,Base,Maximum Sharpe,Demo_Bonds,0.0
167,Base,Maximum Sharpe,Demo_Gold,2.7002016886794606e-17
167,Base,Maximum Sharpe,Demo_REITs,0.4668523676441682
168,High volatility,Equal weight,Demo_Equity_A,0.2
168,High volatility,Equal weight,Demo_Equity_B,0.2
168,High volatility,Equal weight,Demo_Bonds,0.2
168,High volatility,Equal weight,Demo_Gold,0.2
168,High volatility,Equal weight,Demo_REITs,0.2
168,High volatility,Minimum volatility,Demo_Equity_A,0.07117540240207343
168,High volatility,Minimum volatility,Demo_Equity_B,0.013610433840673638
168,High volatility,Minimum volatility,Demo_Bonds,0.7659050561623723
168,High volatility,Minimum volatility,Demo_Gold,0.1332236289718866
168,High volatility,Minimum volatility,Demo_REITs,0.01608547862299414
168,High volatility,Maximum Sharpe,Demo_Equity_A,0.0
168,High volatility,Maximum Sharpe,Demo_Equity_B,0.0
168,High volatility,Maximum Sharpe,Demo_Bonds,0.8178533938224981
168,High volatility,Maximum Sharpe,Demo_Gold,0.18214660617749812
168,High volatility,Maximum Sharpe,Demo_REITs,3.834993798506081e-15
169,Low volatility,Equal weight,Demo_Equity_A,0.2
169,Low volatility,Equal weight,Demo_Equity_B,0.2
169,Low volatility,Equal weight,Demo_Bonds,0.2
169,Low volatility,Equal weight,Demo_Gold,0.2
169,Low volatility,Equal weight,Demo_REITs,0.2
169,Low volatility,Minimum volatility,Demo_Equity_A,0.05399917923529102
169,Low volatility,Minimum volatility,Demo_Equity_B,0.0024898341820180376
169,Low volatility,Minimum volatility,Demo_Bonds,0.7842613859794444
169,Low volatility,Minimum volatility,Demo_Gold,0.13772874058976467
169,Low volatility,Minimum volatility,Demo_REITs,0.021520860013481934
169,Low volatility,Maximum Sharpe,Demo_Equity_A,1.0
169,Low volatility,Maximum Sharpe,Demo_Equity_B,0.0
169,Low volatility,Maximum Sharpe,Demo_Bonds,6.938893903907228e-17
169,Low volatility,Maximum Sharpe,Demo_Gold,7.632783294297951e-17
169,Low volatility,Maximum Sharpe,Demo_REITs,0.0
170,Base,Equal weight,Demo_Equity_A,0.2
170,Base,Equal weight,Demo_Equity_B,0.2
170,Base,Equal weight,Demo_Bonds,0.2
170,Base,Equal weight,Demo_Gold,0.2
170,Base,Equal weight,Demo_REITs,0.2
170,Base,Minimum volatility,Demo_Equity_A,0.0761284148495712
170,Base,Minimum volatility,Demo_Equity_B,0.0012857301783265236
170,Base,Minimum volatility,Demo_Bonds,0.8040463368510951
170,Base,Minimum volatility,Demo_Gold,0.11853951812100734
170,Base,Minimum volatility,Demo_REITs,6.374355504934675e-20
170,Base,Maximum Sharpe,Demo_Equity_A,0.4485151104361849
170,Base,Maximum Sharpe,Demo_Equity_B,6.464453240001098e-16
170,Base,Maximum Sharpe,Demo_Bonds,0.5003628444965442
170,Base,Maximum Sharpe,Demo_Gold,0.0511220450672702
170,Base,Maximum Sharpe,Demo_REITs,0.0
171,High volatility,Equal weight,Demo_Equity_A,0.2
171,High volatility,Equal weight,Demo_Equity_B,0.2
171,High volatility,Equal weight,Demo_Bonds,0.2
171,High volatility,Equal weight,Demo_Gold,0.2
171,High volatility,Equal weight,Demo_REITs,0.2
171,High volatility,Minimum volatility,Demo_Equity_A,0.07863606714789265
171,High volatility,Minimum volatility,Demo_Equity_B,0.0056907197386494345
171,High volatility,Minimum volatility,Demo_Bonds,0.8063884223008909
171,High volatility,Minimum volatility,Demo_Gold,0.1092847908125671
171,High volatility,Minimum volatility,Demo_REITs,4.9897434627702766e-20
171,High volatility,Maximum Sharpe,Demo_Equity_A,0.2175176773447417
171,High volatility,Maximum Sharpe,Demo_Equity_B,0.08957989923688073
171,High volatility,Maximum Sharpe,Demo_Bonds,0.6929024234183773
171,High volatility,Maximum Sharpe,Demo_Gold,1.5592249355251449e-16
171,High volatility,Maximum Sharpe,Demo_REITs,0.0
172,Low volatility,Equal weight,Demo_Equity_A,0.2
172,Low volatility,Equal weight,Demo_Equity_B,0.2
172,Low volatility,Equal weight,Demo_Bonds,0.2
172,Low volatility,Equal weight,Demo_Gold,0.2
172,Low volatility,Equal weight,Demo_REITs,0.2
172,Low volatility,Minimum volatility,Demo_Equity_A,0.07357619952401563
172,Low volatility,Minimum volatility,Demo_Equity_B,0.023491166766771057
172,Low volatility,Minimum volatility,Demo_Bonds,0.7708213312836154
172,Low volatility,Minimum volatility,Demo_Gold,0.132111302425598
172,Low volatility,Minimum volatility,Demo_REITs,0.0
172,Low volatility,Maximum Sharpe,Demo_Equity_A,1.0
172,Low volatility,Maximum Sharpe,Demo_Equity_B,0.0
172,Low volatility,Maximum Sharpe,Demo_Bonds,0.0
172,Low volatility,Maximum Sharpe,Demo_Gold,0.0
172,Low volatility,Maximum Sharpe,Demo_REITs,0.0
173,Base,Equal weight,Demo_Equity_A,0.2
173,Base,Equal weight,Demo_Equity_B,0.2
173,Base,Equal weight,Demo_Bonds,0.2
173,Base,Equal weight,Demo_Gold,0.2
173,Base,Equal weight,Demo_REITs,0.2
173,Base,Minimum volatility,Demo_Equity_A,0.05532702160701085
173,Base,Minimum volatility,Demo_Equity_B,0.025431937872747324
173,Base,Minimum volatility,Demo_Bonds,0.7743014156375485
173,Base,Minimum volatility,Demo_Gold,0.142017273218467
173,Base,Minimum volatility,Demo_REITs,0.0029223516642263737
173,Base,Maximum Sharpe,Demo_Equity_A,0.0
173,Base,Maximum Sharpe,Demo_Equity_B,2.0351524907014036e-16
173,Base,Maximum Sharpe,Demo_Bonds,0.5653794794340756
173,Base,Maximum Sharpe,Demo_Gold,6.346641964421924e-17
173,Base,Maximum Sharpe,Demo_REITs,0.434620520565924
174,High volatility,Equal weight,Demo_Equity_A,0.2
174,High volatility,Equal weight,Demo_Equity_B,0.2
174,High volatility,Equal weight,Demo_Bonds,0.2
174,High volatility,Equal weight,Demo_Gold,0.2
174,High volatility,Equal weight,Demo_REITs,0.2
174,High volatility,Minimum volatility,Demo_Equity_A,0.07139781847431771
174,High volatility,Minimum volatility,Demo_Equity_B,0.00453191838973449
174,High volatility,Minimum volatility,Demo_Bonds,0.7749570289377394
174,High volatility,Minimum volatility,Demo_Gold,0.13981334563101133
174,High volatility,Minimum volatility,Demo_REITs,0.009299888567197042
174,High volatility,Maximum Sharpe,Demo_Equity_A,7.874242049603716e-17
174,High volatility,Maximum Sharpe,Demo_Equity_B,0.24398886898246738
174,High volatility,Maximum Sharpe,Demo_Bonds,0.0
174,High volatility,Maximum Sharpe,Demo_Gold,2.4378323087938666e-17
174,High volatility,Maximum Sharpe,Demo_REITs,0.7560111310175324
175,Low volatility,Equal weight,Demo_Equity_A,0.2
175,Low volatility,Equal weight,Demo_Equity_B,0.2
175,Low volatility,Equal weight,Demo_Bonds,0.2
175,Low volatility,Equal weight,Demo_Gold,0.2
175,Low volatility,Equal weight,Demo_REITs,0.2
175,Low volatility,Minimum volatility,Demo_Equity_A,0.06303881260773983
175,Low volatility,Minimum volatility,Demo_Equity_B,0.011159680050461786
175,Low volatility,Minimum volatility,Demo_Bonds,0.785818289986182
175,Low volatility,Minimum volatility,Demo_Gold,0.13386225609241514
175,Low volatility,Minimum volatility,Demo_REITs,0.006120961263201168
175,Low volatility,Maximum Sharpe,Demo_Equity_A,0.2107745190036694
175,Low volatility,Maximum Sharpe,Demo_Equity_B,0.36599536066801885
175,Low volatility,Maximum Sharpe,Demo_Bonds,0.022194284344246553
175,Low volatility,Maximum Sharpe,Demo_Gold,0.40103583598406517
175,Low volatility,Maximum Sharpe,Demo_REITs,0.0
176,Base,Equal weight,Demo_Equity_A,0.2
176,Base,Equal weight,Demo_Equity_B,0.2
176,Base,Equal weight,Demo_Bonds,0.2
176,Base,Equal weight,Demo_Gold,0.2
176,Base,Equal weight,Demo_REITs,0.2
176,Base,Minimum volatility,Demo_Equity_A,0.06803288382026386
176,Base,Minimum volatility,Demo_Equity_B,0.008788881507702467
176,Base,Minimum volatility,Demo_Bonds,0.7893372694594982
176,Base,Minimum volatility,Demo_Gold,0.12824976342702638
176,Base,Minimum volatility,Demo_REITs,0.005591201785509247
176,Base,Maximum Sharpe,Demo_Equity_A,0.223253827500173
176,Base,Maximum Sharpe,Demo_Equity_B,7.553593418403008e-16
176,Base,Maximum Sharpe,Demo_Bonds,0.5980247872162853
176,Base,Maximum Sharpe,Demo_Gold,0.17872138528354062
176,Base,Maximum Sharpe,Demo_REITs,2.861524748265394e-16
177,High volatility,Equal weight,Demo_Equity_A,0.2
177,High volatility,Equal weight,Demo_Equity_B,0.2
177,High volatility,Equal weight,Demo_Bonds,0.2
177,High volatility,Equal weight,Demo_Gold,0.2
177,High volatility,Equal weight,Demo_REITs,0.2
177,High volatility,Minimum volatility,Demo_Equity_A,0.0658851179408375
177,High volatility,Minimum volatility,Demo_Equity_B,0.016836235655015207
177,High volatility,Minimum volatility,Demo_Bonds,0.7892026035708601
177,High volatility,Minimum volatility,Demo_Gold,0.12807604283328727
177,High volatility,Minimum volatility,Demo_REITs,0.0
177,High volatility,Maximum Sharpe,Demo_Equity_A,0.19578340661212565
177,High volatility,Maximum Sharpe,Demo_Equity_B,0.0
177,High volatility,Maximum Sharpe,Demo_Bonds,0.799426002811732
177,High volatility,Maximum Sharpe,Demo_Gold,0.0
177,High volatility,Maximum Sharpe,Demo_REITs,0.004790590576142347
178,Low volatility,Equal weight,Demo_Equity_A,0.2
178,Low volatility,Equal weight,Demo_Equity_B,0.2
178,Low volatility,Equal weight,Demo_Bonds,0.2
178,Low volatility,Equal weight,Demo_Gold,0.2
178,Low volatility,Equal weight,Demo_REITs,0.2
178,Low volatility,Minimum volatility,Demo_Equity_A,0.07133448676541886
178,Low volatility,Minimum volatility,Demo_Equity_B,0.01313142366547453
178,Low volatility,Minimum volatility,Demo_Bonds,0.789753390711638
178,Low volatility,Minimum volatility,Demo_Gold,0.12578069885746845
178,Low volatility,Minimum volatility,Demo_REITs,0.0
178,Low volatility,Maximum Sharpe,Demo_Equity_A,0.5645150290164325
178,Low volatility,Maximum Sharpe,Demo_Equity_B,0.0
178,Low volatility,Maximum Sharpe,Demo_Bonds,0.36719500388181225
178,Low volatility,Maximum Sharpe,Demo_Gold,0.06828996710175529
178,Low volatility,Maximum Sharpe,Demo_REITs,3.25779150971866e-17
179,Base,Equal weight,Demo_Equity_A,0.2
179,Base,Equal weight,Demo_Equity_B,0.2
179,Base,Equal weight,Demo_Bonds,0.2
179,Base,Equal weight,Demo_Gold,0.2
179,Base,Equal weight,Demo_REITs,0.2
179,Base,Minimum volatility,Demo_Equity_A,0.05332354006944248
179,Base,Minimum volatility,Demo_Equity_B,0.022233355291963817
179,Base,Minimum volatility,Demo_Bonds,0.7842122960154077
179,Base,Minimum volatility,Demo_Gold,0.140230808623186
179,Base,Minimum volatility,Demo_REITs,0.0
179,Base,Maximum Sharpe,Demo_Equity_A,0.22717930906139108
179,Base,Maximum Sharpe,Demo_Equity_B,0.01589847042789529
179,Base,Maximum Sharpe,Demo_Bonds,0.7569222205107136
179,Base,Maximum Sharpe,Demo_Gold,7.625907552262178e-17
179,Base,Maximum Sharpe,Demo_REITs,0.0
180,High volatility,Equal weight,Demo_Equity_A,0.2
180,High volatility,Equal weight,Demo_Equity_B,0.2
180,High volatility,Equal weight,Demo_Bonds,0.2
180,High volatility,Equal weight,Demo_Gold,0.2
180,High volatility,Equal weight,Demo_REITs,0.2
180,High volatility,Minimum volatility,Demo_Equity_A,0.06173544046969172
180,High volatility,Minimum volatility,Demo_Equity_B,0.020253144503901685
180,High volatility,Minimum volatility,Demo_Bonds,0.8019893471751647
180,High volatility,Minimum volatility,Demo_Gold,0.11309834004143862
180,High volatility,Minimum volatility,Demo_REITs,0.00292372780980332
180,High volatility,Maximum Sharpe,Demo_Equity_A,0.0
180,High volatility,Maximum Sharpe,Demo_Equity_B,0.0
180,High volatility,Maximum Sharpe,Demo_Bonds,0.0
180,High volatility,Maximum Sharpe,Demo_Gold,1.0
180,High volatility,Maximum Sharpe,Demo_REITs,0.0
181,Low volatility,Equal weight,Demo_Equity_A,0.2
181,Low volatility,Equal weight,Demo_Equity_B,0.2
181,Low volatility,Equal weight,Demo_Bonds,0.2
181,Low volatility,Equal weight,Demo_Gold,0.2
181,Low volatility,Equal weight,Demo_REITs,0.2
181,Low volatility,Minimum volatility,Demo_Equity_A,0.06402279879238519
181,Low volatility,Minimum volatility,Demo_Equity_B,0.005982895224679888
181,Low volatility,Minimum volatility,Demo_Bonds,0.7769655913013215
181,Low volatility,Minimum volatility,Demo_Gold,0.1530287146816134
181,Low volatility,Minimum volatility,Demo_REITs,1.1896916760819996e-20
181,Low volatility,Maximum Sharpe,Demo_Equity_A,1.0
181,Low volatility,Maximum Sharpe,Demo_Equity_B,0.0
181,Low volatility,Maximum Sharpe,Demo_Bonds,0.0
181,Low volatility,Maximum Sharpe,Demo_Gold,0.0
181,Low volatility,Maximum Sharpe,Demo_REITs,0.0
182,Base,Equal weight,Demo_Equity_A,0.2
182,Base,Equal weight,Demo_Equity_B,0.2
182,Base,Equal weight,Demo_Bonds,0.2
182,Base,Equal weight,Demo_Gold,0.2
182,Base,Equal weight,Demo_REITs,0.2
182,Base,Minimum volatility,Demo_Equity_A,0.06988038875310412
182,Base,Minimum volatility,Demo_Equity_B,0.0008066153768340648
182,Base,Minimum volatility,Demo_Bonds,0.8033489029820984
182,Base,Minimum volatility,Demo_Gold,0.12596409288796345
182,Base,Minimum volatility,Demo_REITs,0.0
182,Base,Maximum Sharpe,Demo_Equity_A,0.20589745585078054
182,Base,Maximum Sharpe,Demo_Equity_B,0.0
182,Base,Maximum Sharpe,Demo_Bonds,0.6285002408543932
182,Base,Maximum Sharpe,Demo_Gold,9.430373768044878e-17
182,Base,Maximum Sharpe,Demo_REITs,0.16560230329482614
183,High volatility,Equal weight,Demo_Equity_A,0.2
183,High volatility,Equal weight,Demo_Equity_B,0.2
183,High volatility,Equal weight,Demo_Bonds,0.2
183,High volatility,Equal weight,Demo_Gold,0.2
183,High volatility,Equal weight,Demo_REITs,0.2
183,High volatility,Minimum volatility,Demo_Equity_A,0.05135144343213273
183,High volatility,Minimum volatility,Demo_Equity_B,0.024417920828058562
183,High volatility,Minimum volatility,Demo_Bonds,0.7801911730236945
183,High volatility,Minimum volatility,Demo_Gold,0.1414238823255771
183,High volatility,Minimum volatility,Demo_REITs,0.002615580390537202
183,High volatility,Maximum Sharpe,Demo_Equity_A,0.0
183,High volatility,Maximum Sharpe,Demo_Equity_B,0.13477719537284566
183,High volatility,Maximum Sharpe,Demo_Bonds,2.681666353645249e-17
183,High volatility,Maximum Sharpe,Demo_Gold,0.8652228046271543
183,High volatility,Maximum Sharpe,Demo_REITs,8.908388426105208e-17
184,Low volatility,Equal weight,Demo_Equity_A,0.2
184,Low volatility,Equal weight,Demo_Equity_B,0.2
184,Low volatility,Equal weight,Demo_Bonds,0.2
184,Low volatility,Equal weight,Demo_Gold,0.2
184,Low volatility,Equal weight,Demo_REITs,0.2
184,Low volatility,Minimum volatility,Demo_Equity_A,0.07333586940206362
184,Low volatility,Minimum volatility,Demo_Equity_B,0.01140180150724877
184,Low volatility,Minimum volatility,Demo_Bonds,0.7923550934701971
184,Low volatility,Minimum volatility,Demo_Gold,0.12290723562049058
184,Low volatility,Minimum volatility,Demo_REITs,4.167847830149596e-19
184,Low volatility,Maximum Sharpe,Demo_Equity_A,0.47136665531467864
184,Low volatility,Maximum Sharpe,Demo_Equity_B,0.5286333446853214
184,Low volatility,Maximum Sharpe,Demo_Bonds,0.0
184,Low volatility,Maximum Sharpe,Demo_Gold,2.6122856926186275e-17
184,Low volatility,Maximum Sharpe,Demo_REITs,0.0
185,Base,Equal weight,Demo_Equity_A,0.2
185,Base,Equal weight,Demo_Equity_B,0.2
185,Base,Equal weight,Demo_Bonds,0.2
185,Base,Equal weight,Demo_Gold,0.2
185,Base,Equal weight,Demo_REITs,0.2
185,Base,Minimum volatility,Demo_Equity_A,0.06193673786348826
185,Base,Minimum volatility,Demo_Equity_B,0.025455339611026896
185,Base,Minimum volatility,Demo_Bonds,0.7836959065768264
185,Base,Minimum volatility,Demo_Gold,0.12891201594865842
185,Base,Minimum volatility,Demo_REITs,1.6520671740410904e-18
185,Base,Maximum Sharpe,Demo_Equity_A,0.0862684158856455
185,Base,Maximum Sharpe,Demo_Equity_B,0.0
185,Base,Maximum Sharpe,Demo_Bonds,0.8067927467066875
185,Base,Maximum Sharpe,Demo_Gold,0.106938837407667
185,Base,Maximum Sharpe,Demo_REITs,0.0
186,High volatility,Equal weight,Demo_Equity_A,0.2
186,High volatility,Equal weight,Demo_Equity_B,0.2
186,High volatility,Equal weight,Demo_Bonds,0.2
186,High volatility,Equal weight,Demo_Gold,0.2
186,High volatility,Equal weight,Demo_REITs,0.2
186,High volatility,Minimum volatility,Demo_Equity_A,0.0704800302510094
186,High volatility,Minimum volatility,Demo_Equity_B,0.010247747002973222
186,High volatility,Minimum volatility,Demo_Bonds,0.779495459648427
186,High volatility,Minimum volatility,Demo_Gold,0.13977676309759038
186,High volatility,Minimum volatility,Demo_REITs,5.51265011842763e-19
186,High volatility,Maximum Sharpe,Demo_Equity_A,0.0
186,High volatility,Maximum Sharpe,Demo_Equity_B,0.0476033499120227
186,High volatility,Maximum Sharpe,Demo_Bonds,0.6737416059417612
186,High volatility,Maximum Sharpe,Demo_Gold,0.2786550441462159
186,High volatility,Maximum Sharpe,Demo_REITs,0.0
187,Low volatility,Equal weight,Demo_Equity_A,0.2
187,Low volatility,Equal weight,Demo_Equity_B,0.2
187,Low volatility,Equal weight,Demo_Bonds,0.2
187,Low volatility,Equal weight,Demo_Gold,0.2
187,Low volatility,Equal weight,Demo_REITs,0.2
187,Low volatility,Minimum volatility,Demo_Equity_A,0.07857231754667522
187,Low volatility,Minimum volatility,Demo_Equity_B,0.0022771193172257194
187,Low volatility,Minimum volatility,Demo_Bonds,0.7895357608029999
187,Low volatility,Minimum volatility,Demo_Gold,0.1296148023330992
187,Low volatility,Minimum volatility,Demo_REITs,0.0
187,Low volatility,Maximum Sharpe,Demo_Equity_A,1.3552953845880587e-17
187,Low volatility,Maximum Sharpe,Demo_Equity_B,0.03885564375441434
187,Low volatility,Maximum Sharpe,Demo_Bonds,0.7758761421940237
187,Low volatility,Maximum Sharpe,Demo_Gold,0.08214735870002421
187,Low volatility,Maximum Sharpe,Demo_REITs,0.10312085535153775
188,Base,Equal weight,Demo_Equity_A,0.2
188,Base,Equal weight,Demo_Equity_B,0.2
188,Base,Equal weight,Demo_Bonds,0.2
188,Base,Equal weight,Demo_Gold,0.2
188,Base,Equal weight,Demo_REITs,0.2
188,Base,Minimum volatility,Demo_Equity_A,0.08428837603114596
188,Base,Minimum volatility,Demo_Equity_B,0.0
188,Base,Minimum volatility,Demo_Bonds,0.7878184667826387
188,Base,Minimum volatility,Demo_Gold,0.12565003644258285
188,Base,Minimum volatility,Demo_REITs,0.0022431207436325144
188,Base,Maximum Sharpe,Demo_Equity_A,0.0
188,Base,Maximum Sharpe,Demo_Equity_B,0.14803092787158387
188,Base,Maximum Sharpe,Demo_Bonds,0.8519690721284159
188,Base,Maximum Sharpe,Demo_Gold,2.0044421309760855e-16
188,Base,Maximum Sharpe,Demo_REITs,0.0
189,High volatility,Equal weight,Demo_Equity_A,0.2
189,High volatility,Equal weight,Demo_Equity_B,0.2
189,High volatility,Equal weight,Demo_Bonds,0.2
189,High volatility,Equal weight,Demo_Gold,0.2
189,High volatility,Equal weight,Demo_REITs,0.2
189,High volatility,Minimum volatility,Demo_Equity_A,0.0823958457905973
189,High volatility,Minimum volatility,Demo_Equity_B,0.0005844362968055881
189,High volatility,Minimum volatility,Demo_Bonds,0.7869188680819262
189,High volatility,Minimum volatility,Demo_Gold,0.12645455084416063
189,High volatility,Minimum volatility,Demo_REITs,0.0036462989865103925
189,High volatility,Maximum Sharpe,Demo_Equity_A,1.0
189,High volatility,Maximum Sharpe,Demo_Equity_B,0.0
189,High volatility,Maximum Sharpe,Demo_Bonds,0.0
189,High volatility,Maximum Sharpe,Demo_Gold,0.0
189,High volatility,Maximum Sharpe,Demo_REITs,0.0
190,Low volatility,Equal weight,Demo_Equity_A,0.2
190,Low volatility,Equal weight,Demo_Equity_B,0.2
190,Low volatility,Equal weight,Demo_Bonds,0.2
190,Low volatility,Equal weight,Demo_Gold,0.2
190,Low volatility,Equal weight,Demo_REITs,0.2
190,Low volatility,Minimum volatility,Demo_Equity_A,0.0739047934055306
190,Low volatility,Minimum volatility,Demo_Equity_B,0.01893066597541486
190,Low volatility,Minimum volatility,Demo_Bonds,0.7742892808087558
190,Low volatility,Minimum volatility,Demo_Gold,0.13287525981029877
190,Low volatility,Minimum volatility,Demo_REITs,0.0
190,Low volatility,Maximum Sharpe,Demo_Equity_A,0.47457310472413483
190,Low volatility,Maximum Sharpe,Demo_Equity_B,0.0
190,Low volatility,Maximum Sharpe,Demo_Bonds,0.5254268952758653
190,Low volatility,Maximum Sharpe,Demo_Gold,0.0
190,Low volatility,Maximum Sharpe,Demo_REITs,0.0
191,Base,Equal weight,Demo_Equity_A,0.2
191,Base,Equal weight,Demo_Equity_B,0.2
191,Base,Equal weight,Demo_Bonds,0.2
191,Base,Equal weight,Demo_Gold,0.2
191,Base,Equal weight,Demo_REITs,0.2
191,Base,Minimum volatility,Demo_Equity_A,0.05513372801417565
191,Base,Minimum volatility,Demo_Equity_B,0.011027090513238401
191,Base,Minimum volatility,Demo_Bonds,0.7962756743235868
191,Base,Minimum volatility,Demo_Gold,0.13756350714899906
191,Base,Minimum volatility,Demo_REITs,3.542670655627156e-18
191,Base,Maximum Sharpe,Demo_Equity_A,0.0
191,Base,Maximum Sharpe,Demo_Equity_B,0.7579971708773525
191,Base,Maximum Sharpe,Demo_Bonds,4.32592302964807e-17
191,Base,Maximum Sharpe,Demo_Gold,0.24200282912264745
191,Base,Maximum Sharpe,Demo_REITs,1.5956419664933298e-17
192,High volatility,Equal weight,Demo_Equity_A,0.2
192,High volatility,Equal weight,Demo_Equity_B,0.2
192,High volatility,Equal weight,Demo_Bonds,0.2
192,High volatility,Equal weight,Demo_Gold,0.2
192,High volatility,Equal weight,Demo_REITs,0.2
192,High volatility,Minimum volatility,Demo_Equity_A,0.05470624072423293
192,High volatility,Minimum volatility,Demo_Equity_B,0.009268355702508687
192,High volatility,Minimum volatility,Demo_Bonds,0.801766147438846
192,High volatility,Minimum volatility,Demo_Gold,0.11991995067247849
192,High volatility,Minimum volatility,Demo_REITs,0.014339305461933956
192,High volatility,Maximum Sharpe,Demo_Equity_A,0.5109935838331139
192,High volatility,Maximum Sharpe,Demo_Equity_B,0.0
192,High volatility,Maximum Sharpe,Demo_Bonds,0.0
192,High volatility,Maximum Sharpe,Demo_Gold,0.489006416166886
192,High volatility,Maximum Sharpe,Demo_REITs,0.0
193,Low volatility,Equal weight,Demo_Equity_A,0.2
193,Low volatility,Equal weight,Demo_Equity_B,0.2
193,Low volatility,Equal weight,Demo_Bonds,0.2
193,Low volatility,Equal weight,Demo_Gold,0.2
193,Low volatility,Equal weight,Demo_REITs,0.2
193,Low volatility,Minimum volatility,Demo_Equity_A,0.07148431484562302
193,Low volatility,Minimum volatility,Demo_Equity_B,0.022024414786538857
193,Low volatility,Minimum volatility,Demo_Bonds,0.7701733532404386
193,Low volatility,Minimum volatility,Demo_Gold,0.13631791712739957
193,Low volatility,Minimum volatility,Demo_REITs,0.0
193,Low volatility,Maximum Sharpe,Demo_Equity_A,3.2035856866608804e-18
193,Low volatility,Maximum Sharpe,Demo_Equity_B,0.110242724013758
193,Low volatility,Maximum Sharpe,Demo_Bonds,0.3722183316614233
193,Low volatility,Maximum Sharpe,Demo_Gold,0.4680047705616788
193,Low volatility,Maximum Sharpe,Demo_REITs,0.049534173763139996
194,Base,Equal weight,Demo_Equity_A,0.2
194,Base,Equal weight,Demo_Equity_B,0.2
194,Base,Equal weight,Demo_Bonds,0.2
194,Base,Equal weight,Demo_Gold,0.2
194,Base,Equal weight,Demo_REITs,0.2
194,Base,Minimum volatility,Demo_Equity_A,0.07841469316005455
194,Base,Minimum volatility,Demo_Equity_B,0.004177257555304264
194,Base,Minimum volatility,Demo_Bonds,0.7797557186045394
194,Base,Minimum volatility,Demo_Gold,0.13765233068010174
194,Base,Minimum volatility,Demo_REITs,1.799529592546943e-18
194,Base,Maximum Sharpe,Demo_Equity_A,0.16504017202671636
194,Base,Maximum Sharpe,Demo_Equity_B,0.0
194,Base,Maximum Sharpe,Demo_Bonds,0.8134041366857742
194,Base,Maximum Sharpe,Demo_Gold,0.021555691287509622
194,Base,Maximum Sharpe,Demo_REITs,0.0
195,High volatility,Equal weight,Demo_Equity_A,0.2
195,High volatility,Equal weight,Demo_Equity_B,0.2
195,High volatility,Equal weight,Demo_Bonds,0.2
195,High volatility,Equal weight,Demo_Gold,0.2
195,High volatility,Equal weight,Demo_REITs,0.2
195,High volatility,Minimum volatility,Demo_Equity_A,0.06673606340852041
195,High volatility,Minimum volatility,Demo_Equity_B,0.015490689213929095
195,High volatility,Minimum volatility,Demo_Bonds,0.7964883015121687
195,High volatility,Minimum volatility,Demo_Gold,0.12128494586538184
195,High volatility,Minimum volatility,Demo_REITs,4.903350388411288e-19
195,High volatility,Maximum Sharpe,Demo_Equity_A,0.4561347367581684
195,High volatility,Maximum Sharpe,Demo_Equity_B,0.05721984653305442
195,High volatility,Maximum Sharpe,Demo_Bonds,2.637657156007155e-16
195,High volatility,Maximum Sharpe,Demo_Gold,0.48664541670877703
195,High volatility,Maximum Sharpe,Demo_REITs,0.0
196,Low volatility,Equal weight,Demo_Equity_A,0.2
196,Low volatility,Equal weight,Demo_Equity_B,0.2
196,Low volatility,Equal weight,Demo_Bonds,0.2
196,Low volatility,Equal weight,Demo_Gold,0.2
196,Low volatility,Equal weight,Demo_REITs,0.2
196,Low volatility,Minimum volatility,Demo_Equity_A,0.07727063835884185
196,Low volatility,Minimum volatility,Demo_Equity_B,0.01582505923869196
196,Low volatility,Minimum volatility,Demo_Bonds,0.7851744421984616
196,Low volatility,Minimum volatility,Demo_Gold,0.11999161358018487
196,Low volatility,Minimum volatility,Demo_REITs,0.0017382466238198826
196,Low volatility,Maximum Sharpe,Demo_Equity_A,0.12232939218514895
196,Low volatility,Maximum Sharpe,Demo_Equity_B,0.448102498647898
196,Low volatility,Maximum Sharpe,Demo_Bonds,0.3066095379765213
196,Low volatility,Maximum Sharpe,Demo_Gold,0.12295857119043188
196,Low volatility,Maximum Sharpe,Demo_REITs,0.0
197,Base,Equal weight,Demo_Equity_A,0.2
197,Base,Equal weight,Demo_Equity_B,0.2
197,Base,Equal weight,Demo_Bonds,0.2
197,Base,Equal weight,Demo_Gold,0.2
197,Base,Equal weight,Demo_REITs,0.2
197,Base,Minimum volatility,Demo_Equity_A,0.05547442158660827
197,Base,Minimum volatility,Demo_Equity_B,0.013333273031742194
197,Base,Minimum volatility,Demo_Bonds,0.7883270019298185
197,Base,Minimum volatility,Demo_Gold,0.1348715987661103
197,Base,Minimum volatility,Demo_REITs,0.0079937046857208
197,Base,Maximum Sharpe,Demo_Equity_A,2.6980830369623657e-16
197,Base,Maximum Sharpe,Demo_Equity_B,0.0
197,Base,Maximum Sharpe,Demo_Bonds,0.6123616104303922
197,Base,Maximum Sharpe,Demo_Gold,0.3876383895696074
197,Base,Maximum Sharpe,Demo_REITs,2.643499188615931e-16
198,High volatility,Equal weight,Demo_Equity_A,0.2
198,High volatility,Equal weight,Demo_Equity_B,0.2
198,High volatility,Equal weight,Demo_Bonds,0.2
198,High volatility,Equal weight,Demo_Gold,0.2
198,High volatility,Equal weight,Demo_REITs,0.2
198,High volatility,Minimum volatility,Demo_Equity_A,0.0706093472883035
198,High volatility,Minimum volatility,Demo_Equity_B,8.652154390189957e-20
198,High volatility,Minimum volatility,Demo_Bonds,0.7914834265624259
198,High volatility,Minimum volatility,Demo_Gold,0.13195702350255406
198,High volatility,Minimum volatility,Demo_REITs,0.0059502026467166645
198,High volatility,Maximum Sharpe,Demo_Equity_A,0.0
198,High volatility,Maximum Sharpe,Demo_Equity_B,0.37058064424540593
198,High volatility,Maximum Sharpe,Demo_Bonds,0.629419355754594
198,High volatility,Maximum Sharpe,Demo_Gold,7.094137744981371e-18
198,High volatility,Maximum Sharpe,Demo_REITs,0.0
199,Low volatility,Equal weight,Demo_Equity_A,0.2
199,Low volatility,Equal weight,Demo_Equity_B,0.2
199,Low volatility,Equal weight,Demo_Bonds,0.2
199,Low volatility,Equal weight,Demo_Gold,0.2
199,Low volatility,Equal weight,Demo_REITs,0.2
199,Low volatility,Minimum volatility,Demo_Equity_A,0.07113789772004385
199,Low volatility,Minimum volatility,Demo_Equity_B,0.006658292530552664
199,Low volatility,Minimum volatility,Demo_Bonds,0.78373705189824
199,Low volatility,Minimum volatility,Demo_Gold,0.13725882834218006
199,Low volatility,Minimum volatility,Demo_REITs,0.0012079295089834669
199,Low volatility,Maximum Sharpe,Demo_Equity_A,0.5219138099911104
199,Low volatility,Maximum Sharpe,Demo_Equity_B,0.0
199,Low volatility,Maximum Sharpe,Demo_Bonds,3.816073338053315e-16
199,Low volatility,Maximum Sharpe,Demo_Gold,0.3878253616127672
199,Low volatility,Maximum Sharpe,Demo_REITs,0.0902608283961221
200,Base,Equal weight,Demo_Equity_A,0.2
200,Base,Equal weight,Demo_Equity_B,0.2
200,Base,Equal weight,Demo_Bonds,0.2
200,Base,Equal weight,Demo_Gold,0.2
200,Base,Equal weight,Demo_REITs,0.2
200,Base,Minimum volatility,Demo_Equity_A,0.07533144280598046
200,Base,Minimum volatility,Demo_Equity_B,0.0072796937328055734
200,Base,Minimum volatility,Demo_Bonds,0.7820734950825876
200,Base,Minimum volatility,Demo_Gold,0.13531536837862637
200,Base,Minimum volatility,Demo_REITs,6.904797099578583e-21
200,Base,Maximum Sharpe,Demo_Equity_A,0.17528458262085536
200,Base,Maximum Sharpe,Demo_Equity_B,4.94924281703453e-17
200,Base,Maximum Sharpe,Demo_Bonds,2.232998737603121e-17
200,Base,Maximum Sharpe,Demo_Gold,0.0
200,Base,Maximum Sharpe,Demo_REITs,0.8247154173791446
201,High volatility,Equal weight,Demo_Equity_A,0.2
201,High volatility,Equal weight,Demo_Equity_B,0.2
201,High volatility,Equal weight,Demo_Bonds,0.2
201,High volatility,Equal weight,Demo_Gold,0.2
201,High volatility,Equal weight,Demo_REITs,0.2
201,High volatility,Minimum volatility,Demo_Equity_A,0.06078045261878992
201,High volatility,Minimum volatility,Demo_Equity_B,0.02632063316234249
201,High volatility,Minimum volatility,Demo_Bonds,0.7780908384048315
201,High volatility,Minimum volatility,Demo_Gold,0.13480807581403617
201,High volatility,Minimum volatility,Demo_REITs,5.148517907831853e-20
201,High volatility,Maximum Sharpe,Demo_Equity_A,0.0
201,High volatility,Maximum Sharpe,Demo_Equity_B,0.4008973521674656
201,High volatility,Maximum Sharpe,Demo_Bonds,0.0
201,High volatility,Maximum Sharpe,Demo_Gold,0.5991026478325344
201,High volatility,Maximum Sharpe,Demo_REITs,6.138426251487382e-17
202,Low volatility,Equal weight,Demo_Equity_A,0.2
202,Low volatility,Equal weight,Demo_Equity_B,0.2
202,Low volatility,Equal weight,Demo_Bonds,0.2
202,Low volatility,Equal weight,Demo_Gold,0.2
202,Low volatility,Equal weight,Demo_REITs,0.2
202,Low volatility,Minimum volatility,Demo_Equity_A,0.047347616652605375
202,Low volatility,Minimum volatility,Demo_Equity_B,0.027563234032391627
202,Low volatility,Minimum volatility,Demo_Bonds,0.785374324895232
202,Low volatility,Minimum volatility,Demo_Gold,0.12969368710282747
202,Low volatility,Minimum volatility,Demo_REITs,0.01002113731694359
202,Low volatility,Maximum Sharpe,Demo_Equity_A,0.9999999999999976
202,Low volatility,Maximum Sharpe,Demo_Equity_B,2.442490654175343e-15
202,Low volatility,Maximum Sharpe,Demo_Bonds,0.0
202,Low volatility,Maximum Sharpe,Demo_Gold,0.0
202,Low volatility,Maximum Sharpe,Demo_REITs,0.0
203,Base,Equal weight,Demo_Equity_A,0.2
203,Base,Equal weight,Demo_Equity_B,0.2
203,Base,Equal weight,Demo_Bonds,0.2
203,Base,Equal weight,Demo_Gold,0.2
203,Base,Equal weight,Demo_REITs,0.2
203,Base,Minimum volatility,Demo_Equity_A,0.07241833598633997
203,Base,Minimum volatility,Demo_Equity_B,0.01161383358678812
203,Base,Minimum volatility,Demo_Bonds,0.7805660655044769
203,Base,Minimum volatility,Demo_Gold,0.13353543501962625
203,Base,Minimum volatility,Demo_REITs,0.0018663299027686757
203,Base,Maximum Sharpe,Demo_Equity_A,0.5473521732654465
203,Base,Maximum Sharpe,Demo_Equity_B,0.0
203,Base,Maximum Sharpe,Demo_Bonds,1.6777900345758575e-16
203,Base,Maximum Sharpe,Demo_Gold,0.35169287858361725
203,Base,Maximum Sharpe,Demo_REITs,0.10095494815093603
204,High volatility,Equal weight,Demo_Equity_A,0.2
204,High volatility,Equal weight,Demo_Equity_B,0.2
204,High volatility,Equal weight,Demo_Bonds,0.2
204,High volatility,Equal weight,Demo_Gold,0.2
204,High volatility,Equal weight,Demo_REITs,0.2
204,High volatility,Minimum volatility,Demo_Equity_A,0.08717189979651153
204,High volatility,Minimum volatility,Demo_Equity_B,0.004807455485893435
204,High volatility,Minimum volatility,Demo_Bonds,0.7806916865335838
204,High volatility,Minimum volatility,Demo_Gold,0.12732895818401124
204,High volatility,Minimum volatility,Demo_REITs,4.189299988098895e-19
204,High volatility,Maximum Sharpe,Demo_Equity_A,0.5431627351335367
204,High volatility,Maximum Sharpe,Demo_Equity_B,4.035925964016115e-16
204,High volatility,Maximum Sharpe,Demo_Bonds,0.0
204,High volatility,Maximum Sharpe,Demo_Gold,0.45683726486646276
204,High volatility,Maximum Sharpe,Demo_REITs,0.0
205,Low volatility,Equal weight,Demo_Equity_A,0.2
205,Low volatility,Equal weight,Demo_Equity_B,0.2
205,Low volatility,Equal weight,Demo_Bonds,0.2
205,Low volatility,Equal weight,Demo_Gold,0.2
205,Low volatility,Equal weight,Demo_REITs,0.2
205,Low volatility,Minimum volatility,Demo_Equity_A,0.07629979132128047
205,Low volatility,Minimum volatility,Demo_Equity_B,3.975723294909129e-19
205,Low volatility,Minimum volatility,Demo_Bonds,0.8083381894539275
205,Low volatility,Minimum volatility,Demo_Gold,0.1052729807647741
205,Low volatility,Minimum volatility,Demo_REITs,0.010089038460017768
205,Low volatility,Maximum Sharpe,Demo_Equity_A,0.11677155840895877
205,Low volatility,Maximum Sharpe,Demo_Equity_B,3.3090588454131243e-16
205,Low volatility,Maximum Sharpe,Demo_Bonds,0.7717195710792958
205,Low volatility,Maximum Sharpe,Demo_Gold,3.459810349799371e-16
205,Low volatility,Maximum Sharpe,Demo_REITs,0.11150887051174474
206,Base,Equal weight,Demo_Equity_A,0.2
206,Base,Equal weight,Demo_Equity_B,0.2
206,Base,Equal weight,Demo_Bonds,0.2
206,Base,Equal weight,Demo_Gold,0.2
206,Base,Equal weight,Demo_REITs,0.2
206,Base,Minimum volatility,Demo_Equity_A,0.07087770883778316
206,Base,Minimum volatility,Demo_Equity_B,0.015637680990213596
206,Base,Minimum volatility,Demo_Bonds,0.7776982944940071
206,Base,Minimum volatility,Demo_Gold,0.13578631567799623
206,Base,Minimum volatility,Demo_REITs,0.0
206,Base,Maximum Sharpe,Demo_Equity_A,0.1844972032269217
206,Base,Maximum Sharpe,Demo_Equity_B,0.5227594715125531
206,Base,Maximum Sharpe,Demo_Bonds,0.0
206,Base,Maximum Sharpe,Demo_Gold,0.0
206,Base,Maximum Sharpe,Demo_REITs,0.29274332526052527
207,High volatility,Equal weight,Demo_Equity_A,0.2
207,High volatility,Equal weight,Demo_Equity_B,0.2
207,High volatility,Equal weight,Demo_Bonds,0.2
207,High volatility,Equal weight,Demo_Gold,0.2
207,High volatility,Equal weight,Demo_REITs,0.2
207,High volatility,Minimum volatility,Demo_Equity_A,0.05800274673106529
207,High volatility,Minimum volatility,Demo_Equity_B,0.025317896132585522
207,High volatility,Minimum volatility,Demo_Bonds,0.7687621004196755
207,High volatility,Minimum volatility,Demo_Gold,0.1479172567166737
207,High volatility,Minimum volatility,Demo_REITs,0.0
207,High volatility,Maximum Sharpe,Demo_Equity_A,7.089539957936165e-17
207,High volatility,Maximum Sharpe,Demo_Equity_B,0.0
207,High volatility,Maximum Sharpe,Demo_Bonds,0.0
207,High volatility,Maximum Sharpe,Demo_Gold,0.49035050946707137
207,High volatility,Maximum Sharpe,Demo_REITs,0.5096494905329285
208,Low volatility,Equal weight,Demo_Equity_A,0.2
208,Low volatility,Equal weight,Demo_Equity_B,0.2
208,Low volatility,Equal weight,Demo_Bonds,0.2
208,Low volatility,Equal weight,Demo_Gold,0.2
208,Low volatility,Equal weight,Demo_REITs,0.2
208,Low volatility,Minimum volatility,Demo_Equity_A,0.0695005281605242
208,Low volatility,Minimum volatility,Demo_Equity_B,0.008939202654163318
208,Low volatility,Minimum volatility,Demo_Bonds,0.8061894624264517
208,Low volatility,Minimum volatility,Demo_Gold,0.11537080675886077
208,Low volatility,Minimum volatility,Demo_REITs,0.0
208,Low volatility,Maximum Sharpe,Demo_Equity_A,0.0
208,Low volatility,Maximum Sharpe,Demo_Equity_B,0.07935658084021453
208,Low volatility,Maximum Sharpe,Demo_Bonds,0.5357612196734669
208,Low volatility,Maximum Sharpe,Demo_Gold,0.1941837585372589
208,Low volatility,Maximum Sharpe,Demo_REITs,0.19069844094905972
209,Base,Equal weight,Demo_Equity_A,0.2
209,Base,Equal weight,Demo_Equity_B,0.2
209,Base,Equal weight,Demo_Bonds,0.2
209,Base,Equal weight,Demo_Gold,0.2
209,Base,Equal weight,Demo_REITs,0.2
209,Base,Minimum volatility,Demo_Equity_A,0.06297064376670763
209,Base,Minimum volatility,Demo_Equity_B,0.009934776274988405
209,Base,Minimum volatility,Demo_Bonds,0.8012051211160502
209,Base,Minimum volatility,Demo_Gold,0.12588945884225378
209,Base,Minimum volatility,Demo_REITs,0.0
209,Base,Maximum Sharpe,Demo_Equity_A,0.5902660188272245
209,Base,Maximum Sharpe,Demo_Equity_B,0.10626043004109814
209,Base,Maximum Sharpe,Demo_Bonds,2.46221595643056e-17
209,Base,Maximum Sharpe,Demo_Gold,0.3034735511316774
209,Base,Maximum Sharpe,Demo_REITs,0.0
210,High volatility,Equal weight,Demo_Equity_A,0.2
210,High volatility,Equal weight,Demo_Equity_B,0.2
210,High volatility,Equal weight,Demo_Bonds,0.2
210,High volatility,Equal weight,Demo_Gold,0.2
210,High volatility,Equal weight,Demo_REITs,0.2
210,High volatility,Minimum volatility,Demo_Equity_A,0.07629838957513393
210,High volatility,Minimum volatility,Demo_Equity_B,0.014427812028532388
210,High volatility,Minimum volatility,Demo_Bonds,0.7757431397720874
210,High volatility,Minimum volatility,Demo_Gold,0.1335306586242461
210,High volatility,Minimum volatility,Demo_REITs,0.0
210,High volatility,Maximum Sharpe,Demo_Equity_A,0.0
210,High volatility,Maximum Sharpe,Demo_Equity_B,1.691888104464083e-16
210,High volatility,Maximum Sharpe,Demo_Bonds,0.0
210,High volatility,Maximum Sharpe,Demo_Gold,0.9999999999999998
210,High volatility,Maximum Sharpe,Demo_REITs,0.0
211,Low volatility,Equal weight,Demo_Equity_A,0.2
211,Low volatility,Equal weight,Demo_Equity_B,0.2
211,Low volatility,Equal weight,Demo_Bonds,0.2
211,Low volatility,Equal weight,Demo_Gold,0.2
211,Low volatility,Equal weight,Demo_REITs,0.2
211,Low volatility,Minimum volatility,Demo_Equity_A,0.06414772241704157
211,Low volatility,Minimum volatility,Demo_Equity_B,0.017183091546663993
211,Low volatility,Minimum volatility,Demo_Bonds,0.7831907734441894
211,Low volatility,Minimum volatility,Demo_Gold,0.13547841259210505
211,Low volatility,Minimum volatility,Demo_REITs,1.225837597102822e-19
211,Low volatility,Maximum Sharpe,Demo_Equity_A,0.2455071412955339
211,Low volatility,Maximum Sharpe,Demo_Equity_B,0.7544928587044658
211,Low volatility,Maximum Sharpe,Demo_Bonds,1.8694688234987876e-16
211,Low volatility,Maximum Sharpe,Demo_Gold,0.0
211,Low volatility,Maximum Sharpe,Demo_REITs,0.0
212,Base,Equal weight,Demo_Equity_A,0.2
212,Base,Equal weight,Demo_Equity_B,0.2
212,Base,Equal weight,Demo_Bonds,0.2
212,Base,Equal weight,Demo_Gold,0.2
212,Base,Equal weight,Demo_REITs,0.2
212,Base,Minimum volatility,Demo_Equity_A,0.05491709759379337
212,Base,Minimum volatility,Demo_Equity_B,0.008966204598285033
212,Base,Minimum volatility,Demo_Bonds,0.7993276095906803
212,Base,Minimum volatility,Demo_Gold,0.12407093356113795
212,Base,Minimum volatility,Demo_REITs,0.012718154656103396
212,Base,Maximum Sharpe,Demo_Equity_A,0.3719437064931436
212,Base,Maximum Sharpe,Demo_Equity_B,0.30146273469648327
212,Base,Maximum Sharpe,Demo_Bonds,2.0334419970694885e-17
212,Base,Maximum Sharpe,Demo_Gold,0.32659355881037305
212,Base,Maximum Sharpe,Demo_REITs,8.357905250269681e-18
213,High volatility,Equal weight,Demo_Equity_A,0.2
213,High volatility,Equal weight,Demo_Equity_B,0.2
213,High volatility,Equal weight,Demo_Bonds,0.2
213,High volatility,Equal weight,Demo_Gold,0.2
213,High volatility,Equal weight,Demo_REITs,0.2
213,High volatility,Minimum volatility,Demo_Equity_A,0.06753860789401502
213,High volatility,Minimum volatility,Demo_Equity_B,0.02015069256700723
213,High volatility,Minimum volatility,Demo_Bonds,0.7824640794018586
213,High volatility,Minimum volatility,Demo_Gold,0.12984662013711912
213,High volatility,Minimum volatility,Demo_REITs,3.7265462951925793e-19
213,High volatility,Maximum Sharpe,Demo_Equity_A,0.0
213,High volatility,Maximum Sharpe,Demo_Equity_B,0.08593102894204098
213,High volatility,Maximum Sharpe,Demo_Bonds,0.9140689710579591
213,High volatility,Maximum Sharpe,Demo_Gold,0.0
213,High volatility,Maximum Sharpe,Demo_REITs,0.0
214,Low volatility,Equal weight,Demo_Equity_A,0.2
214,Low volatility,Equal weight,Demo_Equity_B,0.2
214,Low volatility,Equal weight,Demo_Bonds,0.2
214,Low volatility,Equal weight,Demo_Gold,0.2
214,Low volatility,Equal weight,Demo_REITs,0.2
214,Low volatility,Minimum volatility,Demo_Equity_A,0.07681145690880328
214,Low volatility,Minimum volatility,Demo_Equity_B,0.005156600414134077
214,Low volatility,Minimum volatility,Demo_Bonds,0.7991263754544675
214,Low volatility,Minimum volatility,Demo_Gold,0.11890556722259513
214,Low volatility,Minimum volatility,Demo_REITs,0.0
214,Low volatility,Maximum Sharpe,Demo_Equity_A,0.28663523066141283
214,Low volatility,Maximum Sharpe,Demo_Equity_B,0.16454996316841336
214,Low volatility,Maximum Sharpe,Demo_Bonds,0.0
214,Low volatility,Maximum Sharpe,Demo_Gold,0.44175772691118
214,Low volatility,Maximum Sharpe,Demo_REITs,0.10705707925899371
215,Base,Equal weight,Demo_Equity_A,0.2
215,Base,Equal weight,Demo_Equity_B,0.2
215,Base,Equal weight,Demo_Bonds,0.2
215,Base,Equal weight,Demo_Gold,0.2
215,Base,Equal weight,Demo_REITs,0.2
215,Base,Minimum volatility,Demo_Equity_A,0.053051960500725866
215,Base,Minimum volatility,Demo_Equity_B,0.019760968990128906
215,Base,Minimum volatility,Demo_Bonds,0.8005560862149941
215,Base,Minimum volatility,Demo_Gold,0.12663098429415118
215,Base,Minimum volatility,Demo_REITs,8.026171667030728e-19
215,Base,Maximum Sharpe,Demo_Equity_A,0.1847126672879014
215,Base,Maximum Sharpe,Demo_Equity_B,0.16095264891803004
215,Base,Maximum Sharpe,Demo_Bonds,0.6543346837940683
215,Base,Maximum Sharpe,Demo_Gold,1.6476195148989342e-17
215,Base,Maximum Sharpe,Demo_REITs,1.7443373603777507e-16
216,High volatility,Equal weight,Demo_Equity_A,0.2
216,High volatility,Equal weight,Demo_Equity_B,0.2
216,High volatility,Equal weight,Demo_Bonds,0.2
216,High volatility,Equal weight,Demo_Gold,0.2
216,High volatility,Equal weight,Demo_REITs,0.2
216,High volatility,Minimum volatility,Demo_Equity_A,0.048302724301371926
216,High volatility,Minimum volatility,Demo_Equity_B,0.024037746002587523
216,High volatility,Minimum volatility,Demo_Bonds,0.8006022844426387
216,High volatility,Minimum volatility,Demo_Gold,0.12496859189907833
216,High volatility,Minimum volatility,Demo_REITs,0.002088653354323675
216,High volatility,Maximum Sharpe,Demo_Equity_A,8.277197478109562e-17
216,High volatility,Maximum Sharpe,Demo_Equity_B,0.28485542005075865
216,High volatility,Maximum Sharpe,Demo_Bonds,0.0
216,High volatility,Maximum Sharpe,Demo_Gold,0.7151445799492414
216,High volatility,Maximum Sharpe,Demo_REITs,0.0
217,Low volatility,Equal weight,Demo_Equity_A,0.2
217,Low volatility,Equal weight,Demo_Equity_B,0.2
217,Low volatility,Equal weight,Demo_Bonds,0.2
217,Low volatility,Equal weight,Demo_Gold,0.2
217,Low volatility,Equal weight,Demo_REITs,0.2
217,Low volatility,Minimum volatility,Demo_Equity_A,0.06623834981091563
217,Low volatility,Minimum volatility,Demo_Equity_B,0.011283225973383174
217,Low volatility,Minimum volatility,Demo_Bonds,0.7913318332496333
217,Low volatility,Minimum volatility,Demo_Gold,0.13114659096606782
217,Low volatility,Minimum volatility,Demo_REITs,0.0
217,Low volatility,Maximum Sharpe,Demo_Equity_A,0.0
217,Low volatility,Maximum Sharpe,Demo_Equity_B,0.38574717563849276
217,Low volatility,Maximum Sharpe,Demo_Bonds,4.2696365425690676e-16
217,Low volatility,Maximum Sharpe,Demo_Gold,0.6142528243615067
217,Low volatility,Maximum Sharpe,Demo_REITs,4.813375406317146e-17
218,Base,Equal weight,Demo_Equity_A,0.2
218,Base,Equal weight,Demo_Equity_B,0.2
218,Base,Equal weight,Demo_Bonds,0.2
218,Base,Equal weight,Demo_Gold,0.2
218,Base,Equal weight,Demo_REITs,0.2
218,Base,Minimum volatility,Demo_Equity_A,0.05803372299319386
218,Base,Minimum volatility,Demo_Equity_B,0.01825879440529671
218,Base,Minimum volatility,Demo_Bonds,0.7903678722809541
218,Base,Minimum volatility,Demo_Gold,0.13333961032055527
218,Base,Minimum volatility,Demo_REITs,3.329929256807725e-19
218,Base,Maximum Sharpe,Demo_Equity_A,0.3054658629249748
218,Base,Maximum Sharpe,Demo_Equity_B,6.6055604082076545e-16
218,Base,Maximum Sharpe,Demo_Bonds,0.32532953652728813
218,Base,Maximum Sharpe,Demo_Gold,0.3692046005477365
218,Base,Maximum Sharpe,Demo_REITs,0.0
219,High volatility,Equal weight,Demo_Equity_A,0.2
219,High volatility,Equal weight,Demo_Equity_B,0.2
219,High volatility,Equal weight,Demo_Bonds,0.2
219,High volatility,Equal weight,Demo_Gold,0.2
219,High volatility,Equal weight,Demo_REITs,0.2
219,High volatility,Minimum volatility,Demo_Equity_A,0.07908025450239935
219,High volatility,Minimum volatility,Demo_Equity_B,0.0029084776458568606
219,High volatility,Minimum volatility,Demo_Bonds,0.7810513874704004
219,High volatility,Minimum volatility,Demo_Gold,0.13695988038134346
219,High volatility,Minimum volatility,Demo_REITs,0.0
219,High volatility,Maximum Sharpe,Demo_Equity_A,0.0
219,High volatility,Maximum Sharpe,Demo_Equity_B,7.746681689155892e-17
219,High volatility,Maximum Sharpe,Demo_Bonds,8.365885922131923e-17
219,High volatility,Maximum Sharpe,Demo_Gold,0.9444022199849216
219,High volatility,Maximum Sharpe,Demo_REITs,0.05559778001507833
220,Low volatility,Equal weight,Demo_Equity_A,0.2
220,Low volatility,Equal weight,Demo_Equity_B,0.2
220,Low volatility,Equal weight,Demo_Bonds,0.2
220,Low volatility,Equal weight,Demo_Gold,0.2
220,Low volatility,Equal weight,Demo_REITs,0.2
220,Low volatility,Minimum volatility,Demo_Equity_A,0.059016915852095654
220,Low volatility,Minimum volatility,Demo_Equity_B,0.0241654579629775
220,Low volatility,Minimum volatility,Demo_Bonds,0.7833184757831936
220,Low volatility,Minimum volatility,Demo_Gold,0.13349915040173335
220,Low volatility,Minimum volatility,Demo_REITs,0.0
220,Low volatility,Maximum Sharpe,Demo_Equity_A,0.0786118601761488
220,Low volatility,Maximum Sharpe,Demo_Equity_B,1.7483437933223582e-16
220,Low volatility,Maximum Sharpe,Demo_Bonds,0.9213881398238507
220,Low volatility,Maximum Sharpe,Demo_Gold,0.0
220,Low volatility,Maximum Sharpe,Demo_REITs,1.6966381449187483e-16
221,Base,Equal weight,Demo_Equity_A,0.2
221,Base,Equal weight,Demo_Equity_B,0.2
221,Base,Equal weight,Demo_Bonds,0.2
221,Base,Equal weight,Demo_Gold,0.2
221,Base,Equal weight,Demo_REITs,0.2
221,Base,Minimum volatility,Demo_Equity_A,0.0717497345696235
221,Base,Minimum volatility,Demo_Equity_B,0.013890350047643222
221,Base,Minimum volatility,Demo_Bonds,0.7938924647753468
221,Base,Minimum volatility,Demo_Gold,0.12046745060738653
221,Base,Minimum volatility,Demo_REITs,0.0
221,Base,Maximum Sharpe,Demo_Equity_A,0.0
221,Base,Maximum Sharpe,Demo_Equity_B,0.15912302260515393
221,Base,Maximum Sharpe,Demo_Bonds,0.0
221,Base,Maximum Sharpe,Demo_Gold,0.8408769773948459
221,Base,Maximum Sharpe,Demo_REITs,1.1253186828494972e-16
222,High volatility,Equal weight,Demo_Equity_A,0.2
222,High volatility,Equal weight,Demo_Equity_B,0.2
222,High volatility,Equal weight,Demo_Bonds,0.2
222,High volatility,Equal weight,Demo_Gold,0.2
222,High volatility,Equal weight,Demo_REITs,0.2
222,High volatility,Minimum volatility,Demo_Equity_A,0.05692756302572764
222,High volatility,Minimum volatility,Demo_Equity_B,0.02687703947108319
222,High volatility,Minimum volatility,Demo_Bonds,0.7844533410678622
222,High volatility,Minimum volatility,Demo_Gold,0.1250889254040525
222,High volatility,Minimum volatility,Demo_REITs,0.006653131031274278
222,High volatility,Maximum Sharpe,Demo_Equity_A,0.8860842148791609
222,High volatility,Maximum Sharpe,Demo_Equity_B,0.0
222,High volatility,Maximum Sharpe,Demo_Bonds,0.11391578512083897
222,High volatility,Maximum Sharpe,Demo_Gold,0.0
222,High volatility,Maximum Sharpe,Demo_REITs,3.132820179812456e-16
223,Low volatility,Equal weight,Demo_Equity_A,0.2
223,Low volatility,Equal weight,Demo_Equity_B,0.2
223,Low volatility,Equal weight,Demo_Bonds,0.2
223,Low volatility,Equal weight,Demo_Gold,0.2
223,Low volatility,Equal weight,Demo_REITs,0.2
223,Low volatility,Minimum volatility,Demo_Equity_A,0.054519187981850466
223,Low volatility,Minimum volatility,Demo_Equity_B,0.01440421344581676
223,Low volatility,Minimum volatility,Demo_Bonds,0.8110262333622943
223,Low volatility,Minimum volatility,Demo_Gold,0.12005036521003831
223,Low volatility,Minimum volatility,Demo_REITs,1.7848195413817087e-18
223,Low volatility,Maximum Sharpe,Demo_Equity_A,0.0973487416152833
223,Low volatility,Maximum Sharpe,Demo_Equity_B,0.17681945387296039
223,Low volatility,Maximum Sharpe,Demo_Bonds,0.6615001265530527
223,Low volatility,Maximum Sharpe,Demo_Gold,5.55792041923204e-17
223,Low volatility,Maximum Sharpe,Demo_REITs,0.06433167795870359
224,Base,Equal weight,Demo_Equity_A,0.2
224,Base,Equal weight,Demo_Equity_B,0.2
224,Base,Equal weight,Demo_Bonds,0.2
224,Base,Equal weight,Demo_Gold,0.2
224,Base,Equal weight,Demo_REITs,0.2
224,Base,Minimum volatility,Demo_Equity_A,0.07711548875023483
224,Base,Minimum volatility,Demo_Equity_B,0.010607340879569759
224,Base,Minimum volatility,Demo_Bonds,0.7977496556400325
224,Base,Minimum volatility,Demo_Gold,0.11429119024386289
224,Base,Minimum volatility,Demo_REITs,0.00023632448629997728
224,Base,Maximum Sharpe,Demo_Equity_A,8.411837996640147e-16
224,Base,Maximum Sharpe,Demo_Equity_B,0.0
224,Base,Maximum Sharpe,Demo_Bonds,0.740835410258645
224,Base,Maximum Sharpe,Demo_Gold,0.25916458974135403
224,Base,Maximum Sharpe,Demo_REITs,0.0
225,High volatility,Equal weight,Demo_Equity_A,0.2
225,High volatility,Equal weight,Demo_Equity_B,0.2
225,High volatility,Equal weight,Demo_Bonds,0.2
225,High volatility,Equal weight,Demo_Gold,0.2
225,High volatility,Equal weight,Demo_REITs,0.2
225,High volatility,Minimum volatility,Demo_Equity_A,0.05250068073102288
225,High volatility,Minimum volatility,Demo_Equity_B,0.01644154278212674
225,High volatility,Minimum volatility,Demo_Bonds,0.8026341171966401
225,High volatility,Minimum volatility,Demo_Gold,0.1284236592902102
225,High volatility,Minimum volatility,Demo_REITs,0.0
225,High volatility,Maximum Sharpe,Demo_Equity_A,0.14912697990188314
225,High volatility,Maximum Sharpe,Demo_Equity_B,0.19817891630199458
225,High volatility,Maximum Sharpe,Demo_Bonds,0.5850429400453893
225,High volatility,Maximum Sharpe,Demo_Gold,0.06765116375073293
225,High volatility,Maximum Sharpe,Demo_REITs,5.932441051179108e-18
226,Low volatility,Equal weight,Demo_Equity_A,0.2
226,Low volatility,Equal weight,Demo_Equity_B,0.2
226,Low volatility,Equal weight,Demo_Bonds,0.2
226,Low volatility,Equal weight,Demo_Gold,0.2
226,Low volatility,Equal weight,Demo_REITs,0.2
226,Low volatility,Minimum volatility,Demo_Equity_A,0.059269901929387137
226,Low volatility,Minimum volatility,Demo_Equity_B,0.018867748599885287
226,Low volatility,Minimum volatility,Demo_Bonds,0.8176993974394402
226,Low volatility,Minimum volatility,Demo_Gold,0.09959788160482518
226,Low volatility,Minimum volatility,Demo_REITs,0.004565070426462163
226,Low volatility,Maximum Sharpe,Demo_Equity_A,0.2867051327423681
226,Low volatility,Maximum Sharpe,Demo_Equity_B,0.0
226,Low volatility,Maximum Sharpe,Demo_Bonds,0.35465193184249033
226,Low volatility,Maximum Sharpe,Demo_Gold,0.35864293541514175
226,Low volatility,Maximum Sharpe,Demo_REITs,0.0
227,Base,Equal weight,Demo_Equity_A,0.2
227,Base,Equal weight,Demo_Equity_B,0.2
227,Base,Equal weight,Demo_Bonds,0.2
227,Base,Equal weight,Demo_Gold,0.2
227,Base,Equal weight,Demo_REITs,0.2
227,Base,Minimum volatility,Demo_Equity_A,0.07803123864533598
227,Base,Minimum volatility,Demo_Equity_B,0.007384489527908751
227,Base,Minimum volatility,Demo_Bonds,0.7964105486341214
227,Base,Minimum volatility,Demo_Gold,0.11817372319263393
227,Base,Minimum volatility,Demo_REITs,0.0
227,Base,Maximum Sharpe,Demo_Equity_A,0.13307228982906835
227,Base,Maximum Sharpe,Demo_Equity_B,8.021412211587093e-17
227,Base,Maximum Sharpe,Demo_Bonds,0.0
227,Base,Maximum Sharpe,Demo_Gold,0.6915500198156285
227,Base,Maximum Sharpe,Demo_REITs,0.17537769035530315
228,High volatility,Equal weight,Demo_Equity_A,0.2
228,High volatility,Equal weight,Demo_Equity_B,0.2
228,High volatility,Equal weight,Demo_Bonds,0.2
228,High volatility,Equal weight,Demo_Gold,0.2
228,High volatility,Equal weight,Demo_REITs,0.2
228,High volatility,Minimum volatility,Demo_Equity_A,0.06967030865392734
228,High volatility,Minimum volatility,Demo_Equity_B,0.0050821289105411754
228,High volatility,Minimum volatility,Demo_Bonds,0.7861985691516689
228,High volatility,Minimum volatility,Demo_Gold,0.13138275379310693
228,High volatility,Minimum volatility,Demo_REITs,0.007666239490755744
228,High volatility,Maximum Sharpe,Demo_Equity_A,0.41792962238318015
228,High volatility,Maximum Sharpe,Demo_Equity_B,0.06461871309921696
228,High volatility,Maximum Sharpe,Demo_Bonds,0.517451664517602
228,High volatility,Maximum Sharpe,Demo_Gold,0.0
228,High volatility,Maximum Sharpe,Demo_REITs,9.661030109941814e-16
229,Low volatility,Equal weight,Demo_Equity_A,0.2
229,Low volatility,Equal weight,Demo_Equity_B,0.2
229,Low volatility,Equal weight,Demo_Bonds,0.2
229,Low volatility,Equal weight,Demo_Gold,0.2
229,Low volatility,Equal weight,Demo_REITs,0.2
229,Low volatility,Minimum volatility,Demo_Equity_A,0.0664155233246219
229,Low volatility,Minimum volatility,Demo_Equity_B,0.010732221384929456
229,Low volatility,Minimum volatility,Demo_Bonds,0.7936872819998004
229,Low volatility,Minimum volatility,Demo_Gold,0.12916497329064805
229,Low volatility,Minimum volatility,Demo_REITs,8.335695660299188e-20
229,Low volatility,Maximum Sharpe,Demo_Equity_A,6.495048829048895e-17
229,Low volatility,Maximum Sharpe,Demo_Equity_B,0.4516850908159349
229,Low volatility,Maximum Sharpe,Demo_Bonds,0.0
229,Low volatility,Maximum Sharpe,Demo_Gold,0.0
229,Low volatility,Maximum Sharpe,Demo_REITs,0.5483149091840651
230,Base,Equal weight,Demo_Equity_A,0.2
230,Base,Equal weight,Demo_Equity_B,0.2
230,Base,Equal weight,Demo_Bonds,0.2
230,Base,Equal weight,Demo_Gold,0.2
230,Base,Equal weight,Demo_REITs,0.2
230,Base,Minimum volatility,Demo_Equity_A,0.06721858302023682
230,Base,Minimum volatility,Demo_Equity_B,0.00806070836267704
230,Base,Minimum volatility,Demo_Bonds,0.8005225996178547
230,Base,Minimum volatility,Demo_Gold,0.12419810899923148
230,Base,Minimum volatility,Demo_REITs,0.0
230,Base,Maximum Sharpe,Demo_Equity_A,8.147997229313381e-16
230,Base,Maximum Sharpe,Demo_Equity_B,0.1098191969461165
230,Base,Maximum Sharpe,Demo_Bonds,0.8485013502980638
230,Base,Maximum Sharpe,Demo_Gold,0.041679452755811634
230,Base,Maximum Sharpe,Demo_REITs,7.194477512327142e-15
231,High volatility,Equal weight,Demo_Equity_A,0.2
231,High volatility,Equal weight,Demo_Equity_B,0.2
231,High volatility,Equal weight,Demo_Bonds,0.2
231,High volatility,Equal weight,Demo_Gold,0.2
231,High volatility,Equal weight,Demo_REITs,0.2
231,High volatility,Minimum volatility,Demo_Equity_A,0.06643702893253929
231,High volatility,Minimum volatility,Demo_Equity_B,0.024210984397401193
231,High volatility,Minimum volatility,Demo_Bonds,0.7733764435175714
231,High volatility,Minimum volatility,Demo_Gold,0.13597554315248814
231,High volatility,Minimum volatility,Demo_REITs,3.243446084699293e-19
231,High volatility,Maximum Sharpe,Demo_Equity_A,0.0
231,High volatility,Maximum Sharpe,Demo_Equity_B,0.0
231,High volatility,Maximum Sharpe,Demo_Bonds,0.0
231,High volatility,Maximum Sharpe,Demo_Gold,1.0
231,High volatility,Maximum Sharpe,Demo_REITs,0.0
232,Low volatility,Equal weight,Demo_Equity_A,0.2
232,Low volatility,Equal weight,Demo_Equity_B,0.2
232,Low volatility,Equal weight,Demo_Bonds,0.2
232,Low volatility,Equal weight,Demo_Gold,0.2
232,Low volatility,Equal weight,Demo_REITs,0.2
232,Low volatility,Minimum volatility,Demo_Equity_A,0.050013422527794615
232,Low volatility,Minimum volatility,Demo_Equity_B,0.02849599751664202
232,Low volatility,Minimum volatility,Demo_Bonds,0.7945678137335535
232,Low volatility,Minimum volatility,Demo_Gold,0.12193252694309509
232,Low volatility,Minimum volatility,Demo_REITs,0.004990239278914817
232,Low volatility,Maximum Sharpe,Demo_Equity_A,0.35472349911192425
232,Low volatility,Maximum Sharpe,Demo_Equity_B,0.038011168881341574
232,Low volatility,Maximum Sharpe,Demo_Bonds,2.7552268487684157e-17
232,Low volatility,Maximum Sharpe,Demo_Gold,0.49761199944564194
232,Low volatility,Maximum Sharpe,Demo_REITs,0.10965333256109239
233,Base,Equal weight,Demo_Equity_A,0.2
233,Base,Equal weight,Demo_Equity_B,0.2
233,Base,Equal weight,Demo_Bonds,0.2
233,Base,Equal weight,Demo_Gold,0.2
233,Base,Equal weight,Demo_REITs,0.2
233,Base,Minimum volatility,Demo_Equity_A,0.03929362115246408
233,Base,Minimum volatility,Demo_Equity_B,0.026227645643142942
233,Base,Minimum volatility,Demo_Bonds,0.8065330974715266
233,Base,Minimum volatility,Demo_Gold,0.11525159488806153
233,Base,Minimum volatility,Demo_REITs,0.01269404084480488
233,Base,Maximum Sharpe,Demo_Equity_A,0.0
233,Base,Maximum Sharpe,Demo_Equity_B,0.0
233,Base,Maximum Sharpe,Demo_Bonds,1.0
233,Base,Maximum Sharpe,Demo_Gold,0.0
233,Base,Maximum Sharpe,Demo_REITs,0.0
234,High volatility,Equal weight,Demo_Equity_A,0.2
234,High volatility,Equal weight,Demo_Equity_B,0.2
234,High volatility,Equal weight,Demo_Bonds,0.2
234,High volatility,Equal weight,Demo_Gold,0.2
234,High volatility,Equal weight,Demo_REITs,0.2
234,High volatility,Minimum volatility,Demo_Equity_A,0.07094581860240563
234,High volatility,Minimum volatility,Demo_Equity_B,0.01175945490610039
234,High volatility,Minimum volatility,Demo_Bonds,0.7824819556564
234,High volatility,Minimum volatility,Demo_Gold,0.13481277083509396
234,High volatility,Minimum volatility,Demo_REITs,5.953951653384588e-19
234,High volatility,Maximum Sharpe,Demo_Equity_A,0.0
234,High volatility,Maximum Sharpe,Demo_Equity_B,0.013463210884364502
234,High volatility,Maximum Sharpe,Demo_Bonds,0.0
234,High volatility,Maximum Sharpe,Demo_Gold,0.5646632716191322
234,High volatility,Maximum Sharpe,Demo_REITs,0.4218735174965032
235,Low volatility,Equal weight,Demo_Equity_A,0.2
235,Low volatility,Equal weight,Demo_Equity_B,0.2
235,Low volatility,Equal weight,Demo_Bonds,0.2
235,Low volatility,Equal weight,Demo_Gold,0.2
235,Low volatility,Equal weight,Demo_REITs,0.2
235,Low volatility,Minimum volatility,Demo_Equity_A,0.0755854026677529
235,Low volatility,Minimum volatility,Demo_Equity_B,0.0014798357139201093
235,Low volatility,Minimum volatility,Demo_Bonds,0.813030852465515
235,Low volatility,Minimum volatility,Demo_Gold,0.10990390915281203
235,Low volatility,Minimum volatility,Demo_REITs,0.0
235,Low volatility,Maximum Sharpe,Demo_Equity_A,0.15998858119746986
235,Low volatility,Maximum Sharpe,Demo_Equity_B,3.748102613304065e-16
235,Low volatility,Maximum Sharpe,Demo_Bonds,0.5435028459465912
235,Low volatility,Maximum Sharpe,Demo_Gold,0.2965085728559385
235,Low volatility,Maximum Sharpe,Demo_REITs,0.0
236,Base,Equal weight,Demo_Equity_A,0.2
236,Base,Equal weight,Demo_Equity_B,0.2
236,Base,Equal weight,Demo_Bonds,0.2
236,Base,Equal weight,Demo_Gold,0.2
236,Base,Equal weight,Demo_REITs,0.2
236,Base,Minimum volatility,Demo_Equity_A,0.07171588160938182
236,Base,Minimum volatility,Demo_Equity_B,0.017076057350218644
236,Base,Minimum volatility,Demo_Bonds,0.7769948668571411
236,Base,Minimum volatility,Demo_Gold,0.13421319418325844
236,Base,Minimum volatility,Demo_REITs,8.50324041424206e-21
236,Base,Maximum Sharpe,Demo_Equity_A,0.8967637990520638
236,Base,Maximum Sharpe,Demo_Equity_B,0.10323620094793623
236,Base,Maximum Sharpe,Demo_Bonds,0.0
236,Base,Maximum Sharpe,Demo_Gold,2.8202825699517845e-17
236,Base,Maximum Sharpe,Demo_REITs,0.0
237,High volatility,Equal weight,Demo_Equity_A,0.2
237,High volatility,Equal weight,Demo_Equity_B,0.2
237,High volatility,Equal weight,Demo_Bonds,0.2
237,High volatility,Equal weight,Demo_Gold,0.2
237,High volatility,Equal weight,Demo_REITs,0.2
237,High volatility,Minimum volatility,Demo_Equity_A,0.044800954768716005
237,High volatility,Minimum volatility,Demo_Equity_B,0.02436367568261805
237,High volatility,Minimum volatility,Demo_Bonds,0.782363934045347
237,High volatility,Minimum volatility,Demo_Gold,0.135805664032178
237,High volatility,Minimum volatility,Demo_REITs,0.012665771471140966
237,High volatility,Maximum Sharpe,Demo_Equity_A,0.0
237,High volatility,Maximum Sharpe,Demo_Equity_B,0.0
237,High volatility,Maximum Sharpe,Demo_Bonds,0.0
237,High volatility,Maximum Sharpe,Demo_Gold,1.0
237,High volatility,Maximum Sharpe,Demo_REITs,0.0
238,Low volatility,Equal weight,Demo_Equity_A,0.2
238,Low volatility,Equal weight,Demo_Equity_B,0.2
238,Low volatility,Equal weight,Demo_Bonds,0.2
238,Low volatility,Equal weight,Demo_Gold,0.2
238,Low volatility,Equal weight,Demo_REITs,0.2
238,Low volatility,Minimum volatility,Demo_Equity_A,0.06284924962883383
238,Low volatility,Minimum volatility,Demo_Equity_B,0.018703855440682537
238,Low volatility,Minimum volatility,Demo_Bonds,0.7998750986093937
238,Low volatility,Minimum volatility,Demo_Gold,0.11784432955594656
238,Low volatility,Minimum volatility,Demo_REITs,0.000727466765143484
238,Low volatility,Maximum Sharpe,Demo_Equity_A,0.6353388413052539
238,Low volatility,Maximum Sharpe,Demo_Equity_B,0.0
238,Low volatility,Maximum Sharpe,Demo_Bonds,8.710776432862177e-17
238,Low volatility,Maximum Sharpe,Demo_Gold,8.313699237727229e-17
238,Low volatility,Maximum Sharpe,Demo_REITs,0.364661158694746
239,Base,Equal weight,Demo_Equity_A,0.2
239,Base,Equal weight,Demo_Equity_B,0.2
239,Base,Equal weight,Demo_Bonds,0.2
239,Base,Equal weight,Demo_Gold,0.2
239,Base,Equal weight,Demo_REITs,0.2
239,Base,Minimum volatility,Demo_Equity_A,0.05147421858022766
239,Base,Minimum volatility,Demo_Equity_B,0.013879067338499917
239,Base,Minimum volatility,Demo_Bonds,0.8028242319319715
239,Base,Minimum volatility,Demo_Gold,0.12544217849062383
239,Base,Minimum volatility,Demo_REITs,0.006380303658677103
239,Base,Maximum Sharpe,Demo_Equity_A,0.0
239,Base,Maximum Sharpe,Demo_Equity_B,0.9999999999999998
239,Base,Maximum Sharpe,Demo_Bonds,1.3515590956137678e-16
239,Base,Maximum Sharpe,Demo_Gold,1.0153986577943545e-16
239,Base,Maximum Sharpe,Demo_REITs,0.0
240,High volatility,Equal weight,Demo_Equity_A,0.2
240,High volatility,Equal weight,Demo_Equity_B,0.2
240,High volatility,Equal weight,Demo_Bonds,0.2
240,High volatility,Equal weight,Demo_Gold,0.2
240,High volatility,Equal weight,Demo_REITs,0.2
240,High volatility,Minimum volatility,Demo_Equity_A,0.06719908061298749
240,High volatility,Minimum volatility,Demo_Equity_B,0.003133098776832052
240,High volatility,Minimum volatility,Demo_Bonds,0.7902022440218028
240,High volatility,Minimum volatility,Demo_Gold,0.12843345924171878
240,High volatility,Minimum volatility,Demo_REITs,0.011032117346658847
240,High volatility,Maximum Sharpe,Demo_Equity_A,0.4148439478552198
240,High volatility,Maximum Sharpe,Demo_Equity_B,0.0
240,High volatility,Maximum Sharpe,Demo_Bonds,0.5618906281042957
240,High volatility,Maximum Sharpe,Demo_Gold,0.0
240,High volatility,Maximum Sharpe,Demo_REITs,0.02326542404048469
241,Low volatility,Equal weight,Demo_Equity_A,0.2
241,Low volatility,Equal weight,Demo_Equity_B,0.2
241,Low volatility,Equal weight,Demo_Bonds,0.2
241,Low volatility,Equal weight,Demo_Gold,0.2
241,Low volatility,Equal weight,Demo_REITs,0.2
241,Low volatility,Minimum volatility,Demo_Equity_A,0.0718092775143705
241,Low volatility,Minimum volatility,Demo_Equity_B,0.004938477825561496
241,Low volatility,Minimum volatility,Demo_Bonds,0.7932711271740208
241,Low volatility,Minimum volatility,Demo_Gold,0.12998111748604727
241,Low volatility,Minimum volatility,Demo_REITs,0.0
241,Low volatility,Maximum Sharpe,Demo_Equity_A,0.03372178695830495
241,Low volatility,Maximum Sharpe,Demo_Equity_B,0.0
241,Low volatility,Maximum Sharpe,Demo_Bonds,0.7503414495789578
241,Low volatility,Maximum Sharpe,Demo_Gold,0.21593676346273713
241,Low volatility,Maximum Sharpe,Demo_REITs,0.0
242,Base,Equal weight,Demo_Equity_A,0.2
242,Base,Equal weight,Demo_Equity_B,0.2
242,Base,Equal weight,Demo_Bonds,0.2
242,Base,Equal weight,Demo_Gold,0.2
242,Base,Equal weight,Demo_REITs,0.2
242,Base,Minimum volatility,Demo_Equity_A,0.05759983813240618
242,Base,Minimum volatility,Demo_Equity_B,0.012182183916855256
242,Base,Minimum volatility,Demo_Bonds,0.7893588052641413
242,Base,Minimum volatility,Demo_Gold,0.13959433258792173
242,Base,Minimum volatility,Demo_REITs,0.0012648400986755071
242,Base,Maximum Sharpe,Demo_Equity_A,0.3733172195130177
242,Base,Maximum Sharpe,Demo_Equity_B,0.1439880938491789
242,Base,Maximum Sharpe,Demo_Bonds,0.0
242,Base,Maximum Sharpe,Demo_Gold,0.06873433190061325
242,Base,Maximum Sharpe,Demo_REITs,0.41396035473719006
243,High volatility,Equal weight,Demo_Equity_A,0.2
243,High volatility,Equal weight,Demo_Equity_B,0.2
243,High volatility,Equal weight,Demo_Bonds,0.2
243,High volatility,Equal weight,Demo_Gold,0.2
243,High volatility,Equal weight,Demo_REITs,0.2
243,High volatility,Minimum volatility,Demo_Equity_A,0.08178615519021469
243,High volatility,Minimum volatility,Demo_Equity_B,0.010141475297069725
243,High volatility,Minimum volatility,Demo_Bonds,0.7865763351560802
243,High volatility,Minimum volatility,Demo_Gold,0.12149603435663552
243,High volatility,Minimum volatility,Demo_REITs,5.217044616034876e-19
243,High volatility,Maximum Sharpe,Demo_Equity_A,0.0
243,High volatility,Maximum Sharpe,Demo_Equity_B,0.0
243,High volatility,Maximum Sharpe,Demo_Bonds,1.0
243,High volatility,Maximum Sharpe,Demo_Gold,0.0
243,High volatility,Maximum Sharpe,Demo_REITs,0.0
244,Low volatility,Equal weight,Demo_Equity_A,0.2
244,Low volatility,Equal weight,Demo_Equity_B,0.2
244,Low volatility,Equal weight,Demo_Bonds,0.2
244,Low volatility,Equal weight,Demo_Gold,0.2
244,Low volatility,Equal weight,Demo_REITs,0.2
244,Low volatility,Minimum volatility,Demo_Equity_A,0.05145708953651639
244,Low volatility,Minimum volatility,Demo_Equity_B,0.030113415971687586
244,Low volatility,Minimum volatility,Demo_Bonds,0.7999692395307871
244,Low volatility,Minimum volatility,Demo_Gold,0.1184602549610089
244,Low volatility,Minimum volatility,Demo_REITs,1.2429993234622616e-18
244,Low volatility,Maximum Sharpe,Demo_Equity_A,0.10094747605372274
244,Low volatility,Maximum Sharpe,Demo_Equity_B,0.0
244,Low volatility,Maximum Sharpe,Demo_Bonds,2.1100481227400441e-16
244,Low volatility,Maximum Sharpe,Demo_Gold,0.4006338286847763
244,Low volatility,Maximum Sharpe,Demo_REITs,0.49841869526150084
245,Base,Equal weight,Demo_Equity_A,0.2
245,Base,Equal weight,Demo_Equity_B,0.2
245,Base,Equal weight,Demo_Bonds,0.2
245,Base,Equal weight,Demo_Gold,0.2
245,Base,Equal weight,Demo_REITs,0.2
245,Base,Minimum volatility,Demo_Equity_A,0.06130893550505925
245,Base,Minimum volatility,Demo_Equity_B,0.01639381187742139
245,Base,Minimum volatility,Demo_Bonds,0.784967832143955
245,Base,Minimum volatility,Demo_Gold,0.13732942047356433
245,Base,Minimum volatility,Demo_REITs,0.0
245,Base,Maximum Sharpe,Demo_Equity_A,5.415084592623129e-17
245,Base,Maximum Sharpe,Demo_Equity_B,0.5587116034372571
245,Base,Maximum Sharpe,Demo_Bonds,0.0
245,Base,Maximum Sharpe,Demo_Gold,0.44128839656274277
245,Base,Maximum Sharpe,Demo_REITs,1.175783021822249e-16
246,High volatility,Equal weight,Demo_Equity_A,0.2
246,High volatility,Equal weight,Demo_Equity_B,0.2
246,High volatility,Equal weight,Demo_Bonds,0.2
246,High volatility,Equal weight,Demo_Gold,0.2
246,High volatility,Equal weight,Demo_REITs,0.2
246,High volatility,Minimum volatility,Demo_Equity_A,0.08187507008338105
246,High volatility,Minimum volatility,Demo_Equity_B,0.0005298463800296929
246,High volatility,Minimum volatility,Demo_Bonds,0.7834663681059033
246,High volatility,Minimum volatility,Demo_Gold,0.134128715430686
246,High volatility,Minimum volatility,Demo_REITs,1.1155122133635681e-18
246,High volatility,Maximum Sharpe,Demo_Equity_A,0.0
246,High volatility,Maximum Sharpe,Demo_Equity_B,2.079852037439868e-17
246,High volatility,Maximum Sharpe,Demo_Bonds,6.713486558400872e-18
246,High volatility,Maximum Sharpe,Demo_Gold,0.57274961131419
246,High volatility,Maximum Sharpe,Demo_REITs,0.42725038868580995
247,Low volatility,Equal weight,Demo_Equity_A,0.2
247,Low volatility,Equal weight,Demo_Equity_B,0.2
247,Low volatility,Equal weight,Demo_Bonds,0.2
247,Low volatility,Equal weight,Demo_Gold,0.2
247,Low volatility,Equal weight,Demo_REITs,0.2
247,Low volatility,Minimum volatility,Demo_Equity_A,0.07076906421152261
247,Low volatility,Minimum volatility,Demo_Equity_B,0.010247188229645635
247,Low volatility,Minimum volatility,Demo_Bonds,0.7752591849272039
247,Low volatility,Minimum volatility,Demo_Gold,0.14282883249809786
247,Low volatility,Minimum volatility,Demo_REITs,0.0008957301335299171
247,Low volatility,Maximum Sharpe,Demo_Equity_A,0.13571661157240386
247,Low volatility,Maximum Sharpe,Demo_Equity_B,0.07339978915179216
247,Low volatility,Maximum Sharpe,Demo_Bonds,0.3570555088109087
247,Low volatility,Maximum Sharpe,Demo_Gold,0.35944972821857296
247,Low volatility,Maximum Sharpe,Demo_REITs,0.07437836224632237
248,Base,Equal weight,Demo_Equity_A,0.2
248,Base,Equal weight,Demo_Equity_B,0.2
248,Base,Equal weight,Demo_Bonds,0.2
248,Base,Equal weight,Demo_Gold,0.2
248,Base,Equal weight,Demo_REITs,0.2
248,Base,Minimum volatility,Demo_Equity_A,0.07365895528079296
248,Base,Minimum volatility,Demo_Equity_B,0.00963225635193243
248,Base,Minimum volatility,Demo_Bonds,0.782866672026465
248,Base,Minimum volatility,Demo_Gold,0.13267494587974774
248,Base,Minimum volatility,Demo_REITs,0.001167170461061922
248,Base,Maximum Sharpe,Demo_Equity_A,5.836944216330978e-16
248,Base,Maximum Sharpe,Demo_Equity_B,0.0
248,Base,Maximum Sharpe,Demo_Bonds,0.5202296566512511
248,Base,Maximum Sharpe,Demo_Gold,0.4417596798495533
248,Base,Maximum Sharpe,Demo_REITs,0.038010663499195074
249,High volatility,Equal weight,Demo_Equity_A,0.2
249,High volatility,Equal weight,Demo_Equity_B,0.2
249,High volatility,Equal weight,Demo_Bonds,0.2
249,High volatility,Equal weight,Demo_Gold,0.2
249,High volatility,Equal weight,Demo_REITs,0.2
249,High volatility,Minimum volatility,Demo_Equity_A,0.07549525318414235
249,High volatility,Minimum volatility,Demo_Equity_B,0.01675909531305725
249,High volatility,Minimum volatility,Demo_Bonds,0.7785034561133617
249,High volatility,Minimum volatility,Demo_Gold,0.1292421953894387
249,High volatility,Minimum volatility,Demo_REITs,0.0
249,High volatility,Maximum Sharpe,Demo_Equity_A,0.0
249,High volatility,Maximum Sharpe,Demo_Equity_B,0.0
249,High volatility,Maximum Sharpe,Demo_Bonds,0.8396477607387868
249,High volatility,Maximum Sharpe,Demo_Gold,0.16035223926121323
249,High volatility,Maximum Sharpe,Demo_REITs,0.0
250,Low volatility,Equal weight,Demo_Equity_A,0.2
250,Low volatility,Equal weight,Demo_Equity_B,0.2
250,Low volatility,Equal weight,Demo_Bonds,0.2
250,Low volatility,Equal weight,Demo_Gold,0.2
250,Low volatility,Equal weight,Demo_REITs,0.2
250,Low volatility,Minimum volatility,Demo_Equity_A,0.07150736127988565
250,Low volatility,Minimum volatility,Demo_Equity_B,0.011007390284536579
250,Low volatility,Minimum volatility,Demo_Bonds,0.7914802421940815
250,Low volatility,Minimum volatility,Demo_Gold,0.1260050062414963
250,Low volatility,Minimum volatility,Demo_REITs,4.55643834843119e-18
250,Low volatility,Maximum Sharpe,Demo_Equity_A,0.03376413177372581
250,Low volatility,Maximum Sharpe,Demo_Equity_B,0.0
250,Low volatility,Maximum Sharpe,Demo_Bonds,0.8065992571666852
250,Low volatility,Maximum Sharpe,Demo_Gold,0.15963661105958887
250,Low volatility,Maximum Sharpe,Demo_REITs,0.0
