experiment,market_seed,regime,strategy,training_sharpe,holdout_sharpe,sharpe_gap,total_return,annual_volatility,maximum_drawdown,daily_var_95,daily_expected_shortfall_95,holdout_sharpe_winner
1,1000,Low volatility,Equal weight,0.8419468660309357,0.035335078487600514,-0.8066117875433352,0.029546358178218934,0.08172297320553397,-0.0453202630119528,0.00891448198664303,0.0110070749943486,True
1,1000,Low volatility,Minimum volatility,0.34374365318878336,-0.007626995701144082,-0.3513706488899274,0.029000018170364017,0.03716820147287335,-0.0459547328023866,0.003757155946623712,0.0047572240912877,False
1,1000,Low volatility,Maximum Sharpe,1.0994767482112993,-0.14138579411273597,-1.2408625423240351,0.008778783728450312,0.10696013198335654,-0.07527961182951504,0.011147242427156277,0.013004687062280982,False
2,1001,Base,Equal weight,-0.10509711768911391,0.862800115078128,0.9678972327672419,0.11277767186506216,0.09479824705404871,-0.07968078770542608,0.008536741360014687,0.011615997156031139,False
2,1001,Base,Minimum volatility,-0.5257903710879495,1.901700810234011,2.4274911813219604,0.1263052336289634,0.04760892505573187,-0.022247676052127074,0.004105765769450031,0.004932971911048219,True
2,1001,Base,Maximum Sharpe,0.956096112786342,1.553283214135483,0.5971871013491411,0.2336915211843953,0.12091181181115242,-0.0760150589212012,0.010745977269555168,0.014841327181855978,False
3,1002,High volatility,Equal weight,-0.3026130978234719,-0.8517811189862446,-0.5491680211627727,-0.08944682672607895,0.13416035784509467,-0.17435553061972398,0.015053981014314,0.017856290080004913,False
3,1002,High volatility,Minimum volatility,-0.5669580368783186,-0.20122902487854752,0.36572901199977104,0.014492755136193303,0.06495646414645495,-0.051848841051343464,0.006393263104698538,0.007793529043735417,True
3,1002,High volatility,Maximum Sharpe,0.27107586394122624,-0.6995528098714978,-0.9706286738127241,-0.19261436628639317,0.28858166652577666,-0.33769789516823356,0.030716633278173207,0.03664940713984156,False
4,1003,Low volatility,Equal weight,0.74720836417978,-0.4093084074277269,-1.1565167716075069,-0.007686167681726475,0.08273927865337026,-0.10188593607481433,0.008295151996475677,0.01100856265699842,False
4,1003,Low volatility,Minimum volatility,0.7906360360131929,-0.3323485199709155,-1.1229845559841083,0.016766454756907745,0.036874136830727565,-0.038889121036193686,0.0037417919013982984,0.004918010594549933,True
4,1003,Low volatility,Maximum Sharpe,1.4414370884492111,-0.9444712063549312,-2.3859082948041426,-0.01717747993162777,0.04840712431054962,-0.06118961536316714,0.004551173665610074,0.0063236609326664615,False
5,1004,Base,Equal weight,1.1752875248420889,0.9545304303276393,-0.22075709451444958,0.13439331956280487,0.10715989765735337,-0.06342753917434163,0.01061134982800131,0.013760489001462232,True
5,1004,Base,Minimum volatility,0.4307598818863655,0.7438251392524425,0.31306525736607704,0.06589069332585673,0.0475717464301434,-0.03310924069089982,0.00439568752675879,0.005650407102718118,False
5,1004,Base,Maximum Sharpe,1.2669014084661976,0.46004686821834306,-0.8068545402478545,0.08014967464222811,0.11858723336941211,-0.07939218345237276,0.012221098277055113,0.015079954070444029,False
6,1005,High volatility,Equal weight,-0.05809383527329139,0.556776312913844,0.6148701481871354,0.10606681634126569,0.1474187541242775,-0.14668706521833885,0.013783759851800637,0.016961710107152726,True
6,1005,High volatility,Minimum volatility,0.11332382655091609,-0.05510006106427581,-0.1684238876151919,0.024100708910391955,0.0654892320648722,-0.053821257283208634,0.006406913607276637,0.008582221446165179,False
6,1005,High volatility,Maximum Sharpe,0.3328947105673857,0.20943248076706594,-0.12346222980031973,0.04356272943550055,0.07631784078761605,-0.06882285712546166,0.007656455343910757,0.009471278435710563,False
7,1006,Low volatility,Equal weight,0.9664714365903001,1.945798503023081,0.979327066432781,0.20477569943960816,0.08231796589323039,-0.05678136327487604,0.007874965757239087,0.009531705699431035,True
7,1006,Low volatility,Minimum volatility,0.4076080833582071,0.8727472700189064,0.4651391866606993,0.06247590692818239,0.03632866086160055,-0.021005405000550703,0.003587442913478311,0.0040270244716745784,False
7,1006,Low volatility,Maximum Sharpe,0.993496141665924,1.8210893051820671,0.8275931635161431,0.20221378917946242,0.08700273747108984,-0.06222363448591406,0.008549061668704021,0.01071974822043437,False
8,1007,Base,Equal weight,-0.03719228820510631,1.12705798688016,1.1642502750852664,0.1596609058204126,0.11065001334913144,-0.07030173138400131,0.011147006138956625,0.014611557013928552,False
8,1007,Base,Minimum volatility,0.249390392049478,1.3351329673993506,1.0857425753498726,0.09951324504317816,0.04985452329988514,-0.04046870001337455,0.004948746408903746,0.00623161992714405,True
8,1007,Base,Maximum Sharpe,0.45137931502943746,0.9675030590488731,0.5161237440194357,0.08614789397714206,0.05651741993304614,-0.03808586275378689,0.005608978172139061,0.00698244811023755,False
9,1008,High volatility,Equal weight,-0.5586514524729314,-0.628049249031131,-0.06939779655819966,-0.06899251968113074,0.14435045240967814,-0.13536024566246008,0.014225922288607229,0.018763694688029,False
9,1008,High volatility,Minimum volatility,-0.7258433551503517,0.8754208643375858,1.6012642194879376,0.08393852908173138,0.06039153754786308,-0.04090792085265793,0.005656453514555947,0.006414718254557963,True
9,1008,High volatility,Maximum Sharpe,-0.22430286169787916,-0.6521425817534277,-0.4278397200555485,-0.1592097169010851,0.2597231708092159,-0.27244643608540187,0.027509160080897453,0.034303043577591445,False
10,1009,Low volatility,Equal weight,1.065641636001053,-0.7678773288863265,-1.8335189648873795,-0.03396769468602223,0.07940762819916398,-0.08588537088841297,0.008681770173226263,0.01107693951781037,False
10,1009,Low volatility,Minimum volatility,0.7207423200474874,0.27596469528873285,-0.44477762475875454,0.039456045159784736,0.035378270154219876,-0.03941834684694767,0.003426802484985313,0.004203531234617603,True
10,1009,Low volatility,Maximum Sharpe,1.3119035296034267,-0.307766513029267,-1.6196700426326938,0.006326456594140106,0.06805685061096489,-0.06902839347138268,0.007166149626491545,0.009705367391253418,False
11,1010,Base,Equal weight,-0.2213570759199991,2.2536457819040145,2.4750028578240135,0.3389887587446625,0.11964363450510992,-0.06887427021450254,0.010386477758042937,0.013653172407470642,True
11,1010,Base,Minimum volatility,0.17053626899028543,1.9219724505165836,1.7514361815262982,0.12584241645961192,0.04687524736635521,-0.027986192771994656,0.004419100137417898,0.005905255258380746,False
11,1010,Base,Maximum Sharpe,0.4719680497893986,1.0124253019608926,0.5404572521714941,0.1273417442502358,0.09352041722575828,-0.0476402454349657,0.009476352447647607,0.011224488942856437,False
12,1011,High volatility,Equal weight,-0.334570484515542,0.27306115315544505,0.607631637670987,0.05847206920190762,0.1312378650873219,-0.08176099690142913,0.01298802859747428,0.015236441969950025,False
12,1011,High volatility,Minimum volatility,-0.2406011881957421,0.333751382268846,0.5743525704645881,0.05030155241482026,0.06474628482050258,-0.048293381505568944,0.006171723091803709,0.008152661486429612,True
12,1011,High volatility,Maximum Sharpe,-0.005897981802894676,-1.0341702387764609,-1.0282722569735663,-0.050087736473587774,0.07551716499937042,-0.08904578911744232,0.007934552724923914,0.010518307864973372,False
13,1012,Low volatility,Equal weight,-0.6317562118306547,1.886984626127697,2.518740837958352,0.1831454032415507,0.07497067398046492,-0.04554697035081867,0.006987376403176704,0.008315609580755758,False
13,1012,Low volatility,Minimum volatility,-0.7206598770184056,2.3684179135626677,3.089077790581073,0.11857068933798387,0.03509915923420382,-0.013406742010051875,0.0033902691960476655,0.004371639675933689,True
13,1012,Low volatility,Maximum Sharpe,-0.01321769276234385,2.069090367067458,2.082308059829802,0.3661869264032058,0.14141093346366265,-0.08137244787702691,0.012071335961647067,0.01554258836735848,False
14,1013,Base,Equal weight,0.480086572438356,0.3212071657594215,-0.15887940667893452,0.0606676401636661,0.11019206192639536,-0.10886798295591704,0.011386608727373893,0.01415592611849545,True
14,1013,Base,Minimum volatility,0.14086033410376514,-0.42078418249070537,-0.5616445165944706,0.007393342554129045,0.04981064939995213,-0.05370992778079553,0.0048312218999780445,0.0056093861457370015,False
14,1013,Base,Maximum Sharpe,0.71407141492032,-0.48827048897053554,-1.2023419038908556,-0.03300084073636178,0.11561712557855917,-0.1474913701400582,0.013538521800214491,0.015447569469089317,False
15,1014,High volatility,Equal weight,0.7948616997084841,0.48410001328136554,-0.31076168642711854,0.0988799361094479,0.1601162162255425,-0.14556047435785202,0.0167136184202114,0.01946228697708269,True
15,1014,High volatility,Minimum volatility,-0.18865646908771083,-1.1306484754142159,-0.941992006326505,-0.04810863547657518,0.06772598166884963,-0.1222656950433606,0.007479729185749727,0.009225264731599604,False
15,1014,High volatility,Maximum Sharpe,1.0240201547254293,0.4079325155864103,-0.616087639139019,0.10941002826334101,0.27313792714631285,-0.2744624502928138,0.026611595397840502,0.03371294573526004,False
16,1015,Low volatility,Equal weight,0.3569208487215965,0.3037320315974374,-0.05318881712415913,0.05268261548149944,0.08302331667996787,-0.07491290303492504,0.007873206250941265,0.009766897728824732,True
16,1015,Low volatility,Minimum volatility,-0.40394915953607485,-0.23949308045727652,0.16445607907879833,0.02076420579796112,0.03505752111493106,-0.02686933168620198,0.0034430948155197406,0.004594389712949436,False
16,1015,Low volatility,Maximum Sharpe,0.6412923102659803,0.26231359343956784,-0.3789787168264125,0.05876734436427933,0.14472349200716286,-0.11313741121794108,0.01455714674987992,0.016457597302495946,False
17,1016,Base,Equal weight,1.3242952104902665,1.2163123671142946,-0.10798284337597197,0.17923179757887664,0.11686861343436508,-0.0665541008584114,0.01085425443029703,0.013686765954996396,False
17,1016,Base,Minimum volatility,0.8348604589153568,-0.6060595060297412,-1.440919964945098,-0.0004763795658253578,0.04769115607538899,-0.04809740323685607,0.005488447201951595,0.006848293767695118,False
17,1016,Base,Maximum Sharpe,1.6020568919957874,1.5111568022122266,-0.09090008978356079,0.1841464734946927,0.09531567343234089,-0.0700975216934634,0.008462080254101962,0.010953430302827428,True
18,1017,High volatility,Equal weight,0.6735750908655218,1.227280701063051,0.5537056101975293,0.23021392825349696,0.15446816544766465,-0.10889164330860357,0.01517327586891583,0.01742090400854204,True
18,1017,High volatility,Minimum volatility,0.5462908622146198,0.4737372346427621,-0.07255362757185768,0.06080278184205912,0.06692049771120843,-0.045499128739151073,0.006392359315390921,0.00872946518006998,False
18,1017,High volatility,Maximum Sharpe,0.9803891917989076,1.0324657019971548,0.05207651019824722,0.16468304221765506,0.12682407482495503,-0.08489622390092844,0.012923531803303889,0.015610863230315498,False
19,1018,Low volatility,Equal weight,0.7894261535000672,0.9572813716490279,0.16785521814896076,0.1058092859844153,0.07731566729914963,-0.05105333465927797,0.007325212502890092,0.009201586028175668,False
19,1018,Low volatility,Minimum volatility,0.276308007429556,-0.5963641277935051,-0.8726721352230611,0.008496253540706933,0.034392972733283865,-0.026538793910174108,0.003523488620307563,0.004396223926119858,False
19,1018,Low volatility,Maximum Sharpe,0.9420682210123014,1.137953637960082,0.19588541694778072,0.15352670672373003,0.10432688268288089,-0.06506674647562705,0.009175345633955041,0.012026947754568754,True
20,1019,Base,Equal weight,0.09990018487623331,0.5965173533699172,0.49661716849368387,0.09401575768982484,0.11145999562658529,-0.12172484386461158,0.011269065988329132,0.013692730999450752,True
20,1019,Base,Minimum volatility,0.18291446192567853,0.469317049902657,0.2864025879769785,0.05173007329213086,0.04681698679057837,-0.038555929949917855,0.004292360574601919,0.005183771282137266,False
20,1019,Base,Maximum Sharpe,0.26163092171621993,0.24392977988001474,-0.017701141836205192,0.04299684365377332,0.05836085801842807,-0.04526121113123971,0.0057935918886938085,0.006555090367738603,False
21,1020,High volatility,Equal weight,-0.7787588315282628,0.20319027851263705,0.9819491100408998,0.04985785192182002,0.14661357613620507,-0.09474358795641469,0.014335094188985239,0.018218297588643642,True
21,1020,High volatility,Minimum volatility,0.20113728420449212,-0.18669281123395093,-0.38783009543844305,0.015747153734001706,0.06379094630749119,-0.06004462847815506,0.006865912235918564,0.008318221927976181,False
21,1020,High volatility,Maximum Sharpe,0.5555560551434197,-0.03604341366573611,-0.5915994688091558,0.023846614795569376,0.07933201414296025,-0.06218899207572004,0.0068761296953249,0.009787757904994976,False
22,1021,Low volatility,Equal weight,0.6835292092661017,0.09340025722982363,-0.5901289520362781,0.03447839008530229,0.0845108835852868,-0.0667103015771413,0.008529422731051532,0.009764656795763643,False
22,1021,Low volatility,Minimum volatility,-0.051920927413089527,-0.9992546392142093,-0.9473337118011198,-0.009474952181665497,0.038375125153469386,-0.0504164702048876,0.004086925178467598,0.005742689903654563,False
22,1021,Low volatility,Maximum Sharpe,1.251117904972545,0.11967106707604065,-1.1314468378965044,0.037254832203717614,0.10144059369590787,-0.08857457674077851,0.010057124050078015,0.012480344280819736,True
23,1022,Base,Equal weight,0.7084759502044334,-0.3951833597161089,-1.1036593099205423,-0.016717529620032923,0.10386959374473627,-0.08070089346946696,0.009710357086449638,0.01247195362764503,False
23,1022,Base,Minimum volatility,-0.11212850682372918,-0.17267823932961457,-0.060549732505885384,0.020715387609031355,0.04627048672904702,-0.04968734215389814,0.004603859626908174,0.005601574175902722,False
23,1022,Base,Maximum Sharpe,0.8596415783433565,0.11357890055232474,-0.7460626777910317,0.034976554807926385,0.17197136356253717,-0.11816594061417662,0.016403757188806767,0.020294733081724067,True
24,1023,High volatility,Equal weight,-0.14408175677170962,0.7184439825869443,0.862525739358654,0.12891441395653347,0.14155226599794019,-0.10191871331227675,0.01318917818294965,0.016654495966135576,False
24,1023,High volatility,Minimum volatility,-0.6532116458039645,1.3533916158787096,2.006603261682674,0.12200782978669134,0.06478152122002438,-0.03167413541645103,0.005915045177750505,0.007847641506789653,True
24,1023,High volatility,Maximum Sharpe,0.324535981306379,0.7731903702191834,0.44865438891280435,0.21373077030703191,0.2538370551971942,-0.159235780729436,0.02618913297061169,0.030546782381830166,False
25,1024,Low volatility,Equal weight,1.3505589171265966,0.15188466942672516,-1.1986742476998715,0.03928315005204497,0.08015886074223923,-0.08114025043799089,0.007790833687806275,0.010376926867432582,True
25,1024,Low volatility,Minimum volatility,0.688513036081488,-0.8526221831874075,-1.5411352192688954,-0.0007145663384469092,0.034800829154536014,-0.038252300380614335,0.0036030274371158465,0.004850269672597923,False
25,1024,Low volatility,Maximum Sharpe,1.6807148667267118,-0.05106834460627185,-1.7317832113329836,0.02142591889531764,0.08805973913073599,-0.08525345814209184,0.007783728214335739,0.011049915068166438,False
26,1025,Base,Equal weight,0.8861924437993351,-0.5091523855443995,-1.3953448293437347,-0.029109728663429424,0.1052329750839865,-0.10206276596742292,0.011495031608352878,0.014438712388519109,False
26,1025,Base,Minimum volatility,0.16765009723895957,0.6335391813866157,0.4658890841476561,0.061826612298975014,0.0500091489767972,-0.044730452682710475,0.004871528582737548,0.006276135434913548,True
26,1025,Base,Maximum Sharpe,1.0052329663058681,-0.5038213950853927,-1.5090543613912608,-0.06512696648054839,0.16526071763449565,-0.17010657058311007,0.019439736197504415,0.023513292130593243,False
27,1026,High volatility,Equal weight,-0.6718267626123596,0.007545522391610012,0.6793722850039696,0.021127419660673885,0.13949454563293018,-0.1655893832062475,0.014085977812963495,0.019027806124910986,False
27,1026,High volatility,Minimum volatility,-1.3949841653066013,0.4134592739951413,1.8084434393017426,0.05450617678673786,0.061428682219288426,-0.04497400880157898,0.006184242136311507,0.008398572149211136,False
27,1026,High volatility,Maximum Sharpe,0.06750471962318193,1.2918600995065181,1.2243553798833362,0.3911612666266002,0.2586465888032843,-0.1842649016586786,0.02445643324586782,0.0330235264286698,True
28,1027,Low volatility,Equal weight,0.9891248503046227,0.8889189632060142,-0.10020588709860856,0.10002219609688101,0.0773591338458282,-0.049466770326001996,0.007724168702092476,0.008982506299301845,True
28,1027,Low volatility,Minimum volatility,-0.9297350084492946,0.17361949177172042,1.103354500221015,0.0356972998030316,0.035362679563173204,-0.023522989862131638,0.0035953053893594935,0.004521618444041744,False
28,1027,Low volatility,Maximum Sharpe,1.3410890535185065,0.49064617574052977,-0.8504428777779767,0.08974427859555933,0.13284396228699244,-0.10271658146325713,0.011803326239863658,0.015736225411722166,False
29,1028,Base,Equal weight,0.17983958195559016,1.1536494683758296,0.9738098864202395,0.16547012271472705,0.11262119131713762,-0.0977255596945188,0.010103336306462119,0.013965072752464698,False
29,1028,Base,Minimum volatility,-0.2498205495454233,1.7988743673373804,2.0486949168828037,0.11991102657139341,0.04715235424203225,-0.0322961683062265,0.004676667336207518,0.00576221841475689,True
29,1028,Base,Maximum Sharpe,0.42696308828039686,1.1391232896680992,0.7121602013877023,0.20827031936400986,0.1500306551741266,-0.08108353951349367,0.013700930596868909,0.018381435574813684,False
30,1029,High volatility,Equal weight,-0.4788536024038864,-1.0025084149763466,-0.5236548125724602,-0.12790441639004535,0.1541501011566297,-0.2654921003978633,0.016785100807576375,0.02047087299328711,True
30,1029,High volatility,Minimum volatility,0.6101799577618644,-2.0792934624412442,-2.6894734202031088,-0.10002521638797379,0.06391222942492769,-0.14633252178226164,0.007021460316070399,0.00843569848458678,False
30,1029,High volatility,Maximum Sharpe,0.8079343538726037,-2.1487348472822343,-2.956669201154838,-0.10617540822098381,0.06500427366650596,-0.13199692742058677,0.006811153908135215,0.008195864146437427,False
31,1030,Low volatility,Equal weight,0.23955785789660472,-0.2515938795262518,-0.4911517374228565,0.006804932176004419,0.07838391318320732,-0.0949253582279529,0.008397985112695926,0.009903319576234403,False
31,1030,Low volatility,Minimum volatility,0.09317020245654692,-0.2148191880758834,-0.30798939053243035,0.02128502253716591,0.036475693975271825,-0.03687298814675111,0.003681926195054063,0.004314031287209461,True
31,1030,Low volatility,Maximum Sharpe,0.3754149252129826,-0.4103613470898945,-0.7857762723028772,-0.007617758702220145,0.08243379691762882,-0.09709992604592388,0.008337865602626737,0.009472628749013352,False
32,1031,Base,Equal weight,0.11472796964390174,-0.7576146870191552,-0.872342656663057,-0.049260361071568615,0.09921441966795999,-0.1154952574295185,0.009940180653341932,0.013184779081118122,False
32,1031,Base,Minimum volatility,0.6689520499052563,-0.5839659637511463,-1.2529180136564024,-0.0011221920854236345,0.05037942509412013,-0.06218926162164107,0.004762858282832104,0.006201842051919392,True
32,1031,Base,Maximum Sharpe,0.8111044575948994,-1.5294636722651895,-2.340568129860089,-0.0625945678085168,0.06039686177924637,-0.095241273539175,0.006464983244018588,0.007824303728542455,False
33,1032,High volatility,Equal weight,-0.2623589787848945,2.3820415778728066,2.644400556657701,0.46084264541607434,0.15162778735011895,-0.07405916203095231,0.01595234286841741,0.01964016299797428,False
33,1032,High volatility,Minimum volatility,0.9932847336610005,3.0713699221628867,2.0780851885018863,0.24109420576585583,0.06133955501436909,-0.042168723642725725,0.005194992901260524,0.0062720072718953634,True
33,1032,High volatility,Maximum Sharpe,1.0708991661722893,2.937987434405249,1.8670882682329595,0.23621410093927064,0.06281311451395818,-0.04673005285218068,0.005087276748995748,0.006437782794874409,False
34,1033,Low volatility,Equal weight,-0.17074959576463097,-0.2999452909591145,-0.1291956951944835,0.0007477764148107191,0.0842696864108917,-0.16729334390612405,0.008699112301225852,0.01119788199619446,True
34,1033,Low volatility,Minimum volatility,-0.2856064511889409,-1.4120566950293088,-1.1264502438403678,-0.023347922944151334,0.037176854205449035,-0.057063609167947615,0.003892951585812748,0.004626286829467923,False
34,1033,Low volatility,Maximum Sharpe,0.31248451559721147,-0.4353752345746944,-0.7478597501719059,-0.04616674121871345,0.1505274617684344,-0.32055128970727276,0.016429139409110022,0.019479965347310207,False
35,1034,Base,Equal weight,0.3722838387566131,-1.878688849459158,-2.250972688215771,-0.14528410289247773,0.09678272250554157,-0.17096806124363662,0.01053251432901056,0.013942606137723587,False
35,1034,Base,Minimum volatility,-0.31205750689804806,0.08775322001274971,0.3998107269107978,0.033105710409084166,0.04667489284940898,-0.0744214043731336,0.0048210458540207,0.005904076911676834,True
35,1034,Base,Maximum Sharpe,0.7610584237636133,-2.511747396685645,-3.2728058204492583,-0.3258498569183752,0.16333202137818656,-0.3454893484892547,0.017723559116765427,0.022228407929069223,False
36,1035,High volatility,Equal weight,0.26584738460676655,0.524378233512646,0.25853084890587946,0.10162722983108274,0.14944794325806995,-0.11407160780262637,0.014592632199339413,0.01906732568957834,True
36,1035,High volatility,Minimum volatility,-0.6128108003274823,-0.570196985803278,0.04261381452420421,-0.008755005546135286,0.0637184540421648,-0.05897273383349522,0.006649991918077406,0.008430518291295904,False
36,1035,High volatility,Maximum Sharpe,0.728182079402579,0.5135931752047725,-0.2145889041978064,0.1255934823576217,0.21959928406519644,-0.1957448383282332,0.021400099541158187,0.027410688994733687,False
37,1036,Low volatility,Equal weight,0.20268464957556287,1.7363660143481379,1.5336813647725749,0.18001694675004942,0.08018191843287106,-0.04940853330006678,0.007453657287981517,0.010481234444443753,True
37,1036,Low volatility,Minimum volatility,-0.17508698073265647,0.5181564574515312,0.6932434381841877,0.04895679456693891,0.036480555994994876,-0.022910319229314302,0.0032531935681385515,0.004231104654392777,False
37,1036,Low volatility,Maximum Sharpe,0.38625219076942857,0.814861871906529,0.42860968113710046,0.13850973470774797,0.13392274417842207,-0.12023258776596435,0.012903496294751978,0.01722989210133768,False
38,1037,Base,Equal weight,-0.2763373226208708,-0.9793060886122376,-0.7029687659913668,-0.06884508269676504,0.09811809394302284,-0.17268564962878674,0.01088841893320395,0.012905613241309438,False
38,1037,Base,Minimum volatility,0.10987548910875954,0.13099810232787862,0.021122613219119082,0.03522565769777408,0.04705709763398066,-0.04075602174691739,0.005091815236043198,0.006084850110537712,False
38,1037,Base,Maximum Sharpe,0.4135937537359385,0.682991483630323,0.26939772989438454,0.06712102465466985,0.0539736267882408,-0.03434372304828026,0.005480836025183194,0.007038274476194138,True
39,1038,High volatility,Equal weight,-0.29157234828612577,1.2927649804898806,1.5843373287760065,0.2422602472322073,0.154166829065065,-0.08571868094491686,0.01486864633067899,0.018152815633850166,False
39,1038,High volatility,Minimum volatility,-0.6887589642486346,1.8599757953451181,2.548734759593753,0.15128356072391647,0.06086105136215998,-0.045266942250715925,0.005900507638294564,0.007042094350203831,True
39,1038,High volatility,Maximum Sharpe,0.5918859556402762,1.3718787874546459,0.7799928318143696,0.2813452454329459,0.1696787844475381,-0.15971703879976717,0.016744950645697764,0.02010228118665194,False
40,1039,Low volatility,Equal weight,0.28875061936811264,2.251514775478325,1.9627641561102123,0.23727354400198952,0.08299705274371207,-0.04560860135663569,0.007858973607871342,0.010520630120582864,True
40,1039,Low volatility,Minimum volatility,-0.6614411977819848,0.256950721127795,0.9183919189097798,0.03869572944615496,0.035111817928142455,-0.013739672560566074,0.00315038006114792,0.004403882648868946,False
40,1039,Low volatility,Maximum Sharpe,0.6179544678272675,2.050391655272847,1.4324371874455795,0.31610605926867374,0.12330935511751472,-0.057616238769994665,0.012095885205401,0.014617863526581556,False
41,1040,Base,Equal weight,0.3671578399695906,1.218588177983371,0.8514303380137803,0.16757096030779106,0.10765784622536985,-0.062253777237571306,0.010607838718131334,0.014367705677562693,True
41,1040,Base,Minimum volatility,0.31144797783662265,0.25286749074885995,-0.0585804870877627,0.041057156859400035,0.0464887672346064,-0.023190238672266217,0.004439281407637409,0.005834917619625948,False
41,1040,Base,Maximum Sharpe,1.121591616882242,1.111964227730659,-0.00962738915158301,0.1227353514572691,0.08044919058982368,-0.043628253269827444,0.007884339304868128,0.010094660856015122,False
42,1041,High volatility,Equal weight,0.27068400657753894,1.05415302908224,0.7834690225047012,0.19206057291544854,0.1491899144623689,-0.1557570509039765,0.015878270935697995,0.018721650554467284,True
42,1041,High volatility,Minimum volatility,0.18318363657170747,-1.8246534009097142,-2.007837037481422,-0.08410672942136033,0.06324890958898925,-0.11523300448566065,0.006747665000306266,0.009198805293495926,False
42,1041,High volatility,Maximum Sharpe,0.7886194442750939,0.1710348251243798,-0.617584619150714,0.04349932529185874,0.11392175791294135,-0.16724083965328207,0.01095420451454277,0.014580674798442947,False
43,1042,Low volatility,Equal weight,0.008336254015829797,-2.237333638361509,-2.2456698923773386,-0.1271021491316071,0.07277491155447714,-0.1474319182677647,0.007635708872754432,0.009833171626663981,False
43,1042,Low volatility,Minimum volatility,0.5473858185618939,-1.7570654342012102,-2.304451252763104,-0.03504545524736169,0.03674305377392259,-0.0783036129528395,0.00376008528100209,0.004597835182671923,False
43,1042,Low volatility,Maximum Sharpe,0.5839147231699172,-1.6979622283696734,-2.2818769515395907,-0.03644670197554145,0.03883150689293232,-0.07913978594360582,0.0038910917030593735,0.004695227818292492,True
44,1043,Base,Equal weight,0.11678827269467609,0.24770704627245013,0.13091877357777404,0.05259352878419632,0.11348055453789609,-0.08305943088558787,0.009492054745964961,0.013005141067972202,True
44,1043,Base,Minimum volatility,-0.09475494151976016,-1.6363794797949527,-1.5416245382751925,-0.049674226563136026,0.04848207384854465,-0.07180009299806056,0.005109879150034296,0.0060234240931921115,False
44,1043,Base,Maximum Sharpe,0.6871997313511976,-0.5678104336351665,-1.255010164986364,-0.049374913960732236,0.1270606876316983,-0.14413973483530307,0.012875446337004505,0.01628844287013835,False
45,1044,High volatility,Equal weight,1.2194791606822761,1.502608483797363,0.2831293231150869,0.2656603055973814,0.1440687004106746,-0.08851800028032497,0.015223086243989424,0.017492709143808065,True
45,1044,High volatility,Minimum volatility,0.036502126057222944,0.44016286050103665,0.4036607344438137,0.058384279278248075,0.06682430370751274,-0.046050478652235216,0.007434029068359764,0.008626744013796928,False
45,1044,High volatility,Maximum Sharpe,1.333903653647768,1.2730070004233933,-0.06089665322437465,0.2907213430054003,0.1917243738841294,-0.12728338194067135,0.019092825809038698,0.022624729594353285,False
46,1045,Low volatility,Equal weight,0.38052292071040794,0.2632205589394478,-0.11730236177096015,0.048500478713449535,0.07964535359361322,-0.09505700627238212,0.008482366895714055,0.010301829309479751,False
46,1045,Low volatility,Minimum volatility,-0.5753317101224388,0.39981162102300327,0.975143331145442,0.04340028224094916,0.033753843779088084,-0.020793417461377528,0.003250576806337839,0.00422885020054899,True
46,1045,Low volatility,Maximum Sharpe,0.4918715269416964,0.33044862901937355,-0.16142289792232284,0.05560025202747321,0.08526295271185026,-0.09749152993001475,0.00912308677299873,0.011002413808570734,False
47,1046,Base,Equal weight,-0.5879144296728673,-0.08214861684165212,0.5057658128312152,0.01360407791358531,0.11505758341436466,-0.09139509094652076,0.011334313718906223,0.015056206995543477,True
47,1046,Base,Minimum volatility,0.21813501114002126,-1.286179082122792,-1.5043140932628134,-0.0324566584776429,0.047751605021520406,-0.05795308464288684,0.005231401169083848,0.006853306861386068,False
47,1046,Base,Maximum Sharpe,0.500373278771515,-1.0863335516420238,-1.5867068304135388,-0.027963546029188158,0.052074205300452286,-0.06026644067298248,0.006136607538762383,0.00697676289058063,False
48,1047,High volatility,Equal weight,1.0589047380889485,2.305059499431583,1.2461547613426347,0.4427728497897305,0.15125132227279153,-0.10790361231882606,0.014449030554936087,0.01834485275010482,True
48,1047,High volatility,Minimum volatility,1.2398143347213366,1.4625912267673817,0.22277689204604512,0.1285856981175948,0.06390475730532728,-0.04191093357313358,0.006318023446775866,0.007521013228694806,False
48,1047,High volatility,Maximum Sharpe,1.3848529433983996,2.14764771179986,0.7627947684014604,0.20874336843510743,0.07587670458438643,-0.04838947152593165,0.007534351398948473,0.008987867907723154,False
49,1048,Low volatility,Equal weight,0.517060139174522,1.0529132400958738,0.5358531009213519,0.11464173147240886,0.07789535013848733,-0.055914681121168264,0.008064750261173214,0.009631107410044044,True
49,1048,Low volatility,Minimum volatility,0.5582090932728849,-1.5149594820793237,-2.0731685753522084,-0.02281402565894297,0.03435735449149191,-0.036491767239164585,0.003281877674090592,0.00448484825913952,False
49,1048,Low volatility,Maximum Sharpe,0.9448413706061289,-0.4970300132486355,-1.4418713838547643,0.00518360717393751,0.04687069532175557,-0.03465731488605328,0.004346256932450448,0.006188466391107594,False
50,1049,Base,Equal weight,-0.37930156665538817,-0.7796187004202203,-0.40031713376483213,-0.05942402507753164,0.10890727536158108,-0.13283584191311226,0.010761256026401858,0.014279185770997004,False
50,1049,Base,Minimum volatility,-0.3352035578250605,-1.0380750661455873,-0.7028715083205268,-0.021068837929062667,0.047888622737391355,-0.05484454941677752,0.004516926104613933,0.005320278931352425,False
50,1049,Base,Maximum Sharpe,0.13569345735546764,0.6891034872115551,0.5534100298560874,0.1261589951473565,0.14468874722474975,-0.09935206085969572,0.01450541109796135,0.01806055696268139,True
51,1050,High volatility,Equal weight,0.0787374359073695,0.5929157752230875,0.514178339315718,0.10971852124293235,0.14294402910751255,-0.10163876201693878,0.013716301479453376,0.019361034172710727,True
51,1050,High volatility,Minimum volatility,0.0831941749594332,-0.4244967181329638,-0.507690893092397,-0.0018541157513423112,0.06850025032137715,-0.0687561039064507,0.00771213220931332,0.009626942056765961,False
51,1050,High volatility,Maximum Sharpe,0.9559447507538954,0.2493181376956182,-0.7066266130582772,0.058114378074656026,0.15767428946752948,-0.13872958468389962,0.015886262056956556,0.019766266772872434,False
52,1051,Low volatility,Equal weight,0.8452014635623027,-0.46809272281164194,-1.3132941863739447,-0.011149064728206648,0.08025491995260423,-0.07064584795912976,0.0079229278016474,0.009352942016152692,False
52,1051,Low volatility,Minimum volatility,0.5527223256849197,-0.2211741619249899,-0.7738964876099097,0.021756784505641447,0.033766479046546415,-0.0360281832819318,0.003583835613436603,0.004469390640655606,False
52,1051,Low volatility,Maximum Sharpe,1.2728354080023714,0.19871618967989255,-1.0741192183224788,0.04284292661181244,0.0773498003352444,-0.06171186842890164,0.007560635005659848,0.009251097086389493,True
53,1052,Base,Equal weight,0.9563603744117279,0.8510926268258596,-0.10526774758586832,0.11596180490708385,0.10006264286118903,-0.08859406337131881,0.009239605698844133,0.011674100674252265,False
53,1052,Base,Minimum volatility,0.37551566614827236,-0.035088748295007216,-0.41060441444327955,0.02718440641837283,0.04686076801667344,-0.029953989417203397,0.004339172448992684,0.0057924149198476105,False
53,1052,Base,Maximum Sharpe,1.1812527103532446,1.1999956662394538,0.01874295588620911,0.17327210617757038,0.11395024554662844,-0.10637547500575761,0.010881751789766093,0.013432997040527037,True
54,1053,High volatility,Equal weight,-0.6531030506067741,0.8515603571707716,1.5046634077775458,0.16334976432769732,0.15749713689169192,-0.1311821318566142,0.014872892044316152,0.018144887584175786,False
54,1053,High volatility,Minimum volatility,-0.349786254506245,-0.2147084740553492,0.1350777804508958,0.01340611753024823,0.06565723315873419,-0.059690856397171754,0.006434008196446661,0.008148223368007194,False
54,1053,High volatility,Maximum Sharpe,0.17520971467487065,1.7587438405642641,1.5835341258893936,0.39340719005400926,0.18125999182708452,-0.13181281308157355,0.01764452613892297,0.02440896403386145,True
55,1054,Low volatility,Equal weight,-0.06839764886786069,1.4733189864403693,1.5417166353082299,0.16982839093154767,0.08911879570954041,-0.0626465293092876,0.009453068763434415,0.011513513206635184,False
55,1054,Low volatility,Minimum volatility,-0.6769712343304174,0.5057952524501235,1.1827664867805407,0.047675250904024136,0.03483998262440019,-0.021842232157292196,0.0033099673332943223,0.004555186250633729,False
55,1054,Low volatility,Maximum Sharpe,0.3096721926207206,1.5965650956083468,1.2868929029876262,0.33431658178349255,0.1713774778874502,-0.09264981183692833,0.01647387637640152,0.02028712530474228,True
56,1055,Base,Equal weight,0.34263409611074336,1.2942390768268952,0.9516049807161518,0.17161160489461258,0.10371096968430676,-0.07974587998945204,0.010614479348964529,0.013346093765640768,True
56,1055,Base,Minimum volatility,0.2542855163807229,-0.017017084978431418,-0.2713026013591543,0.028198883930651064,0.044613514690866385,-0.03149825357472391,0.004931388956285585,0.0058175423694448725,False
56,1055,Base,Maximum Sharpe,0.38023940479729057,1.0997862570361772,0.7195468522388866,0.11498863683183846,0.07463358752543794,-0.06415604015583509,0.00746117439560625,0.009377729584763803,False
57,1056,High volatility,Equal weight,0.22474571740243454,-0.8040949913815207,-1.0288407087839553,-0.08683957164493394,0.13792540190874775,-0.1507128501272309,0.013842746991023117,0.017560996752268545,False
57,1056,High volatility,Minimum volatility,-0.2860480126805187,-1.7656005214722024,-1.4795525087916837,-0.07934798861835479,0.06245884683349401,-0.1278408893960531,0.006346172873656946,0.007969992069944677,False
57,1056,High volatility,Maximum Sharpe,0.5233314210903861,0.1265460125919322,-0.3967854084984539,0.03780752739497828,0.15797360233091698,-0.10440467475105664,0.01655316245001138,0.021085347842719086,True
58,1057,Low volatility,Equal weight,-0.10630884837055053,0.8241850888679785,0.930493937238529,0.09201603959294724,0.07429206215772204,-0.048662652101399084,0.007950421681257433,0.009688170853054085,False
58,1057,Low volatility,Minimum volatility,0.0672112427265737,2.6491220178348325,2.5819107751082586,0.13406257898798257,0.03659465515052293,-0.01659832302775155,0.00311394805759457,0.003992794536550557,True
58,1057,Low volatility,Maximum Sharpe,0.2229738664478411,1.8915420235092542,1.668568157061413,0.11244948706511182,0.041167287936234254,-0.019111037160369104,0.0034131723014727924,0.004657036584786522,False
59,1058,Base,Equal weight,1.0887298494814779,0.7393896581644971,-0.3493401913169808,0.1121875289320271,0.11235556118463363,-0.062341160721158806,0.011274629981835848,0.013171665115523564,True
59,1058,Base,Minimum volatility,-0.11761295938185606,0.1509159141421252,0.26852887352398125,0.03630552912407614,0.04806583220103967,-0.036456609701583154,0.004753729817254192,0.0055029733601771325,False
59,1058,Base,Maximum Sharpe,1.1915687725151014,0.6984697012413441,-0.4930990712737573,0.11389303734251133,0.12289889710467589,-0.06927090400655489,0.012503223376696617,0.014673305533941135,False
60,1059,High volatility,Equal weight,-0.16431299800848936,-0.5291237744486261,-0.36481077644013676,-0.0593688008774631,0.15027273075920403,-0.2458166197452999,0.01402752514003857,0.017980471965814402,True
60,1059,High volatility,Minimum volatility,-0.8690291462669639,-1.9035664492913515,-1.0345373030243876,-0.09403993645604147,0.06625272293306944,-0.10896049119986084,0.006799647468130825,0.008048291361363927,False
60,1059,High volatility,Maximum Sharpe,0.13650817447075322,-0.7493836878007346,-0.8858918622714879,-0.1999830113223282,0.2836244548717155,-0.38591445386493417,0.02907111686672545,0.03433640595775545,False
61,1060,Low volatility,Equal weight,0.6165541112233915,-0.3460739628951349,-0.9626280741185265,-0.0025645092292500005,0.08294058750433525,-0.12126972850029627,0.008456461526230911,0.010377139989330115,False
61,1060,Low volatility,Minimum volatility,-0.2221916453936528,0.6843527961749273,0.90654444156858,0.05543247233108661,0.0366239429639382,-0.017542292955632255,0.003851136374972429,0.0045600262846503025,True
61,1060,Low volatility,Maximum Sharpe,1.005019299817069,0.08636204142124083,-0.9186572583958282,0.033630093610694356,0.10842336329515959,-0.14931389481946278,0.010527581131101048,0.012630417322396593,False
62,1061,Base,Equal weight,0.5365018152893273,-0.12590710308247732,-0.6624089183718046,0.009863131435710493,0.10943880341397078,-0.0956756940188278,0.011708884817308838,0.013936137839379952,False
62,1061,Base,Minimum volatility,-0.06424459551804623,0.26107268088358865,0.3253172764016349,0.041217057608208485,0.045429505294937764,-0.046644675760931675,0.004577918875537074,0.0054936149916895525,True
62,1061,Base,Maximum Sharpe,0.8532096954405649,-1.5244466142001751,-2.37765630964074,-0.13041541827091285,0.10727439834303705,-0.20762139124903245,0.010562839145952038,0.01331906964989284,False
63,1062,High volatility,Equal weight,0.6613616256291261,0.395304757280608,-0.26605686834851816,0.07606826762004859,0.13299820874941995,-0.10954507554410886,0.013396456051164301,0.016440706031846664,False
63,1062,High volatility,Minimum volatility,-0.10402684204848578,-0.10438194574659224,-0.00035510369810645703,0.02147231358205981,0.06156497776616812,-0.057181962619503035,0.006592658289000902,0.008648921190449995,False
63,1062,High volatility,Maximum Sharpe,1.1901776336701158,0.535164048641723,-0.6550135850283928,0.1343722009799928,0.2293153066582626,-0.15128563088497182,0.02371543416109051,0.027932933750660784,True
64,1063,Low volatility,Equal weight,-0.1899700562032439,1.255657656707558,1.4456277129108017,0.1382310620364926,0.0822799349634617,-0.04919609859267371,0.0072684544841959174,0.009617402365997361,True
64,1063,Low volatility,Minimum volatility,-0.16035182041873716,0.035789924159057476,0.19614174457779465,0.03066245033421411,0.036555487979037585,-0.02669798691571268,0.0036041769448287796,0.004284732866131931,False
64,1063,Low volatility,Maximum Sharpe,0.038910980866854905,-0.15521976355233563,-0.19413074441919054,0.022436746061889057,0.04186406587069743,-0.041587208708014245,0.004117158300235135,0.005008812699522247,False
65,1064,Base,Equal weight,0.5904776722314419,0.929567881440723,0.3390902092092811,0.12785796376561187,0.10339637695984046,-0.07781589719543736,0.009604996597813836,0.01234328690643193,True
65,1064,Base,Minimum volatility,0.3284296888908425,0.7182235905162456,0.3897939016254031,0.0624456750730078,0.04456754558225221,-0.02592194028598971,0.004509406388092207,0.005693885656788266,False
65,1064,Base,Maximum Sharpe,0.7079854569183501,0.11296869644387593,-0.5950167604744742,0.036285945363463856,0.08807560732223636,-0.05923730616692424,0.009139354022357998,0.010722900410647914,False
66,1065,High volatility,Equal weight,0.5097814519128775,0.12920413927742885,-0.38057731263544864,0.03865618246015501,0.1258039004220464,-0.13234033209883356,0.01356961905112449,0.016263086451433886,False
66,1065,High volatility,Minimum volatility,0.5124432685275467,2.265374824579118,1.7529315560515712,0.2059601615135267,0.07075061498409559,-0.05860715441314557,0.006458932866575621,0.008022292128478757,True
66,1065,High volatility,Maximum Sharpe,0.8652703715960116,1.0607709477625387,0.19550057616652705,0.13928679888533302,0.09976624713685422,-0.05687512938405337,0.010148309283254086,0.01176395782255908,False
67,1066,Low volatility,Equal weight,0.06700162663647416,1.559683842342227,1.4926822157057529,0.16071624213845337,0.07860499180541544,-0.05096617838051454,0.007639340711069763,0.010388709526509858,False
67,1066,Low volatility,Minimum volatility,-0.12988342168358627,0.10329369548783854,0.2331771171714248,0.03317167765828577,0.03602478588991941,-0.03067959274017429,0.0033872463440855704,0.004143844345808287,False
67,1066,Low volatility,Maximum Sharpe,0.5106232868196464,1.723170051572652,1.2125467647530055,0.27749156967323696,0.1299117684335097,-0.05842128434507943,0.012620662396435804,0.01658090505654247,True
68,1067,Base,Equal weight,1.0774777116658862,-1.9202915377290783,-2.9977692493949646,-0.16415225624154417,0.10583097846591995,-0.20615414426613454,0.011695241373875074,0.014436720547166578,False
68,1067,Base,Minimum volatility,0.2268666272519912,-0.9858311574551923,-1.2126977847071836,-0.0207696943836293,0.050011509425318616,-0.05225494266828945,0.0046172967692329385,0.006295196503393463,True
68,1067,Base,Maximum Sharpe,1.2897340507334831,-2.271530759384389,-3.561264810117872,-0.2763198514909344,0.1503372821785614,-0.3154734218848898,0.01571133088929924,0.02063971214070987,False
69,1068,High volatility,Equal weight,-1.3103192840539093,1.791581242579679,3.1019005266335884,0.3276991357837187,0.1478763418145371,-0.08547464447540876,0.015096805705872582,0.018180241958137278,True
69,1068,High volatility,Minimum volatility,-1.629703688178753,1.1103332302946358,2.740036918473389,0.10751380046239012,0.0674034294497854,-0.034287778980618855,0.006993787308178561,0.008323561956751494,False
69,1068,High volatility,Maximum Sharpe,-0.5259136007131038,1.371088241186407,1.8970018418995107,0.40919794702279555,0.25177412073942074,-0.20074473780498703,0.024808374499350114,0.030552408819100194,False
70,1069,Low volatility,Equal weight,-0.4371233411907217,0.758920836408881,1.1960441775996027,0.08986438728502155,0.07849874750631587,-0.05353411493767024,0.007159910491094856,0.008880129660483384,True
70,1069,Low volatility,Minimum volatility,-0.27404849247560403,0.3596413780738928,0.6336898705494969,0.0423129626312968,0.034715918206397786,-0.026915398077538732,0.0034685354766995787,0.0046148136110911306,False
70,1069,Low volatility,Maximum Sharpe,0.46785891359094417,-0.7330873263194603,-1.2009462399104045,-0.056067366052511725,0.1107024026900438,-0.17486849901117973,0.010981545520622315,0.0138950762999308,False
71,1070,Base,Equal weight,0.5462548332575574,-0.014968205049272482,-0.5612230383068298,0.023615433187888613,0.09772517433489761,-0.06356988090390114,0.009798354631000239,0.011793066704032035,False
71,1070,Base,Minimum volatility,0.6991129561118713,1.243486218991693,0.5443732628798218,0.09421578838356526,0.049634300328988724,-0.03784469529368972,0.004250744968823143,0.005745971967031014,False
71,1070,Base,Maximum Sharpe,1.0162581766757695,1.847387625945575,0.8311294492698056,0.1650749891964154,0.0679711278832051,-0.04383375147063118,0.00638986260250834,0.007454422539000203,True
72,1071,High volatility,Equal weight,0.005575221087590101,0.8415908141485955,0.8360155930610054,0.16089509150101833,0.1567356734744533,-0.09134276980015932,0.01585676062156457,0.018565229587513825,False
72,1071,High volatility,Minimum volatility,0.7425761419874045,1.2710078573196872,0.5284317153322827,0.11492563284121049,0.06395361305407736,-0.03085906425006002,0.005572143055723033,0.007007891524547103,False
72,1071,High volatility,Maximum Sharpe,0.887199677275408,1.8965197627015782,1.0093200854261701,0.18019923759435086,0.0732095307530895,-0.03078630768655488,0.0063034108321815,0.00802772845403561,True
73,1072,Low volatility,Equal weight,0.1915363671908465,1.8832781118934785,1.691741744702632,0.2011728981794214,0.08351111022500213,-0.05302931388500742,0.007168152172035771,0.009809792424551173,True
73,1072,Low volatility,Minimum volatility,0.7301216020868874,0.5984488296238955,-0.13167277246299192,0.05010944379992721,0.03323365301877643,-0.04315273365016936,0.0033470646961419152,0.004148920689603956,False
73,1072,Low volatility,Maximum Sharpe,1.1779237771501123,1.4569231024740894,0.2789993253239771,0.09335092069475825,0.041569037342452826,-0.03660748788320167,0.004048458985335395,0.004978551079836853,False
74,1073,Base,Equal weight,-0.32308891792023864,-1.4077316074999864,-1.0846426895797476,-0.12442829332281802,0.11100117551971837,-0.1829553253226902,0.011820620045290118,0.01519574900162317,False
74,1073,Base,Minimum volatility,-0.3084052631217387,-0.8341166350017869,-0.5257113718800481,-0.011395014673791337,0.04781355651853206,-0.04659863177673329,0.005051200276044265,0.0061275895571363,True
74,1073,Base,Maximum Sharpe,0.01600649026674195,-1.2186831404252216,-1.2346896306919637,-0.2104865576405468,0.20147127841828238,-0.26490170890453935,0.021580204825853398,0.028885694744850136,False
75,1074,High volatility,Equal weight,-0.01949359252661575,-0.010791923898078579,0.008701668628537173,0.018357654786755884,0.1405816003710934,-0.09500887333844654,0.014797591256659992,0.01844783000220464,True
75,1074,High volatility,Minimum volatility,-0.18461088817217633,-1.7439969803486937,-1.5593860921765172,-0.07604768781795723,0.06122433877527407,-0.11272051940638661,0.0067931542481134075,0.008179140149366928,False
75,1074,High volatility,Maximum Sharpe,0.28695428446969196,-0.23709473492066177,-0.5240490193903538,-0.02821043427122627,0.17839071944856685,-0.18066170587186858,0.018414019033754774,0.024940921828379977,False
76,1075,Low volatility,Equal weight,1.1921646176180973,1.4994772658749018,0.3073126482568045,0.15774944316060435,0.08013205206794019,-0.03774742057166991,0.007329503709572815,0.009346392858054223,False
76,1075,Low volatility,Minimum volatility,0.2830565487174665,1.9909336741529162,1.7078771254354497,0.10328528184073749,0.034835550086135814,-0.016906468802510122,0.0034432193990469144,0.004339105978194919,True
76,1075,Low volatility,Maximum Sharpe,1.3049995445355567,1.352449999802661,0.04745045526710423,0.17705804732406483,0.10259122192909237,-0.04568968203967849,0.010672202777398712,0.01296779142606045,False
77,1076,Base,Equal weight,-0.07696636123453182,-0.05727860215038931,0.01968775908414251,0.016852710059432674,0.1131045700446046,-0.0941370955032984,0.01237590660054229,0.0142861115250939,True
77,1076,Base,Minimum volatility,-0.41043073820421255,-0.28425208271854735,0.1261786554856652,0.014116449416371468,0.05025285587619118,-0.05319692361875139,0.005248516422596139,0.006636225901077068,False
77,1076,Base,Maximum Sharpe,0.2486875863498557,-0.8351028801686556,-1.0837904665185114,-0.13968397463872861,0.19321451756298172,-0.2426020294097816,0.02139544762053043,0.02562572445025881,False
78,1077,High volatility,Equal weight,0.1577489647822529,0.8973957490736653,0.7396467842914124,0.16878983846984252,0.15409203611859154,-0.10370628526309644,0.014147474221093958,0.01803992031037293,False
78,1077,High volatility,Minimum volatility,0.6872589839949967,1.3305869208533803,0.6433279368583835,0.12880013569162996,0.07072992371647288,-0.04257778334337314,0.006842627921205358,0.008169995838954067,True
78,1077,High volatility,Maximum Sharpe,0.7193546887948412,1.2729788715081876,0.5536241827133463,0.12431000321234031,0.07080224613745567,-0.043156862890638914,0.006908117249344671,0.008205909725532923,False
79,1078,Low volatility,Equal weight,0.5188769919459,-0.5259822917187373,-1.0448592836646373,-0.019155240608807134,0.08597861704038441,-0.07256445003505074,0.008252653739397228,0.010518012156311821,True
79,1078,Low volatility,Minimum volatility,0.5511183805531993,-1.2713733890959333,-1.8224917696491327,-0.020749081797302726,0.039141768480895824,-0.0571835646956913,0.004124675149882823,0.005359159854438116,False
79,1078,Low volatility,Maximum Sharpe,0.8495852852129393,-1.9342944610943609,-2.7838797463073,-0.07420228734019374,0.05437440544922204,-0.11644471987949623,0.005971265093948002,0.006734226509124406,False
80,1079,Base,Equal weight,0.23444677766569572,2.5856498862356054,2.35120310856991,0.34855790220132166,0.10647199212187863,-0.07070455833183109,0.0099005045379502,0.013888187004549421,False
80,1079,Base,Minimum volatility,0.10239873817324566,3.7061477421610887,3.603749003987843,0.19839442805968055,0.04110134693577968,-0.029438118797517787,0.0031177631551432216,0.0045450428453129,False
80,1079,Base,Maximum Sharpe,1.1772899279618056,4.139145683528835,2.9618557555670297,0.7045684453713588,0.12367586714975656,-0.04020504355351284,0.00956007884473013,0.013147665985233417,True
81,1080,High volatility,Equal weight,-0.11399790037074894,-1.2479878629134886,-1.1339899625427396,-0.1312317174755988,0.12966550796399323,-0.17380767973446765,0.014221659965884398,0.016376765752526667,False
81,1080,High volatility,Minimum volatility,-0.3752574893164542,-0.3965676462159861,-0.021310156899531918,0.002465572695248275,0.06329757327516576,-0.06440664246763239,0.006686364318959537,0.008187036536801041,True
81,1080,High volatility,Maximum Sharpe,0.5825779641822207,-1.5134989684590774,-2.096076932641298,-0.2030340304942715,0.16089014899632229,-0.2702895482606722,0.018018807309717638,0.022026507984066655,False
82,1081,Low volatility,Equal weight,0.9226819930572701,-0.060453053869748884,-0.9831350469270189,0.022877467015449238,0.0720400737821215,-0.0588425973669926,0.007193745775036867,0.008715375809585642,False
82,1081,Low volatility,Minimum volatility,0.6106451021960582,1.720861790633614,1.110216688437556,0.09604959868770413,0.03651214442062164,-0.022382732792507132,0.004021899914419052,0.004615051034712312,True
82,1081,Low volatility,Maximum Sharpe,1.4689506239110461,0.27000842148922394,-1.1989422024218221,0.04856683292621278,0.07716204867197542,-0.04241267799525128,0.008246459794898919,0.009968643557334119,False
83,1082,Base,Equal weight,0.3207967977839984,1.1692058484983712,0.8484090507143728,0.1649038517454502,0.11050526723718596,-0.06315556884732831,0.010575583960508304,0.013473827573985546,True
83,1082,Base,Minimum volatility,0.6105493186714473,-0.023602695296126533,-0.6341520139675739,0.02756063894019145,0.049263789137626184,-0.028015621302416416,0.004948315697699734,0.006527250819433257,False
83,1082,Base,Maximum Sharpe,1.080016473029994,1.0454875497219969,-0.03452892330799706,0.11631408594660564,0.08004518603488711,-0.050666327535550004,0.007599122396195595,0.00952119322159429,False
84,1083,High volatility,Equal weight,0.09180414977070737,-0.5382172864926525,-0.6300214362633599,-0.06006995213744548,0.14936325648116636,-0.1753537316800985,0.015583082700306722,0.019059891936489996,False
84,1083,High volatility,Minimum volatility,0.17049063803911443,0.5702511265724904,0.399760488533376,0.06630595987517895,0.06437675405836436,-0.044081605862872686,0.005941100975526863,0.008041612694944513,False
84,1083,High volatility,Maximum Sharpe,0.3795722098076928,0.9946507648134773,0.6150785550057845,0.11659645375403782,0.08478141038755488,-0.04991214887500317,0.00851538903036059,0.010772878511088897,True
85,1084,Low volatility,Equal weight,0.004048244427897302,-0.2627648365859903,-0.2668130810138876,0.005716278416606935,0.0789836899698115,-0.07225570209795196,0.008393940749124048,0.009903104310591724,False
85,1084,Low volatility,Minimum volatility,-0.6493847760712746,0.44622856340175493,1.0956133394730296,0.045171141529785075,0.03406771197235909,-0.023990783479096778,0.00334262896472934,0.004492689288440189,True
85,1084,Low volatility,Maximum Sharpe,0.41030795866536734,-0.14084146009418325,-0.5511494187595506,0.0038656005657078385,0.12618611044810857,-0.1213898526625381,0.013178806814298932,0.015563173660153815,False
86,1085,Base,Equal weight,-0.254582591656011,0.15771717260390788,0.4122997642599189,0.04155816587255612,0.10672159079115812,-0.08658683331603834,0.010235381954324689,0.013849247660355838,True
86,1085,Base,Minimum volatility,-0.20729257228020495,-0.25838526368256914,-0.05109269140236419,0.016165686118894573,0.04791514831900295,-0.04891247104622287,0.004913394728113555,0.005949098623863451,False
86,1085,Base,Maximum Sharpe,0.3810019442471248,0.06119450568927497,-0.3198074385578498,0.028814771533327566,0.13947514483722456,-0.09678118287154425,0.01383289350005572,0.017175915312881533,False
87,1086,High volatility,Equal weight,0.3395619373540228,0.10672067324706958,-0.23284126410695322,0.03566199704715478,0.12911656542331246,-0.12154030553235251,0.012522136286037563,0.01633098168600821,False
87,1086,High volatility,Minimum volatility,0.41899624745469777,1.4929205523807363,1.0739243049260385,0.1340416604390502,0.06592532468936291,-0.053403130088617634,0.005807106700230894,0.007954560212188962,True
87,1086,High volatility,Maximum Sharpe,0.7311174559585134,0.565737742186197,-0.16537971377231642,0.08226012189291554,0.09553128763587218,-0.08848678796871434,0.009932667022410866,0.011417165696441817,False
88,1087,Low volatility,Equal weight,-0.13028322570590098,0.9129268359199577,1.0432100616258586,0.10088304703930806,0.07607678420137769,-0.07036201712320533,0.007679921939643941,0.009832061747682756,False
88,1087,Low volatility,Minimum volatility,-0.04581629611442108,2.467220861518403,2.5130371576328243,0.11216161494917132,0.03131278716914618,-0.019102010209475884,0.00297692138794065,0.0037748601060736665,True
88,1087,Low volatility,Maximum Sharpe,0.23218160333384302,0.9719362662033706,0.7397546628695275,0.0721860150936251,0.04222105347183131,-0.025533124252631212,0.004208238616557968,0.004975790675353467,False
89,1088,Base,Equal weight,-0.25687188301797625,1.0463626047574082,1.3032344877753843,0.14911622889862075,0.11042886650812257,-0.06906968585711082,0.010992344392080019,0.014278353293905135,False
89,1088,Base,Minimum volatility,0.1560242463422706,2.3358013933202946,2.179777146978024,0.1472599344546155,0.046637452540230544,-0.028241804888391564,0.004108656946715222,0.005273623104965819,True
89,1088,Base,Maximum Sharpe,0.4162921303384003,0.8753462077565527,0.4590540774181524,0.08574986218102376,0.06245101875635338,-0.056109625719005574,0.006005101561114044,0.008141830268648377,False
90,1089,High volatility,Equal weight,-0.38122849541396175,0.39823089106487153,0.7794593864788333,0.08104305444776205,0.14938951461542366,-0.13811890862114218,0.014658929357065519,0.018806741672008073,True
90,1089,High volatility,Minimum volatility,-0.5301245399423878,-1.0621740125053258,-0.532049472562938,-0.037764112903473035,0.062253081780524404,-0.08354498357992168,0.006365140110238053,0.0077490497096088795,False
90,1089,High volatility,Maximum Sharpe,0.20221472980802985,-0.06674737217233517,-0.268962101980365,-0.0256089944997393,0.27350953285428425,-0.3636961124587461,0.027992833980907416,0.035121516540244785,False
91,1090,Low volatility,Equal weight,0.6511428629587366,-2.4463442240842004,-3.097487087042937,-0.15509325813172314,0.07965842569359312,-0.19816156715491762,0.008678494650906714,0.010088606597074933,False
91,1090,Low volatility,Minimum volatility,1.1694696386915582,-1.10642200143709,-2.2758916401286484,-0.008512979031375822,0.0339261829661028,-0.03385344787816691,0.0034114136543316347,0.004128158299619442,True
91,1090,Low volatility,Maximum Sharpe,1.3015799910008061,-1.5706446572468753,-2.8722246482476814,-0.02946167655186127,0.03741527797790301,-0.06718507638505178,0.003859231963394743,0.004644102715171051,False
92,1091,Base,Equal weight,0.4208819262973982,-0.7390962578757724,-1.1599781841731707,-0.06426744902289405,0.12012989523422421,-0.19657456442562538,0.013097487180798137,0.015258893911829628,True
92,1091,Base,Minimum volatility,-0.35616210669586235,-1.6265290029903665,-1.270366896294504,-0.055354659019559715,0.05234134433543424,-0.10344828108982318,0.006187048645740744,0.0073718838964325845,False
92,1091,Base,Maximum Sharpe,0.6732859672020698,-0.7907735126590003,-1.4640594798610702,-0.07970887853010833,0.1315087463491458,-0.20291497035353512,0.014810343177189905,0.017267562480913982,False
93,1092,High volatility,Equal weight,-0.00011095320089412648,-0.3293794026802553,-0.3292684494793612,-0.024659886393068042,0.13712196306450958,-0.14591435926741758,0.014012938441022521,0.017238903966329766,False
93,1092,High volatility,Minimum volatility,-0.7265657286150723,0.1786697296907084,0.9052354583057807,0.039469138620641164,0.06190825173563553,-0.06504565906358717,0.006349182197959441,0.007856681852166352,True
93,1092,High volatility,Maximum Sharpe,0.6017624281477298,-0.14595166138589047,-0.7477140895336203,-0.055566827468532365,0.2958710330164928,-0.30259494367236095,0.030107130126799872,0.03771830433221741,False
94,1093,Low volatility,Equal weight,0.962572186290426,-0.023439687143568633,-0.9860118734339945,0.025347949037218598,0.07466096511269425,-0.06953123121464033,0.007837564357201237,0.009976489078920073,False
94,1093,Low volatility,Minimum volatility,0.4578654137023195,0.18154942109760358,-0.2763159926047159,0.03560969613907505,0.0328892423399828,-0.023028908751334454,0.003317723461287447,0.004356927244319029,False
94,1093,Low volatility,Maximum Sharpe,1.2524952562440654,0.39787934988720175,-0.8546159063568637,0.06480932455163146,0.09480513631599014,-0.07713962282612874,0.009671746043336872,0.013090480069250817,True
95,1094,Base,Equal weight,0.14308914494777394,-1.3395188618253961,-1.4826080067731702,-0.10792618244810503,0.10333623396802818,-0.1759523515912047,0.011950624662989013,0.01414900258635959,False
95,1094,Base,Minimum volatility,0.0024783236920292175,-0.6802698658794248,-0.6827481895714541,-0.0031719301697291646,0.046539108819113974,-0.06952881980024839,0.0043508600154062976,0.0058021505137108706,True
95,1094,Base,Maximum Sharpe,0.313638144104572,-1.0446142403828313,-1.3582523844874035,-0.15799229093705913,0.17780539199629988,-0.30019018367548633,0.019468726523378655,0.023962859076672453,False
96,1095,High volatility,Equal weight,-0.07705452834738591,-0.5063993710591905,-0.4293448427118046,-0.05600309423990335,0.15003645058355602,-0.12796057561857244,0.015176366135121976,0.018740118412038258,False
96,1095,High volatility,Minimum volatility,0.036256264185665216,-0.3001158527915718,-0.336372116977237,0.007455574160696088,0.06642615819335757,-0.060208187888320386,0.0067668694050857375,0.008395892377188323,True
96,1095,High volatility,Maximum Sharpe,0.11551359050765993,-0.4700221135576812,-0.5855357040653412,-0.006735820761797129,0.07180754921359936,-0.06908764053293415,0.007189338853350627,0.009218956175449143,False
97,1096,Low volatility,Equal weight,0.4430433709650551,-1.0870342022715727,-1.5300775732366279,-0.05445382492334139,0.07604569673383256,-0.11190602930071358,0.008293663070418074,0.01021974005824949,False
97,1096,Low volatility,Minimum volatility,0.20898947404957618,0.16869213613754722,-0.04029733791202897,0.03590356257502725,0.038191310247008135,-0.04044191685186349,0.003926719097253899,0.005408204555402944,True
97,1096,Low volatility,Maximum Sharpe,0.8475548305916473,-1.6605778868641956,-2.508132717455843,-0.11215660625496238,0.08714203201767966,-0.1673622505462371,0.011004186836841632,0.012192503676226579,False
98,1097,Base,Equal weight,1.3726598788213549,1.809601652719451,0.4369417738980961,0.22469222723761884,0.09838036448459407,-0.038874642946964966,0.009075233584448516,0.012234193231968461,True
98,1097,Base,Minimum volatility,1.191572173877738,0.2245541500039141,-0.967018023873824,0.03942339695784414,0.045066845282896506,-0.029813510512912367,0.004275063799142708,0.005825540880844287,False
98,1097,Base,Maximum Sharpe,1.6643942704771768,1.227310734856935,-0.4370835356202418,0.1113272851331304,0.06357693540384202,-0.027716561762776704,0.006041199277433085,0.007742317364704099,False
99,1098,High volatility,Equal weight,0.8781165519730388,-0.8562380526776178,-1.7343546046506566,-0.10360101024798385,0.14928286798366389,-0.23143333228766727,0.015684332413182237,0.018497517106712418,False
99,1098,High volatility,Minimum volatility,0.17529778166162102,-1.3362120336315972,-1.5115098152932183,-0.05984386825437127,0.0666438745944904,-0.13754161425109868,0.007041094234400657,0.008209927145093063,False
99,1098,High volatility,Maximum Sharpe,1.2147605220343223,-0.40759714608113473,-1.622357668115457,-0.06516433582065673,0.1925592541892346,-0.2192567644115796,0.02104794104104009,0.024015445255345824,True
100,1099,Low volatility,Equal weight,-0.15246912630360274,1.444084689514901,1.5965538158185038,0.1656529305952017,0.08839823462945731,-0.05625681760184753,0.007937534292336986,0.010043634178673454,False
100,1099,Low volatility,Minimum volatility,0.11137863922219408,1.2758297732313801,1.164451134009186,0.08023931066975742,0.03789596745575344,-0.021118278324074535,0.0034692219797615993,0.00472159718431219,False
100,1099,Low volatility,Maximum Sharpe,0.22438797817290387,1.8963114627105564,1.6719234845376525,0.1301032712483079,0.04957044630537982,-0.02672340247920546,0.00409674492749481,0.00561977450199738,True
101,1100,Base,Equal weight,-0.08969150235787957,0.15228989745573346,0.24198139981361302,0.040566291941336985,0.09923452270637248,-0.1364103898110962,0.010787200240372812,0.01252920257999972,True
101,1100,Base,Minimum volatility,0.04026345789375081,-0.32994761580652177,-0.37021107370027256,0.013071975698151439,0.04690804211885685,-0.033306494218831695,0.004623644608047189,0.0056822283438297495,False
101,1100,Base,Maximum Sharpe,0.34687998695736205,-0.43495648370920864,-0.7818364706665707,-0.003805054688160392,0.07096262661743684,-0.06278896233157105,0.0070615877713348174,0.0088105777086343,False
102,1101,High volatility,Equal weight,0.11996569246121577,0.3739392951672289,0.2539736027060131,0.07610197769678195,0.14519621219731896,-0.13330239261219967,0.015437388317883553,0.018296694102124055,True
102,1101,High volatility,Minimum volatility,-0.025162550419488217,-0.706892299244484,-0.6817297488249958,-0.015216857049542454,0.06089552806380168,-0.08923350099820271,0.006679047666518806,0.007935560535923206,False
102,1101,High volatility,Maximum Sharpe,0.2889319467144079,0.1130647719406539,-0.17586717477375402,0.035138229193180104,0.16720810163792146,-0.15020747670748225,0.01758423762059908,0.020267929901575,False
103,1102,Low volatility,Equal weight,0.915429964952659,0.6991363356149857,-0.21629362933767338,0.08951740926370233,0.08558534524283315,-0.058572389961651594,0.008205521376977528,0.010883759499970532,True
103,1102,Low volatility,Minimum volatility,0.8437894542164347,-0.6885887792527873,-1.532378233469222,0.0042642204247691495,0.035821539094567784,-0.030190177827836062,0.003467772551678116,0.004669437600302003,False
103,1102,Low volatility,Maximum Sharpe,1.1145867698124063,0.15552560501205961,-0.9590611648003468,0.03695728458777947,0.051921001807888105,-0.03643061123571645,0.004760453707324478,0.00654927174826379,False
104,1103,Base,Equal weight,0.9487052261469568,0.6854153453036629,-0.26328988084329397,0.10635862425109566,0.11376602226257798,-0.07079743363240076,0.010943435724407029,0.014170905765425755,False
104,1103,Base,Minimum volatility,0.01841743397554287,-0.22517154085876717,-0.24358897483431005,0.018335988642554257,0.04591980556491152,-0.038046342990730175,0.00441676464195656,0.0061168398462727504,False
104,1103,Base,Maximum Sharpe,1.4197201722758594,0.9376938302712386,-0.4820263420046208,0.19737639683656005,0.17733543541570998,-0.11567722288320181,0.017593819930815113,0.02170638815930219,True
105,1104,High volatility,Equal weight,-0.09297982450392778,0.5273398975408565,0.6203197220447842,0.10023283443282627,0.14489939502588065,-0.12992642899898754,0.012600693059984526,0.015886569592444253,False
105,1104,High volatility,Minimum volatility,-1.0658943687913685,0.3970497157764256,1.4629440845677941,0.05611790991650989,0.06905935233834665,-0.05495220675119217,0.007134840470983674,0.00900345467821051,False
105,1104,High volatility,Maximum Sharpe,0.37689454852725157,0.5535130954149129,0.17661854688766132,0.13471772454409492,0.21734035853568906,-0.16034140227501703,0.019860249139233652,0.024104937541564724,True
106,1105,Low volatility,Equal weight,0.7011293656867688,0.10780626872296076,-0.593323096963808,0.03564975007492377,0.08132613645775542,-0.09608925379842703,0.00814580666103667,0.011072267251900785,False
106,1105,Low volatility,Minimum volatility,0.2006386289514212,1.4099567834965105,1.2093181545450893,0.08493230578164757,0.03735185159803323,-0.025452724756872325,0.003360576552220811,0.0038385713602466618,True
106,1105,Low volatility,Maximum Sharpe,1.1989500955499899,-0.024577446167822887,-1.2235275417178129,0.02249641985771489,0.09894099153333416,-0.10275786079089766,0.010770409556655711,0.013633504743337115,False
107,1106,Base,Equal weight,0.300007939374509,-0.71002345342354,-1.0100313927980489,-0.04954041120367769,0.1053947189331652,-0.15750654576946943,0.011299473590093565,0.014491148269990787,False
107,1106,Base,Minimum volatility,-0.22319139704173444,-1.9634587090973288,-1.7402673120555943,-0.05951331875900756,0.04577013024205755,-0.07127390669563782,0.004731654462631118,0.005612694102115068,False
107,1106,Base,Maximum Sharpe,0.7811359483884857,0.32319474223580175,-0.4579412061526839,0.0690042437406122,0.14933732124395901,-0.16504370693973214,0.015841959962102203,0.017574926722394725,True
108,1107,High volatility,Equal weight,1.0977119691743082,-0.12318549712446532,-1.2208974662987735,0.00021132848433791374,0.14878513043320105,-0.16859302517383812,0.014415392476911652,0.01896392286112144,True
108,1107,High volatility,Minimum volatility,1.1489205015297181,-0.24195391831337223,-1.3908744198430905,0.012446502372756685,0.0629058215150992,-0.05965136653575642,0.006312672071158396,0.007975134414708096,False
108,1107,High volatility,Maximum Sharpe,1.6897802392248107,-0.5042880196674255,-2.1940682588922362,-0.016484148582307623,0.08452140383089153,-0.09769175434905486,0.009109219865571375,0.01097313484454268,False
109,1108,Low volatility,Equal weight,-0.14605681735380174,0.4937879332029848,0.6398447505567866,0.06895292213555848,0.08197233784170035,-0.04827796171323351,0.007529882280030539,0.011298089729080597,False
109,1108,Low volatility,Minimum volatility,-0.019968973857037556,0.008367410664378823,0.02833638452141638,0.029536006365112444,0.03962838137902372,-0.022989109108703,0.0040474016314898985,0.005264734049213946,False
109,1108,Low volatility,Maximum Sharpe,0.4410571983213193,0.9137841580894386,0.4727269597681193,0.11078555647404498,0.08676066505014067,-0.03810005773747405,0.00832512816462364,0.011773911939909261,True
110,1109,Base,Equal weight,0.37342969997083003,-0.661317591046175,-1.034747291017005,-0.04581914772215867,0.10699491636861569,-0.16958350056448812,0.009331755811244683,0.013610095707435672,False
110,1109,Base,Minimum volatility,0.2997405565933102,-0.7373727818453352,-1.0371133384386453,-0.00869778483551098,0.050232127396926715,-0.07680012764950606,0.0050046272000324405,0.006537382678077899,False
110,1109,Base,Maximum Sharpe,0.8068082584788425,-0.28944670274345513,-1.0962549612222976,-0.01720508429073464,0.1321001569325133,-0.16161141509485843,0.01311489164665327,0.015574959516676517,True
111,1110,High volatility,Equal weight,-0.2402679986694591,-1.2930019990548607,-1.0527340003854015,-0.16082742738861067,0.14978093585507063,-0.2131756931841544,0.017067384266282185,0.018930485667679537,False
111,1110,High volatility,Minimum volatility,-0.5125498544968271,-0.8194710687769237,-0.30692121428009655,-0.02478396471964117,0.06419166034235081,-0.07291730997034473,0.0066900166871064065,0.008417420210995563,True
111,1110,High volatility,Maximum Sharpe,0.16415752540068765,-1.313465772752424,-1.4776232981531117,-0.21086995443804346,0.18917199962797263,-0.285517680634782,0.020672069492825282,0.024095868143972764,False
112,1111,Low volatility,Equal weight,-0.43793655889502625,-0.11906783574471513,0.3188687231503111,0.017348699064029915,0.0782077559942874,-0.05983316813918749,0.008081922801138711,0.01098452238522765,False
112,1111,Low volatility,Minimum volatility,-0.220537001246332,-0.4337250602394632,-0.21318805899313123,0.013363822469021569,0.036054112126438775,-0.03627477064124285,0.0037051135705546846,0.004651197830187115,False
112,1111,Low volatility,Maximum Sharpe,-0.01574102450051456,-0.01003413302370558,0.00570689147680898,0.0188508399261218,0.13810427928656305,-0.11584807874202474,0.014989806080212068,0.01783520976196669,True
113,1112,Base,Equal weight,0.33005996295651313,-0.8015834831935004,-1.1316434461500136,-0.0499149049794666,0.09513002627566665,-0.1096872941798277,0.010038102437257427,0.011778082482011672,False
113,1112,Base,Minimum volatility,-0.8461087562492652,-0.3777789061355088,0.4683298501137564,0.010924427306016726,0.046622501065901385,-0.04480992412403062,0.004600223948879733,0.0057904228871291565,False
113,1112,Base,Maximum Sharpe,0.6457365004782224,0.4182080258564453,-0.2275284746217771,0.07160402397715826,0.10878358984737797,-0.08138463947750196,0.01084185451038454,0.013190570266634906,True
114,1113,High volatility,Equal weight,0.35351817492637816,-0.5362937918266588,-0.889811966753037,-0.05994434404028992,0.14957962244925593,-0.12994233971254399,0.01461212764657475,0.01947669707878945,False
114,1113,High volatility,Minimum volatility,-0.5150619958612992,-1.0090487172941998,-0.49398672143290057,-0.03839716483881417,0.06594927790174188,-0.05721766897660929,0.006553774039231584,0.008132304337283881,False
114,1113,High volatility,Maximum Sharpe,0.549006320691507,-0.02233659776859383,-0.5713429184601009,-0.004910974152227743,0.24155808934914583,-0.180511179623972,0.02413655254962681,0.030942017003405452,True
115,1114,Low volatility,Equal weight,0.2847655116681771,-0.8792733894757395,-1.1640389011439165,-0.04760962587805062,0.08499908067978115,-0.07380570879145354,0.008880139041277749,0.011136987678847837,False
115,1114,Low volatility,Minimum volatility,-0.17715717345556317,0.05726348700474201,0.23442066046030519,0.03147007389229173,0.03649393468361423,-0.031423322503830065,0.003706830856914424,0.004971808433100975,True
115,1114,Low volatility,Maximum Sharpe,0.8358446896630403,-1.2466902383986074,-2.082534928061648,-0.15480272203660372,0.14963151815255543,-0.21761591837358107,0.016184802895051052,0.01967901165258344,False
116,1115,Base,Equal weight,0.3807991846573658,0.647249803490718,0.26645061883335225,0.10041476118795001,0.11182033187658265,-0.08921761612395507,0.012034933378444605,0.014306615037025495,False
116,1115,Base,Minimum volatility,-0.25249705264858685,-0.945913279661498,-0.6934162270129112,-0.015101182481884967,0.04621256794162416,-0.0444280727321652,0.004810534028204449,0.0056982014872734195,False
116,1115,Base,Maximum Sharpe,0.5083425958052366,0.7683352753569986,0.2599926795517621,0.14594857653605753,0.1543411207872242,-0.140745351791006,0.016401812477952454,0.020408534611683564,True
117,1116,High volatility,Equal weight,0.6997586515285695,0.7296601861481746,0.029901534619605097,0.13695590610648045,0.15100408965438014,-0.11196688013399325,0.015318250955934538,0.018610001734097523,False
117,1116,High volatility,Minimum volatility,0.5420578883458784,1.3577003808946095,0.8156424925487311,0.11792645296282411,0.06174941894068405,-0.053636398774292826,0.005831314958002237,0.007672250989946958,True
117,1116,High volatility,Maximum Sharpe,1.0964862142904277,0.9602884162690294,-0.1361977980213983,0.13261166420324222,0.10459914882805374,-0.08688573370735841,0.010732002102319015,0.01288689056459948,False
118,1117,Low volatility,Equal weight,0.41190804288124416,2.6438337551679894,2.231925712286745,0.26632210152844826,0.07935452035092182,-0.04468423339994532,0.0074060197883066324,0.009719568874356646,True
118,1117,Low volatility,Minimum volatility,-0.18785511196088722,0.3991949411029203,0.5870500530638075,0.04414433721548949,0.03576661402065878,-0.019997305452371994,0.003593375728778303,0.004216572999798538,False
118,1117,Low volatility,Maximum Sharpe,0.6472567316989909,1.9354924115944279,1.288235679895437,0.2060248019933395,0.08333484146254953,-0.04692317649775124,0.007248602941875979,0.010360991720815513,False
119,1118,Base,Equal weight,0.19624525036341672,-0.8357048577876625,-1.0319501081510791,-0.06964207885806306,0.11399858410298583,-0.13599328588097048,0.011357992717406371,0.013846684407949058,False
119,1118,Base,Minimum volatility,0.5494598315249747,-0.31889079036972495,-0.8683506218946997,0.012645951481841777,0.04946816751783648,-0.068852505937265,0.004891719245638681,0.006662463909419065,True
119,1118,Base,Maximum Sharpe,0.8394685501315555,-0.5069573275932742,-1.3464258777248297,-0.0004321006093752633,0.056073984463192866,-0.07733926857629714,0.005422319014571469,0.006931663893445726,False
120,1119,High volatility,Equal weight,0.3964641195455844,1.1081719658084053,0.7117078462628208,0.19837504370628256,0.14627730660518093,-0.08258631770479685,0.012991882571783398,0.016641086406647656,False
120,1119,High volatility,Minimum volatility,-0.03149907157343557,1.0384885481681332,1.0699876197415688,0.09611933835922581,0.061754141152897596,-0.03705147934573905,0.006463405464884308,0.0075221516080131385,False
120,1119,High volatility,Maximum Sharpe,0.6530059816269922,1.355786884639672,0.7027809030126797,0.3430497368550529,0.21238277574299846,-0.13098898975222906,0.018308734984159088,0.024052033319536186,True
121,1120,Low volatility,Equal weight,0.36159416628732094,1.4430877102117734,1.0814935439244524,0.1664860395920209,0.08899304793536267,-0.0800263569952705,0.00803405466244263,0.010461753500231059,False
121,1120,Low volatility,Minimum volatility,-0.6894591031156213,-0.03901443468272822,0.6504446684328931,0.02779068362599202,0.03729437414236315,-0.02588172694575175,0.0038310395032272113,0.0045269359744789855,False
121,1120,Low volatility,Maximum Sharpe,0.794968434430436,1.661760653012625,0.866792218582189,0.34704127752068437,0.1702753194630243,-0.1518116393992225,0.015624705701742177,0.021149240165734804,True
122,1121,Base,Equal weight,0.06082434090995866,0.26266631959481823,0.20184197868485956,0.05381553945352646,0.1099944252042251,-0.05429290563061173,0.010414828217146734,0.014756720940985056,False
122,1121,Base,Minimum volatility,-0.4397443501336656,-1.1091039860950231,-0.6693596359613576,-0.023286756674367304,0.04690775667357528,-0.060963084779001586,0.00507551863265444,0.006132960541349119,False
122,1121,Base,Maximum Sharpe,0.40726322038203217,1.055721849217266,0.6484586288352339,0.16979184538011216,0.12836989964850598,-0.06300252035675702,0.013418095025582675,0.016823697936078904,True
123,1122,High volatility,Equal weight,0.2817299492663158,1.0258662799068377,0.7441363306405219,0.19568088702123188,0.15752518511080035,-0.14378770605384172,0.01724387603179861,0.023052915101746837,False
123,1122,High volatility,Minimum volatility,0.11611529629498606,0.36221668275520497,0.2461013864602189,0.05343651926076021,0.06858966382796905,-0.04280544933160857,0.006201399587490327,0.008127344106555596,False
123,1122,High volatility,Maximum Sharpe,0.6006166402939966,1.0549471039829228,0.45433046368892616,0.22969175862563151,0.18404798393479402,-0.13553878552526677,0.019929750851888726,0.02347892090542693,True
124,1123,Low volatility,Equal weight,0.3067726434854791,0.09100526259605383,-0.21576738088942526,0.034249139887400526,0.08231371785773672,-0.06120149369587602,0.008689331845346364,0.010857868416088481,False
124,1123,Low volatility,Minimum volatility,0.32641073355379363,-1.1286935826400115,-1.455104316193805,-0.010110205993050125,0.03466285277411193,-0.06149659416764508,0.0033963830860351814,0.004190825298400014,False
124,1123,Low volatility,Maximum Sharpe,0.5347154629587731,0.7303696738973005,0.1956542109385273,0.07270437192920931,0.057917532092251665,-0.04171189252116536,0.0055920329012771886,0.0066720129344085295,True
125,1124,Base,Equal weight,-0.15906408205131903,1.7467439308750128,1.9058080129263317,0.2507192974693395,0.11497462258640699,-0.10759017279700978,0.009739538799752728,0.012755164953646618,True
125,1124,Base,Minimum volatility,0.35639951804994124,0.8859941277591296,0.5295946097091884,0.07725215274148867,0.052166145861123156,-0.026836425719913293,0.005080614757990709,0.006281152451455962,False
125,1124,Base,Maximum Sharpe,0.8081153134277492,1.5573066693536841,0.7491913559259349,0.14320099094716854,0.06847766945489821,-0.051043695866792804,0.006183858377179324,0.007813219659336158,False
126,1125,High volatility,Equal weight,0.18906481048383927,0.6846311064387987,0.4955662959549594,0.13353786111494714,0.1581632888811365,-0.10560134213612604,0.016944208838251297,0.021138868523102018,False
126,1125,High volatility,Minimum volatility,-0.005375609896396642,0.374584559387527,0.3799601692839236,0.05237488351329933,0.06258864204013594,-0.05421795849929212,0.006107043153379771,0.0077163480503633555,False
126,1125,High volatility,Maximum Sharpe,0.8368824028582038,1.0182027711973018,0.18132036833909804,0.21116764958114187,0.1740155643626875,-0.11334846791540287,0.018566953967055762,0.023573111097866015,True
127,1126,Low volatility,Equal weight,-0.22340371941868148,-0.13938612440079284,0.08401759501788864,0.014311337104600419,0.08457289937838817,-0.08602482609072548,0.008793815652719649,0.010845445678791874,True
127,1126,Low volatility,Minimum volatility,-0.5881746891974183,-1.0468003629077614,-0.458625673710343,-0.007227824147573836,0.03459909738038655,-0.050207784246477094,0.0035807484588447455,0.004213917102370701,False
127,1126,Low volatility,Maximum Sharpe,0.0012074125720437263,-0.9675072165580078,-0.9687146291300515,-0.06541508474952484,0.09575043234112038,-0.18835673016493681,0.00971791846583247,0.012088072792223655,False
128,1127,Base,Equal weight,-0.19939062891833972,0.9429686718022663,1.142359300720606,0.13175538911487572,0.10584968750750445,-0.0912156441809353,0.010245735031057383,0.011927754190257165,False
128,1127,Base,Minimum volatility,-0.023348501062505817,0.6700325905487088,0.6933810916112146,0.06305784104524825,0.04893547337573905,-0.05239284266238586,0.004487109182731013,0.005798189860084368,False
128,1127,Base,Maximum Sharpe,0.42188443003457077,1.9298956564248406,1.5080112263902699,0.3609840766658574,0.1503092406213199,-0.07592147403569893,0.014818392393448147,0.018035589187920628,True
129,1128,High volatility,Equal weight,0.17596450702447897,1.1793904232448085,1.0034259162203294,0.2071618450685695,0.143298078464933,-0.05189380638467678,0.015297819445903646,0.017930120936100684,False
129,1128,High volatility,Minimum volatility,-0.1217454435566259,0.870736835809668,0.9924822793662939,0.08475369273918787,0.061671343373135915,-0.030664002016262293,0.005980438064537667,0.007402639693562158,False
129,1128,High volatility,Maximum Sharpe,0.9656642334231661,2.7492257560874203,1.7835615226642543,0.9625901667048984,0.2457750444733586,-0.07314196293702502,0.023762184034840286,0.031673878594430875,True
130,1129,Low volatility,Equal weight,0.5126430515395244,0.38870378832241004,-0.12393926321711435,0.05925199373887824,0.08032792415380578,-0.05550003755825228,0.008247988427538027,0.010834879875658317,False
130,1129,Low volatility,Minimum volatility,0.7742751490896812,1.1232772550646513,0.34900210597497006,0.07152382906718846,0.03575918644424519,-0.03337064413160884,0.0034032444400926894,0.0041679563267906445,True
130,1129,Low volatility,Maximum Sharpe,0.9545980702063348,0.49477973782102114,-0.45981833238531367,0.05336612291503928,0.04762759394186948,-0.0609272854908256,0.004687826310502182,0.005796066709180434,False
131,1130,Base,Equal weight,0.7868773324178284,0.4034390225245483,-0.38343830989328015,0.0709676446201235,0.11223041494689111,-0.0939831841083758,0.011595011620146072,0.013720823411542443,True
131,1130,Base,Minimum volatility,0.4971611727661059,-1.0680061829531005,-1.5651673557192063,-0.021580512892613424,0.04707193003542345,-0.05604880429992176,0.004463624866808711,0.005822142766223708,False
131,1130,Base,Maximum Sharpe,0.9834900620220743,-0.05773225953816868,-1.041222321560243,0.019576708130439435,0.09629930044800014,-0.09784645132031178,0.008972342115252357,0.011078863478959776,False
132,1131,High volatility,Equal weight,0.35844855946032905,-1.0563876112558188,-1.4148361707161479,-0.11414143119018783,0.13418235431120737,-0.199575432795277,0.014369536753568125,0.01793444822871047,False
132,1131,High volatility,Minimum volatility,0.2653282076599893,-0.1603259414833551,-0.42565414914334443,0.016852443934813666,0.06643164078423505,-0.09414242660739869,0.007220595664210914,0.00813298149938149,True
132,1131,High volatility,Maximum Sharpe,0.8240606891655459,-0.8203725121809646,-1.6444332013465104,-0.10751481529477602,0.15924607361854157,-0.1520928170198057,0.01609335476253998,0.019967194909452892,False
133,1132,Low volatility,Equal weight,-0.542171240200313,0.1633911446932562,0.7055623848935693,0.04018755626230597,0.07951270357785561,-0.04956906475309819,0.00830011989314603,0.009621472024933806,False
133,1132,Low volatility,Minimum volatility,-0.12417581704471202,0.459388799759505,0.583564616804217,0.04608459127033737,0.03506866789794005,-0.023531535390468372,0.0034480558152372273,0.004297122312592776,True
133,1132,Low volatility,Maximum Sharpe,0.12632701690291004,0.4507360960873372,0.3244090791844272,0.04821589329751075,0.04073272258091154,-0.0354018772762823,0.003995405332951751,0.0050022697345147174,False
134,1133,Base,Equal weight,0.3727064579320235,1.0903780964336556,0.7176716385016321,0.1601939740670686,0.11526084001881817,-0.05208275294899767,0.010902012461752042,0.013429173201562877,True
134,1133,Base,Minimum volatility,0.009092236827618746,0.780680006166116,0.7715877693384973,0.06939225054046938,0.04965798419631985,-0.02200647990499327,0.005045582269832073,0.006614801728548354,False
134,1133,Base,Maximum Sharpe,0.4419884508961557,1.028067753815093,0.5860793029189374,0.18539438525354734,0.14721284743960195,-0.07203617361300851,0.013787014331491366,0.016417806676522238,False
135,1134,High volatility,Equal weight,0.3306199231367726,1.3106515578444633,0.9800316347076907,0.22894143515604748,0.14249936400056765,-0.09630341948642307,0.013110566115137744,0.01661040090376919,False
135,1134,High volatility,Minimum volatility,-0.4818862452735449,0.2879909222530727,0.7698771675266176,0.04752428682682419,0.06615844321356903,-0.06787558475104483,0.006649844836794738,0.00810873617430611,False
135,1134,High volatility,Maximum Sharpe,0.5233576852963839,1.448127909299556,0.9247702240031721,0.28399657816499624,0.16121555462034837,-0.12581951674537062,0.015958151427386397,0.01852051037959743,True
136,1135,Low volatility,Equal weight,0.5135314997355318,-0.5095915187808235,-1.0231230185163553,-0.015114273899495934,0.0814117612897375,-0.13715291612348035,0.008394239789498392,0.011300922794818783,False
136,1135,Low volatility,Minimum volatility,0.3437367016199788,1.3012267851769908,0.9574900835570119,0.08042521027756444,0.03727057339821647,-0.030103680373391173,0.0032577247831570393,0.004419331398065052,True
136,1135,Low volatility,Maximum Sharpe,0.9356529302041505,-1.0397515149946481,-1.9754044451987987,-0.06390889079170747,0.08821074166257188,-0.16040553652943224,0.009028258072103617,0.011258481316590898,False
137,1136,Base,Equal weight,-0.331033552610279,0.0049631812986339,0.3359967339089129,0.02384456284352332,0.11484271262092251,-0.09598327506185067,0.012144060801221152,0.013151607689050625,True
137,1136,Base,Minimum volatility,0.34147588291894365,-2.0536694318818247,-2.3951453148007684,-0.07340029887736188,0.0508811704222284,-0.11006006555499281,0.0056644504574807596,0.0068301535922970285,False
137,1136,Base,Maximum Sharpe,0.4815184116265993,-2.2410209000945636,-2.722539311721163,-0.08615783796188137,0.05276837007811344,-0.12278314383964783,0.005689201932144189,0.0068030065626284615,False
138,1137,High volatility,Equal weight,0.57356350238075,0.10794279063717713,-0.4656207117435729,0.034724013405137644,0.1588870975475284,-0.1261115074195529,0.01469651302727531,0.02020995624680825,True
138,1137,High volatility,Minimum volatility,0.8465113426137576,-0.637784858011615,-1.4842962006253726,-0.010735358982072785,0.06042204870331155,-0.08359005171877743,0.006442157319689756,0.007361617458807266,False
138,1137,High volatility,Maximum Sharpe,0.9431571428787856,-0.59702661532355,-1.5401837582023354,-0.011326837545086232,0.0650624359403281,-0.09073272090760265,0.006542599358767506,0.008276383391539747,False
139,1138,Low volatility,Equal weight,1.2916744962011215,0.8363590846265175,-0.455315411574604,0.10172344712691017,0.08478540140282016,-0.057924986601224915,0.008292045887720213,0.010086608867237735,True
139,1138,Low volatility,Minimum volatility,0.8642199305129215,0.11282313444145957,-0.7513967960714619,0.03339243360939581,0.03436072187516178,-0.023670693440438262,0.0036192497460954976,0.004549187276433634,False
139,1138,Low volatility,Maximum Sharpe,1.5353764817917794,0.32044555278718173,-1.2149309290045978,0.04896932930223419,0.06315178382729289,-0.04525245862754168,0.005870389865642233,0.006881897537733845,False
140,1139,Base,Equal weight,0.4394083891697739,2.973465223613717,2.534056834443943,0.4165001096764491,0.10923486313300325,-0.05113363479226474,0.009872239491323606,0.01319657487426364,False
140,1139,Base,Minimum volatility,0.7725204427151633,3.618361205669408,2.8458407629542446,0.22157512423129155,0.04747503274506525,-0.02262693652163561,0.004213170195253734,0.005265977171613179,True
140,1139,Base,Maximum Sharpe,0.9120396216627525,3.4788241787924714,2.566784557129719,0.24229544996559937,0.054317879470471196,-0.025151458087828815,0.004825210306144339,0.006457770011400047,False
141,1140,High volatility,Equal weight,0.10277797256407299,0.5668601449369386,0.4640821723728656,0.10557926593212064,0.14291787995415595,-0.10355667634654131,0.01558097895783933,0.01882702688921931,False
141,1140,High volatility,Minimum volatility,-0.19870158181305217,-0.6468942393668714,-0.4481926575538192,-0.015187088681492877,0.06599914742174098,-0.050661335410341124,0.0073566268310698065,0.008655465608643591,False
141,1140,High volatility,Maximum Sharpe,0.648540187907466,0.9692799331179859,0.32073974521051984,0.2852017423378572,0.2645104544988115,-0.1809905847254093,0.028554032897542315,0.03435641935503401,True
142,1141,Low volatility,Equal weight,0.6501033479761879,-0.2792723568197953,-0.9293757047959832,0.004359402106768329,0.07911431714815069,-0.07804964405306591,0.008544716024847087,0.009955435527157643,False
142,1141,Low volatility,Minimum volatility,0.4948640031037756,0.2861097177731678,-0.2087542853306078,0.03939692052531485,0.03372722645228711,-0.028106527002345394,0.0035067023810191767,0.0045861958223460016,False
142,1141,Low volatility,Maximum Sharpe,0.9406334284595139,0.6794355667523422,-0.26119786170717174,0.07438959707308923,0.06523306299206685,-0.048979300037260254,0.005959177098792988,0.007974283508453143,True
143,1142,Base,Equal weight,-0.1405918801393911,-0.4596812437455202,-0.3190893636061291,-0.025808364034993536,0.10845261372202773,-0.17398308647827576,0.010740124850221616,0.013568436461977985,True
143,1142,Base,Minimum volatility,-0.150630706551634,-0.6574432715362737,-0.5068125649846397,-0.003941636376000535,0.049140395968013624,-0.06554615628710159,0.005049032408325033,0.006320067728964745,False
143,1142,Base,Maximum Sharpe,0.351939104357138,-1.8904696288136282,-2.242408733170766,-0.18086215328751998,0.11748791634000512,-0.25756654456780426,0.012834697664865714,0.01585924511427245,False
144,1143,High volatility,Equal weight,-0.8220314731791905,-0.397013278210574,0.4250181949686164,-0.036389176234653986,0.1423817116891759,-0.14642479474998682,0.013831102896348178,0.01765492847272325,False
144,1143,High volatility,Minimum volatility,-0.8714521280773612,-0.6059206773872534,0.26553145069010775,-0.013472861868038533,0.06743230159972724,-0.05173957066748225,0.007483341426415351,0.008993656064340532,False
144,1143,High volatility,Maximum Sharpe,-0.27628658636931963,0.3479935802139865,0.6242801665833062,0.0923864885145611,0.28630023874523913,-0.26450008270000613,0.028742300970798867,0.0350093256999945,True
145,1144,Low volatility,Equal weight,0.09582590736384462,0.2093517579821157,0.11352585061827107,0.044021843531405924,0.07971728386231049,-0.07425766341850393,0.00862812840800632,0.010212695231959881,False
145,1144,Low volatility,Minimum volatility,-0.30048473465706615,0.3349673477391547,0.6354520823962209,0.04139326303566726,0.03462837281133562,-0.028836014685459932,0.003413442340438948,0.004220826257925798,False
145,1144,Low volatility,Maximum Sharpe,0.41101285134201243,0.7390726176301667,0.3280597662881543,0.1216312117671634,0.1260465327919424,-0.09261429193777282,0.012312635914150652,0.015782051869776412,True
146,1145,Base,Equal weight,0.5298122200417275,-0.43972559226841196,-0.9695378123101395,-0.02391125415917461,0.10884721580215934,-0.10928110038868977,0.011139861573810556,0.013665732863001195,False
146,1145,Base,Minimum volatility,0.6765688183552462,0.16339492576000716,-0.513173892595239,0.037353944261324656,0.05169339307899835,-0.04703242880168845,0.005519268266135506,0.006986248409688252,False
146,1145,Base,Maximum Sharpe,0.8770474886582142,0.4191423540076202,-0.45790513465059407,0.057293985095752564,0.06788356045684217,-0.04477589682975125,0.006584996088199688,0.008715811929113372,True
147,1146,High volatility,Equal weight,0.7288576779525225,0.16292579286125694,-0.5659318850912656,0.0437655914358801,0.15617963057692405,-0.165039253701875,0.016954916817476816,0.021493396811381557,False
147,1146,High volatility,Minimum volatility,-0.38824394032790766,0.6154954196774508,1.0037393600053583,0.06927739322510496,0.06414357669918956,-0.04748342975612907,0.005912446176208297,0.008092449245353794,True
147,1146,High volatility,Maximum Sharpe,1.0982032047392725,-0.044810898235486785,-1.1430141029747594,-0.0010265044400400436,0.2067085232111003,-0.196923469432572,0.020808446159428402,0.028484520628066508,False
148,1147,Low volatility,Equal weight,0.4435611501642825,2.0755084882070207,1.6319473380427383,0.22277301128752813,0.08440607671515106,-0.053547453842076376,0.007672997100852019,0.010240108370591475,True
148,1147,Low volatility,Minimum volatility,0.8870211503397128,0.2706754961377917,-0.6163456542019212,0.03972539479293169,0.037282435620483785,-0.02067682444390695,0.003677404120549159,0.005064513149335759,False
148,1147,Low volatility,Maximum Sharpe,1.0874903243109417,0.7132557299559025,-0.37423459435503925,0.06296825664544614,0.04563421346171085,-0.030665532355831915,0.004292972453770178,0.005501804749144865,False
149,1148,Base,Equal weight,0.29495328058936543,-1.3470675190191688,-1.642020799608534,-0.1087685368002077,0.10345006435591945,-0.12981520302060923,0.01125438182220118,0.01340626573794947,False
149,1148,Base,Minimum volatility,0.11924103273212049,-1.8388312925363417,-1.9580723252684622,-0.05578910296762718,0.046700048351926454,-0.07531819351182512,0.005132515254956542,0.006199079445027426,False
149,1148,Base,Maximum Sharpe,0.47154684951453907,-1.1738161315501248,-1.6453629810646637,-0.07362251446363521,0.08710319880187511,-0.09370068203107762,0.009247700481896753,0.010783785298282996,True
150,1149,High volatility,Equal weight,0.14387579323018504,1.1474741579552052,1.0035983647250202,0.20035632495262368,0.1422062715451271,-0.08755905339174574,0.013660927761332056,0.016402004377715336,True
150,1149,High volatility,Minimum volatility,-0.17993249362857808,0.8539644343349583,1.0338969279635364,0.08551652938114995,0.06386600946847648,-0.03220219889250575,0.006438187114009819,0.00775355323950263,False
150,1149,High volatility,Maximum Sharpe,0.33494347842087113,0.9599928362965717,0.6250493578757006,0.2645373462066045,0.24484755323519625,-0.1641523655089676,0.02258937995232204,0.029452343031391794,False
151,1150,Low volatility,Equal weight,-0.16233358585955418,0.6848348938402136,0.8471684796997677,0.08272220199777292,0.07724541536318977,-0.06359052571595358,0.007872270741630718,0.009179454588620555,True
151,1150,Low volatility,Minimum volatility,0.5536134817469194,-1.8503438571846869,-2.4039573389316065,-0.033566663218709936,0.034113390907468684,-0.05418935837875771,0.0040130667852598416,0.0047020658419411315,False
151,1150,Low volatility,Maximum Sharpe,0.9351810400208811,-1.5716765951246419,-2.506857635145523,-0.042395405197440006,0.045706952586058766,-0.07049294820340513,0.0047813592565224645,0.005779314267049747,False
152,1151,Base,Equal weight,1.1104519394620067,0.4422353055830895,-0.6682166338789173,0.07687409822829405,0.11575221500425105,-0.08256059219794332,0.01128334945725563,0.015011517480743867,False
152,1151,Base,Minimum volatility,0.11883904619101124,0.7899266559089998,0.6710876097179885,0.07247780937005399,0.05293627538582418,-0.04081924193596176,0.005162298138563241,0.006326825510040943,True
152,1151,Base,Maximum Sharpe,1.436587378328197,0.6140579919586665,-0.8225293863695305,0.14428162433040992,0.2058074207219089,-0.17136698663465966,0.018893372109554163,0.027194526598380637,False
153,1152,High volatility,Equal weight,1.2047919229102841,-1.2198312800422868,-2.4246232029525707,-0.13241054116727968,0.13338267088271172,-0.16933448001280593,0.013849362736682873,0.01705367955807807,False
153,1152,High volatility,Minimum volatility,1.3120096386434954,0.31835639612593764,-0.9936532425175577,0.05105242409033561,0.07157028139370986,-0.059800509647116695,0.006928290208181939,0.00842204810833194,True
153,1152,High volatility,Maximum Sharpe,1.805864851843038,-0.018885520974326744,-1.8247503728173649,0.02430754483982578,0.08825276961298187,-0.07559830940914436,0.008904491859193613,0.010444458855070487,False
154,1153,Low volatility,Equal weight,0.5548359982939043,0.3917607822182887,-0.1630752160756156,0.05814847306060433,0.07621071495602802,-0.07172233711107345,0.006988453030798544,0.009041542420159412,False
154,1153,Low volatility,Minimum volatility,0.6247467614537261,-0.24707318097048855,-0.8718199424242147,0.019937818887117986,0.03698080545487679,-0.03334968252412884,0.0038810776656091717,0.004782734440909136,False
154,1153,Low volatility,Maximum Sharpe,1.341504226716786,0.9128819562082455,-0.4286222705085405,0.0986404868950026,0.07364905344240368,-0.04887477913673177,0.0072333795044850656,0.009818553735731757,True
155,1154,Base,Equal weight,0.33385485240658713,1.0531831580260198,0.7193283056194326,0.15825706211661417,0.1180545637084334,-0.07063867077509878,0.01151371008790949,0.01341731225753719,False
155,1154,Base,Minimum volatility,0.29056448602998125,0.017093646449045468,-0.27347083958093577,0.029710013206557084,0.04648673492410126,-0.04283501612293572,0.0048016085757551005,0.0057144612616199224,False
155,1154,Base,Maximum Sharpe,1.1031856004968938,1.2744076553378947,0.17122205484100084,0.28240196406134777,0.18550950261809804,-0.16685575652355444,0.018826311325498602,0.022270302754025202,True
156,1155,High volatility,Equal weight,0.4643456226827649,0.4227879484526775,-0.04155767423008744,0.08390352028756487,0.1456911629434154,-0.15439336524828973,0.015857128334538322,0.01882591441807507,False
156,1155,High volatility,Minimum volatility,-0.027480947170807696,0.24470252602411638,0.2721834731949241,0.04442798463121944,0.0656182282864166,-0.05964847734266543,0.006453620217841876,0.008104016264131025,False
156,1155,High volatility,Maximum Sharpe,0.7034502955884572,0.8026748289977889,0.09922453340933168,0.14968610991258835,0.15118188471026506,-0.11134186375455746,0.015417373040707248,0.019337144317362606,True
157,1156,Low volatility,Equal weight,0.2971883536492983,1.621543568216216,1.3243552145669177,0.17519588383886453,0.08349830806063095,-0.07194680505255446,0.008268769767386323,0.010456045118297128,True
157,1156,Low volatility,Minimum volatility,0.24408207623377823,1.503902525960958,1.2598204497271797,0.08453104090760388,0.03470960848329875,-0.015805340699806325,0.003242658023043097,0.003935337141298345,False
157,1156,Low volatility,Maximum Sharpe,0.9091287319315167,1.0222229292080898,0.1130941972765731,0.09806639420923591,0.06465014750747944,-0.06417117021696239,0.005637551884517604,0.007499915920714972,False
158,1157,Base,Equal weight,0.49674563744150885,0.07046460641288163,-0.42628103102862724,0.0319765462891608,0.10465255184703785,-0.08380399607606792,0.010945372556042998,0.01326785161282679,True
158,1157,Base,Minimum volatility,0.3118553434540757,-0.9393026559046571,-1.2511579993587327,-0.01791612483828353,0.049421895859982155,-0.060123501142562596,0.005071468471587473,0.006205850520488694,False
158,1157,Base,Maximum Sharpe,0.7755811837927193,-0.8539542034021794,-1.6295353871948988,-0.06807223775193227,0.11008799116547183,-0.1221357845715203,0.012173718980879688,0.014568644370875069,False
159,1158,High volatility,Equal weight,-0.15830486591379364,-0.7784756526976362,-0.6201707867838425,-0.09152435157682415,0.14735397547540147,-0.21589798118207715,0.015346875512351133,0.01925938375212373,False
159,1158,High volatility,Minimum volatility,-1.6084131130485304,-1.7913223621398902,-0.18290924909135975,-0.08690541378303596,0.06603377274517286,-0.10510796697933555,0.007511544455462281,0.00885054471699843,False
159,1158,High volatility,Maximum Sharpe,0.5408970964837605,0.374167814516141,-0.1667292819676195,0.0974453551686556,0.25833186231238214,-0.31273090151389094,0.025949901283747995,0.032654945401857254,True
160,1159,Low volatility,Equal weight,0.19142222047255147,0.2377965438515084,0.046374323378956916,0.047097200149788465,0.08402132943811419,-0.05826800206416061,0.007808428569383218,0.010492468261261089,False
160,1159,Low volatility,Minimum volatility,0.3577801021326707,0.4790842362710509,0.1213041341383802,0.04783948885216183,0.03729361279491146,-0.01697695096688212,0.0037709747864304475,0.004548363117186478,True
160,1159,Low volatility,Maximum Sharpe,0.7578331922493285,-0.015494820047679813,-0.7733280122970083,0.02710526075471109,0.06122802623680716,-0.04222092040358438,0.006176846283223626,0.007713324963930171,False
161,1160,Base,Equal weight,0.058793413721074966,2.4784533859207567,2.419659972199682,0.33793878504367125,0.10794411157382956,-0.06532106657309189,0.010699784015446311,0.0132250754204048,False
161,1160,Base,Minimum volatility,0.5281771700560157,2.9131672492093843,2.3849900791533685,0.19104321770293797,0.0503197865720136,-0.026196463481995447,0.005007101220184149,0.0061600741014594335,True
161,1160,Base,Maximum Sharpe,0.6763667054911454,2.5057552790222335,1.8293885735310882,0.17031374000360056,0.05151382861658528,-0.02785250304015885,0.004866333335188432,0.006218208139526031,False
162,1161,High volatility,Equal weight,1.383252841115928,0.08870924008378463,-1.2945436010321434,0.03238795375807402,0.14638265391220404,-0.1382115555464003,0.015584109686409425,0.018518200846455297,True
162,1161,High volatility,Minimum volatility,0.19915198077891744,-0.15332581661345443,-0.35247779739237184,0.017442043358954606,0.06590871165394757,-0.06011283745996332,0.006714419867612574,0.008099800229907674,False
162,1161,High volatility,Maximum Sharpe,1.5916234038687722,-0.28522208326979537,-1.8768454871385676,-0.07320623606460419,0.2558362522802908,-0.26286200306298546,0.027628255590526223,0.0332193060044592,False
163,1162,Low volatility,Equal weight,0.7783295352856026,0.6120760768684974,-0.16625345841710515,0.07849776635159755,0.08045473933406785,-0.04576023220312675,0.007802801739242513,0.01050533237397024,True
163,1162,Low volatility,Minimum volatility,-0.2530504049521438,-0.6698548261963566,-0.4168044212442128,0.005522887506429042,0.03499708840303626,-0.04267508467994374,0.0034102394845975876,0.004449603376437645,False
163,1162,Low volatility,Maximum Sharpe,0.9900249779708283,0.6109769995046411,-0.3790479784661872,0.10277210196215769,0.12438249892000823,-0.12200668560452133,0.01313046627686291,0.016578730330186284,False
164,1163,Base,Equal weight,0.3833781376711799,-0.5231117376121776,-0.9064898752833574,-0.0279099717903446,0.10091779788305182,-0.08743507628366731,0.010251908613892552,0.01317529789406414,False
164,1163,Base,Minimum volatility,0.4700948541940144,0.528014115906764,0.057919261712749526,0.05530162420156248,0.04815344665124259,-0.030988656926622116,0.004760823955469784,0.0056074336870608815,True
164,1163,Base,Maximum Sharpe,0.6724863195710067,-0.6375601778785307,-1.3100464974495374,-0.01386493203262007,0.06496619635073336,-0.09432950103719295,0.006236754637643262,0.008710012673587807,False
165,1164,High volatility,Equal weight,0.46811391648732265,-0.3539891539595988,-0.8221030704469214,-0.027963028240017174,0.1371634749368364,-0.1388533677847723,0.014786750834164789,0.01791282382477009,False
165,1164,High volatility,Minimum volatility,0.15754580918760105,0.7391161042205643,0.5815702950329632,0.07752942059422963,0.06379018975274292,-0.03666702248317977,0.006064729061805505,0.008442690098660388,True
165,1164,High volatility,Maximum Sharpe,0.6013351695312292,-1.0792893105117014,-1.6806244800429306,-0.1559267986406505,0.17089924868740244,-0.18239121329949937,0.0179669975083846,0.023817528363451173,False
166,1165,Low volatility,Equal weight,0.4270666602523764,1.395076040404194,0.9680093801518176,0.15981860058458341,0.08787481385724509,-0.07945590192236429,0.008825982492069999,0.01124889131361846,True
166,1165,Low volatility,Minimum volatility,0.325018516283599,0.1631148138215643,-0.16190370246203473,0.03582864984338774,0.03931970490789938,-0.02489434868874285,0.003974633392470333,0.0049671428107940655,False
166,1165,Low volatility,Maximum Sharpe,0.5497667993532073,0.4681011132959274,-0.08166568605727986,0.06120386132468769,0.06880836898733515,-0.042929759613724694,0.006965825291416722,0.009110600382226176,False
167,1166,Base,Equal weight,1.2609299487806378,1.230135750684063,-0.03079419809657491,0.1647187609107683,0.10437287733969229,-0.06913682484404837,0.010881326727932293,0.013999106727148573,False
167,1166,Base,Minimum volatility,0.08764927899748964,1.864038779254977,1.7763895002574874,0.12396150980176635,0.04744873896557975,-0.024998170565957212,0.00420583663105804,0.005126722650650472,True
167,1166,Base,Maximum Sharpe,1.4699379475920793,0.6274757700949535,-0.8424621774971258,0.1304915180891737,0.17186570425751932,-0.12468032275692309,0.017780488083324053,0.02251267472360522,False
168,1167,High volatility,Equal weight,-0.4356880107915856,-3.5226522853998548,-3.086964274608269,-0.3428910179903669,0.12526994603884997,-0.34310335471941744,0.015978626796114427,0.018182346733404294,False
168,1167,High volatility,Minimum volatility,0.4968144794316455,-1.3399034432446832,-1.8367179226763288,-0.053818868144017595,0.06191949134709016,-0.10136076944929973,0.006094046005130793,0.007929755707431877,False
168,1167,High volatility,Maximum Sharpe,0.7243414529499749,-0.4401673506122525,-1.1645088035622273,-0.0014781078689715121,0.06564304206789666,-0.0859391812614615,0.006526009722508678,0.00823620317613234,True
169,1168,Low volatility,Equal weight,-0.3809317800646154,0.7670767102234293,1.1480084902880447,0.09009583624137774,0.07787823633475408,-0.048992440481599564,0.0070828632109523,0.009045511402192572,False
169,1168,Low volatility,Minimum volatility,-0.40136517497546326,0.8858507612320515,1.2872159362075148,0.06447280604380046,0.03798037895185042,-0.02178475256747625,0.003630644877855793,0.004160219398869543,True
169,1168,Low volatility,Maximum Sharpe,-0.008847730407459805,0.41052946345231645,0.41937719385977623,0.07928369691870141,0.1364478484389494,-0.0971439153600323,0.014040514249070673,0.01642008144287582,False
170,1169,Base,Equal weight,0.24663149732752998,0.5563933489758519,0.30976185164832193,0.08422264669544854,0.10142887661435315,-0.06344340979899754,0.009908573816410731,0.012032734581180003,True
170,1169,Base,Minimum volatility,0.3641094879099375,-0.22030329248269917,-0.5844127803926367,0.01777992421444563,0.04879909813294549,-0.03765632383106554,0.004892341885323647,0.006266402518350396,False
170,1169,Base,Maximum Sharpe,0.6674407800953036,-0.2856075605669145,-0.9530483406622181,0.0022909336745318143,0.08337291680665586,-0.07796844638508571,0.008012311673969645,0.010662165528918086,False
171,1170,High volatility,Equal weight,0.5377579102091199,-1.7715455563032119,-2.3093034665123318,-0.20045927668931218,0.13758637957588127,-0.24965957246769865,0.014896500914240612,0.018106423855034172,False
171,1170,High volatility,Minimum volatility,0.6289790073128982,-0.5375019733470576,-1.1664809806599559,-0.00903158283103822,0.06763648032334174,-0.07225314324634591,0.00667421053921462,0.00864013654862187,True
171,1170,High volatility,Maximum Sharpe,0.9262750290906397,-1.1481878034965802,-2.07446283258722,-0.06517784843478058,0.08155298855620048,-0.1259449278819661,0.008542768563975112,0.010481475657740354,False
172,1171,Low volatility,Equal weight,0.240841988954628,1.125178622560707,0.884336633606079,0.11590933944183779,0.07361691055934996,-0.05372553969161331,0.007530452885599087,0.00926407742249859,True
172,1171,Low volatility,Minimum volatility,-0.4644442494394644,0.901319535361284,1.3657637848007482,0.06374267809343293,0.03650656700947956,-0.018147695868645286,0.0034123937412661445,0.0044736949866050185,False
172,1171,Low volatility,Maximum Sharpe,0.8205807789509068,0.8915358532626001,0.07095507431169334,0.14962366044663322,0.1331942704228475,-0.09687550817687574,0.013040948188542246,0.01672596581135272,False
173,1172,Base,Equal weight,-0.1782116871550764,-0.7176538491276288,-0.5394421619725523,-0.052135571360682365,0.10773912787241477,-0.1579683725258565,0.010751084907041755,0.013439643411679051,True
173,1172,Base,Minimum volatility,-0.17960220827578116,-1.2113613398041199,-1.0317591315283388,-0.02897519627461731,0.047737446879907906,-0.08224291614339474,0.004547787268543215,0.005869966621698219,False
173,1172,Base,Maximum Sharpe,0.23687068565745256,-1.536622802735033,-1.7734934883924856,-0.10579285837499186,0.08939880625754011,-0.16823638306721578,0.009089688116753002,0.0115815559331835,False
174,1173,High volatility,Equal weight,0.8068593778442563,-0.34636752654995817,-1.1532269043942145,-0.032243709203874094,0.14834070151518705,-0.1629421289119043,0.014372308746250742,0.01881627877031709,False
174,1173,High volatility,Minimum volatility,-0.0871511684219001,0.05839051404233438,0.1455416824642345,0.031757363725640975,0.06244917738953334,-0.06575980511217416,0.006305367144575278,0.007839116229083228,False
174,1173,High volatility,Maximum Sharpe,1.0545463628841858,0.12821021067538999,-0.9263361522087958,0.030567576798615548,0.253916257186023,-0.2222320732304317,0.02597522843710597,0.02991354132786376,True
175,1174,Low volatility,Equal weight,1.46768895169566,-0.506335017162768,-1.974023968858428,-0.01213586185300286,0.07670780627565287,-0.08297009019129886,0.008234596092321111,0.009709115046223763,False
175,1174,Low volatility,Minimum volatility,0.6379833894504123,0.2153701701183499,-0.4226132193320624,0.037860951176753144,0.03878531066645862,-0.027931528646474635,0.003943413207450485,0.004979863614604853,True
175,1174,Low volatility,Maximum Sharpe,1.6845876067995391,-1.1999957694156547,-2.884583376215194,-0.0814678495337402,0.09192861012974117,-0.11249627570541443,0.009749234936382986,0.01157541199919689,False
176,1175,Base,Equal weight,0.6097300093638707,0.6490171671085725,0.03928715774470182,0.09570555511384793,0.10352559031346459,-0.05365139699421162,0.010424644223774714,0.012754693339152613,True
176,1175,Base,Minimum volatility,1.0661539545568026,-2.0452646947383206,-3.111418649295123,-0.06759062322001907,0.04810198866404874,-0.11529920654424097,0.005114949143443792,0.006266459382216978,False
176,1175,Base,Maximum Sharpe,1.3293615208734488,-0.887486754803679,-2.216848275677128,-0.021543119143735523,0.05608166366336289,-0.07169515217631461,0.006140780359027735,0.006990911249865155,False
177,1176,High volatility,Equal weight,0.05149019368326235,-1.0542408811128876,-1.10573107479615,-0.12359581095432604,0.14341517308627597,-0.16035576067961654,0.014603141023912403,0.018907122360589265,True
177,1176,High volatility,Minimum volatility,0.0981965568279237,-2.4756795035640176,-2.573876060391941,-0.12544458095979405,0.06521333504336807,-0.146593711601801,0.006800330916180434,0.008139847941687104,False
177,1176,High volatility,Maximum Sharpe,0.37269631786895463,-2.360223968553509,-2.7329202864224635,-0.14006889371145081,0.07524636269611674,-0.16342142067285348,0.00796345732403961,0.009851004486083097,False
178,1177,Low volatility,Equal weight,-0.11838440704874931,0.3009004759441047,0.419284882992854,0.051879184319242544,0.08061599825620222,-0.06905414156982359,0.007777176327235774,0.009548109738824891,False
178,1177,Low volatility,Minimum volatility,0.09829455621875001,1.7587718780835373,1.6604773218647872,0.0999319217512149,0.03776246040537543,-0.01593090252379714,0.003483760178928801,0.004334068859825364,False
178,1177,Low volatility,Maximum Sharpe,0.22897765236696083,2.0228462090512633,1.7938685566843025,0.21275123843515042,0.08245131817675425,-0.02971015478807315,0.007065578329647751,0.0094961177159546,True
179,1178,Base,Equal weight,0.7571091592738417,2.393722790707094,1.6366136314332522,0.3518925142687952,0.11650464119888089,-0.05029611849742788,0.01096038164295411,0.01365755074377331,True
179,1178,Base,Minimum volatility,1.0351570303692539,-0.16824407314389175,-1.2034011035131456,0.020240233780781436,0.04937643557034588,-0.038640555277911215,0.004897986103796299,0.006497536317427162,False
179,1178,Base,Maximum Sharpe,1.38966420606156,1.0727389301410566,-0.31692527592050346,0.10491330110851771,0.06758542062896206,-0.037276254140508724,0.007114815955779762,0.008908087485619621,False
180,1179,High volatility,Equal weight,-0.6394947694465245,1.2833459446549784,1.922840714101503,0.23377022120200142,0.14936195687204146,-0.09058926812781298,0.014547930841535278,0.0170821160275158,True
180,1179,High volatility,Minimum volatility,-0.6784094589971452,-1.6027219525398029,-0.9243124935426577,-0.07181872246863996,0.06367811838823509,-0.11269357056020457,0.006372162779667198,0.008313162088794188,False
180,1179,High volatility,Maximum Sharpe,0.201974740744667,0.5617993812794433,0.35982464053477625,0.12379595335888083,0.18580039538313473,-0.1212386868168508,0.019921827113499425,0.024258243977194175,False
181,1180,Low volatility,Equal weight,-0.28860100887725226,3.1770907030019226,3.465691711879175,0.3075723937032513,0.07605503139716203,-0.03653568362447013,0.006974768955249716,0.009035210480056458,True
181,1180,Low volatility,Minimum volatility,-0.2326705079760755,1.6495966979030998,1.8822672058791754,0.09440128955791804,0.03719185581837229,-0.018345207807468178,0.0034740851170393106,0.004243285898793585,False
181,1180,Low volatility,Maximum Sharpe,0.21040683094786447,1.9235658264654083,1.713158995517544,0.3132161245539844,0.13078747231770357,-0.08415055181199294,0.013598346168379342,0.01627335016080455,False
182,1181,Base,Equal weight,0.27620909662958043,-0.32277683038030114,-0.5989859270098816,-0.01200595178792585,0.11026169285069062,-0.1474688852098942,0.0107134179994401,0.013365233438480558,False
182,1181,Base,Minimum volatility,0.3772864397655812,0.8584933765592765,0.4812069367936953,0.06934197780425677,0.04483768795456132,-0.024492640679425803,0.004339057724043632,0.005461881144132554,True
182,1181,Base,Maximum Sharpe,0.6953327577707012,-0.1957829627832002,-0.8911157205539014,0.015000154796161791,0.06439303672098826,-0.06038056694649274,0.006463534164281817,0.008181018725194193,False
183,1182,High volatility,Equal weight,-0.03908960356066758,-0.33091135543733324,-0.29182175187666565,-0.023732841896327517,0.1346304144115603,-0.15164789226514896,0.014404384214981351,0.017329936764649924,False
183,1182,High volatility,Minimum volatility,-1.03344189391776,-1.5801394731620029,-0.5466975792442428,-0.06821857222052008,0.062196989516372446,-0.08347971414342326,0.007137936604127147,0.0081385686467235,False
183,1182,High volatility,Maximum Sharpe,0.5181444456396044,0.1480753212432945,-0.3700691243963099,0.04121183410917828,0.16795349893104042,-0.1300314566747559,0.01631809380913078,0.021623414846283297,True
184,1183,Low volatility,Equal weight,0.785449880648404,0.5464961137725095,-0.23895376687589454,0.07195666370045806,0.07871719871981955,-0.07797672006977041,0.008046645420196629,0.009893084746689911,False
184,1183,Low volatility,Minimum volatility,-0.35862383070263926,0.8431922966537213,1.2018161273563606,0.06124581105163296,0.03622311872130831,-0.018144611730195548,0.003125960267065236,0.003959761194345046,True
184,1183,Low volatility,Maximum Sharpe,1.066987632352689,0.6648993296360136,-0.4020883027166754,0.11785414100899771,0.13722912016157413,-0.10053630425193172,0.013765573700230255,0.016981266954879202,False
185,1184,Base,Equal weight,-0.2338457630471052,0.7007049542971303,0.9345507173442356,0.1023592333301242,0.10470731778566238,-0.06551471131258257,0.010456756863022124,0.012492497043576663,False
185,1184,Base,Minimum volatility,0.53041500761483,1.0589453755816096,0.5285303679667797,0.08279164951638696,0.04830921529469986,-0.03378417365125186,0.004544425913978379,0.005868447914931334,True
185,1184,Base,Maximum Sharpe,0.6263872860883193,0.8072192642103808,0.18083197812206153,0.07017787386439989,0.04888863821861998,-0.03553304552060288,0.004720100154160186,0.006018876104253958,False
186,1185,High volatility,Equal weight,-0.39766440993698715,0.5717029451470552,0.9693673550840424,0.11087616012683044,0.15246392702305595,-0.09400612971843147,0.015665291258570777,0.01816009432920289,True
186,1185,High volatility,Minimum volatility,0.1292343929602863,-1.242658105066241,-1.3718924980265275,-0.051312208942901893,0.06450569618641723,-0.07296268027144925,0.007259687632327248,0.00834237370970977,False
186,1185,High volatility,Maximum Sharpe,0.27614157011489987,-0.9655771979999639,-1.2417187681148638,-0.04164838993269482,0.07199502811525778,-0.0736743692594759,0.007489238505346539,0.008779440372374556,False
187,1186,Low volatility,Equal weight,0.5163806541899627,0.2477962205828607,-0.26858443360710205,0.04651438890709092,0.07572389527461994,-0.06365683210119277,0.007516992802345083,0.009051876094183812,False
187,1186,Low volatility,Minimum volatility,0.8238712111940079,0.5345135998849527,-0.28935761130905513,0.048282653549072574,0.033998877373553435,-0.026673778765471834,0.003295700937421535,0.00425875179610584,True
187,1186,Low volatility,Maximum Sharpe,0.9370518663517008,0.4731363423448391,-0.4639155240068617,0.047761613241399825,0.03763222285481378,-0.03249847373892201,0.0036659365815406054,0.0048020193500788715,False
188,1187,Base,Equal weight,0.2988012955966342,0.6498040726095333,0.3510027770128991,0.09731884943321711,0.10608584718826063,-0.066628027412994,0.010293458411971839,0.013824400456320786,False
188,1187,Base,Minimum volatility,0.6456029609980877,1.5138353441226697,0.8682323831245821,0.10071743815456169,0.044527467598898286,-0.024723191200448302,0.004096627034796968,0.0053661793551828246,True
188,1187,Base,Maximum Sharpe,0.8677454253532251,0.6971260475416862,-0.1706193778115389,0.06654162228847538,0.051945636882474645,-0.03642397597090841,0.00511904313844253,0.006504428397983008,False
189,1188,High volatility,Equal weight,-0.6946812775567283,1.2335130430718755,1.9281943206286036,0.23195766979039956,0.1549055040097468,-0.10385218114301598,0.01485397214420034,0.01840715314644165,True
189,1188,High volatility,Minimum volatility,-0.4767373553137438,0.5135700428794405,0.9903073981931843,0.06297048030409935,0.06552633481106263,-0.06353528399197339,0.00657582142077302,0.007990440725057195,False
189,1188,High volatility,Maximum Sharpe,0.03956953474986136,0.8528996624857433,0.813330127735882,0.2345309673114957,0.2485267175569124,-0.17043999825248002,0.025426904153912466,0.02994885702709297,False
190,1189,Low volatility,Equal weight,0.410404838985546,2.4403910539358815,2.0299862149503354,0.24550522201816172,0.07916625071690686,-0.040420316047918514,0.007631214365360842,0.009610884444623932,True
190,1189,Low volatility,Minimum volatility,0.3132030404475648,2.048864517650578,1.7356614772030132,0.10584139312233942,0.03498289153092483,-0.014911202735956475,0.0033258442230611465,0.003988633496783484,False
190,1189,Low volatility,Maximum Sharpe,0.6914767783160067,0.9906517742144169,0.2991749958984101,0.10413287106184255,0.07284239880278508,-0.04744247439586924,0.007255022688069348,0.008748496279300121,False
191,1190,Base,Equal weight,1.009111037007956,-0.09690389595247514,-1.106014932960431,0.014348458620215165,0.10325314764431322,-0.0692478077644284,0.010040642776686686,0.012668596414446842,True
191,1190,Base,Minimum volatility,-0.08115161258055197,-0.6650778380441156,-0.5839262254635637,-0.0012497793677458402,0.044822841192768546,-0.03902036001269649,0.004571601892145827,0.005499488266635027,False
191,1190,Base,Maximum Sharpe,1.3142903313424192,-0.35843876269051483,-1.672729094032934,-0.03798285646609756,0.15648522332371118,-0.1429018734654477,0.014730536793774214,0.019132352101230876,False
192,1191,High volatility,Equal weight,0.5810734822398654,-1.4260731279644776,-2.007146610204343,-0.16034956881257134,0.13670895755407497,-0.19864521812520053,0.013708930773669609,0.017999031355196923,False
192,1191,High volatility,Minimum volatility,-0.7327413041034793,-0.6361027210285779,0.09663858307490136,-0.011558971360393189,0.061761741821081656,-0.07828277201530898,0.006380124691914751,0.007635567098425355,False
192,1191,High volatility,Maximum Sharpe,1.0282094815304832,0.25082398025566366,-0.7773855012748195,0.05863068790961257,0.16034593318806276,-0.16840872773290794,0.014276059855748783,0.019742489200169393,True
193,1192,Low volatility,Equal weight,0.5879747420930641,1.323194466458167,0.7352197243651029,0.14462129354830755,0.08231750650689436,-0.0776967844233889,0.008576323456660612,0.010278945583818665,True
193,1192,Low volatility,Minimum volatility,0.6264236479350798,0.197531460796829,-0.4288921871382507,0.036482060315360165,0.03481970426888606,-0.023157196747628617,0.003510812407802821,0.004116431911984981,False
193,1192,Low volatility,Maximum Sharpe,0.9700604370624629,0.6344929902068128,-0.3355674468556501,0.06588243091838586,0.056484514211133166,-0.042713070353895044,0.005390269753653069,0.0068860743900393245,False
194,1193,Base,Equal weight,0.5253689431442214,0.16244179762867708,-0.3629271455155444,0.04283040809378713,0.1212540971621686,-0.17063726002838342,0.011739632772834097,0.01517653800662386,True
194,1193,Base,Minimum volatility,1.2994255201677352,-0.6969017416424901,-1.9963272618102252,-0.004250525210367062,0.04695394002567774,-0.03974289897871186,0.005228360421459632,0.005985337307305285,False
194,1193,Base,Maximum Sharpe,1.441825946608517,-0.3157781733820508,-1.7576041199905679,0.010771660686873519,0.0549257885601085,-0.06050740256425724,0.0053833440792957375,0.006592848350498525,False
195,1194,High volatility,Equal weight,0.46280694792992216,0.6915063500230052,0.22869940209308304,0.12358544623037382,0.1399056221372241,-0.125907042854281,0.014240281656286146,0.018498880266638415,False
195,1194,High volatility,Minimum volatility,0.034014687873786524,1.384689167985522,1.3506744801117354,0.12098824331131453,0.06255873486485782,-0.03312193333101021,0.005510530159438665,0.007977621743174597,True
195,1194,High volatility,Maximum Sharpe,0.8204557755781272,0.933011090798098,0.11255531521997075,0.17741120235084917,0.15648241576753882,-0.14809498801239518,0.014509487006146652,0.018772387753553055,False
196,1195,Low volatility,Equal weight,1.2530096419991703,2.077641273941781,0.8246316319426108,0.21647576531503465,0.0817263451676351,-0.05280476891415631,0.007899353602217128,0.009921633394667246,True
196,1195,Low volatility,Minimum volatility,0.6119379490382988,1.5536079035886519,0.9416699545503531,0.08883736946501952,0.036184285582030594,-0.014143114821073666,0.00339326491556372,0.00443329923985261,False
196,1195,Low volatility,Maximum Sharpe,1.4450624227616466,2.0468789325837,0.6018165098220534,0.23084548852191245,0.08899868970260141,-0.06749279783678297,0.008926034249610646,0.010775457295356543,False
197,1196,Base,Equal weight,-0.11524396720392682,-1.7364455724725152,-1.6212016052685883,-0.14304324507817268,0.1028578684318875,-0.20843468896131667,0.011261826259244344,0.013644320949838414,True
197,1196,Base,Minimum volatility,0.4202069503694005,-1.9079146249468715,-2.328121575316272,-0.060994262365757,0.0478767507461191,-0.08347813842365481,0.0052893503484894066,0.006645857517187783,False
197,1196,Base,Maximum Sharpe,0.6086062710048868,-1.9329474844582324,-2.541553755463119,-0.08531888868176307,0.06047890481286303,-0.09242872418493975,0.00615057562059067,0.00828294772537606,False
198,1197,High volatility,Equal weight,0.3292862514270306,1.5423772406034553,1.2130909891764246,0.29696803316690046,0.15752114993384048,-0.08250405615960676,0.01515873248502752,0.018521002101189035,True
198,1197,High volatility,Minimum volatility,0.161136535914938,0.6645733640977215,0.5034368281827835,0.07507333907296743,0.06791381415728401,-0.043133260332659296,0.006130770008412289,0.008248366605673015,False
198,1197,High volatility,Maximum Sharpe,0.76503382300295,0.7555163721888187,-0.009517450814131245,0.12530743638849873,0.12797245309759797,-0.0839146040848785,0.013396825275855988,0.016696516773035578,False
199,1198,Low volatility,Equal weight,-0.005080974109300848,-0.4915725565144577,-0.48649158240515683,-0.011253255791242478,0.07713016976678169,-0.08419998753666647,0.007697809014064665,0.00995763571365992,False
199,1198,Low volatility,Minimum volatility,-0.554527634800501,0.3002094112283148,0.8547370460288158,0.04037703927144998,0.0354850577186754,-0.03608217954633741,0.0039729082195362865,0.004814724302537949,False
199,1198,Low volatility,Maximum Sharpe,0.336000437331539,0.327336902378023,-0.008663534953516017,0.056385755247846836,0.08945049062220944,-0.059460010768699334,0.00860857234962023,0.010644792733552472,True
200,1199,Base,Equal weight,1.0665391269662128,-0.07021124364585044,-1.1367503706120632,0.013861702073826088,0.12105820796510854,-0.15476336700873605,0.012317799244852693,0.015444998662643141,False
200,1199,Base,Minimum volatility,0.06113144007955758,0.6807368281308999,0.6196053880513422,0.06635500534818539,0.053022223760040045,-0.038784767923204067,0.005157269916249368,0.006712569112044457,True
200,1199,Base,Maximum Sharpe,1.4244973448286389,-0.8028430270714306,-2.2273403719000697,-0.13095160678866502,0.18937358788325567,-0.2771215118641144,0.019045832617271923,0.023549483885213156,False
201,1200,High volatility,Equal weight,0.14379571286067647,1.3195895089814784,1.175793796120802,0.2272399755301926,0.14025114775871161,-0.11238606012518204,0.01391228393271514,0.016220847031327125,False
201,1200,High volatility,Minimum volatility,-0.34976410068910263,2.329746850264052,2.679510950953155,0.20556844817256748,0.0685928297804537,-0.04053369422243669,0.0068418372841349065,0.009171325987682905,True
201,1200,High volatility,Maximum Sharpe,0.6027188674330521,1.0238201066841148,0.4211012392510627,0.20855582031977393,0.17032366174571728,-0.12303615454214811,0.017046647647179232,0.021661589022154273,False
202,1201,Low volatility,Equal weight,-0.04952077629636973,1.7115312487522711,1.7610520250486408,0.1852308303260084,0.08410806880875586,-0.06930011176029316,0.008172032690549873,0.009793809065597604,True
202,1201,Low volatility,Minimum volatility,-0.4565528915882874,-0.8846607400843157,-0.42810784849602834,-0.0018804800932763488,0.034858023668132496,-0.043215622014297184,0.0036710983341298794,0.004520527175973228,False
202,1201,Low volatility,Maximum Sharpe,0.2529788999576111,1.579333610621146,1.326354710663535,0.30023874665538397,0.1551995240638203,-0.13246056757463465,0.01534362570230196,0.019439823970731414,False
203,1202,Base,Equal weight,0.9452319476276141,1.8256453163852506,0.8804133687576365,0.24999978364730313,0.10934927754859676,-0.05088260784666643,0.010444092479355604,0.013412473169119327,True
203,1202,Base,Minimum volatility,-0.723356856020213,0.3475179349064377,1.0708747909266507,0.045949082694853205,0.04744793318961817,-0.03016689926610938,0.004084288121008371,0.00591423986757541,False
203,1202,Base,Maximum Sharpe,1.374176182047878,1.7002371857873524,0.32606100373947444,0.28196916970028996,0.13404401728094334,-0.06146849564042278,0.012570079903350176,0.017195080717669457,False
204,1203,High volatility,Equal weight,0.6388691560416146,0.47212294396333737,-0.16674621207827728,0.08825694568366593,0.1360929682773264,-0.0881547541020854,0.013351339756241096,0.0166289210077009,True
204,1203,High volatility,Minimum volatility,0.0848156411298272,-0.19243743231713645,-0.27725307344696365,0.01643621334568124,0.0596743247677741,-0.06643739995088926,0.006360149507305561,0.007775202905957517,False
204,1203,High volatility,Maximum Sharpe,1.0567807426750355,0.10306115799309525,-0.9537195846819403,0.03420094651451433,0.15395990118460198,-0.1304648764664169,0.016492113942482498,0.018278242897916762,False
205,1204,Low volatility,Equal weight,0.5021748981775069,0.9005301745204903,0.3983552763429834,0.10717815683880394,0.0841747183507894,-0.07299085722997711,0.008062325298859535,0.010360261734429806,True
205,1204,Low volatility,Minimum volatility,0.7218548719741952,-0.06541187760017696,-0.7872667495743721,0.02667877253266604,0.03824464223408202,-0.03049062591939644,0.004054972628268863,0.005060342198671301,False
205,1204,Low volatility,Maximum Sharpe,1.007614119528985,0.6023832926404169,-0.40523082688856804,0.05862873879557773,0.04737502069817438,-0.05706772037177699,0.004515414580202364,0.005922160810775994,False
206,1205,Base,Equal weight,1.0745767124162824,0.9407504521676192,-0.13382626024866318,0.130450657840802,0.10475470599821793,-0.07449826987355768,0.011332381275986247,0.012767085162276169,False
206,1205,Base,Minimum volatility,-0.4680389489047604,1.100419476726059,1.5684584256308196,0.08670977039018624,0.04983972657252463,-0.044376568636848135,0.005240906905275643,0.00616932324118754,True
206,1205,Base,Maximum Sharpe,1.2719756419440391,0.48032773361663583,-0.7916479083274033,0.10307716608450357,0.17423479558746166,-0.15519011548822237,0.01737697158286796,0.022137513981653603,False
207,1206,High volatility,Equal weight,0.4388795624197483,1.8619239702035066,1.4230444077837583,0.37020274047451673,0.16024242497357616,-0.10831116534075957,0.015288213731520025,0.01860681317401506,False
207,1206,High volatility,Minimum volatility,0.18151966348542534,0.4437581429594429,0.26223847947401757,0.057895659933207,0.0649664912040945,-0.036159641516899765,0.006066705630782509,0.008106387164191157,False
207,1206,High volatility,Maximum Sharpe,0.7396091043047799,2.5448327753817375,1.8052236710769576,0.6125622605478289,0.18284617414536072,-0.11747623514776317,0.015143568495948365,0.020773629230118624,True
208,1207,Low volatility,Equal weight,0.31661353762126615,-0.6126991349435434,-0.9293126725648095,-0.020403034214689586,0.0770602045381348,-0.07404469776759315,0.009040068139815404,0.01045596626890851,False
208,1207,Low volatility,Minimum volatility,0.27421666446688064,0.0035765511929949706,-0.27064011327388565,0.029456541354020205,0.036344059060482534,-0.05994338110684827,0.003651046959878144,0.0047610238717884674,True
208,1207,Low volatility,Maximum Sharpe,0.382751381832996,-0.13145585831178844,-0.5142072401447845,0.02198510470598425,0.04997340547730825,-0.05597085790753298,0.005446695824884739,0.006554039357614219,False
209,1208,Base,Equal weight,0.6314631128988376,-0.11955472086758838,-0.751017833766426,0.010031511186217035,0.11177040441966477,-0.08781391735862776,0.010833395777521414,0.013644042812822122,False
209,1208,Base,Minimum volatility,0.14064717506183236,-1.3929331713409516,-1.533580346402784,-0.04374566384515466,0.05235191128213005,-0.07168571019301406,0.005659333866664362,0.0071484474548156535,False
209,1208,Base,Maximum Sharpe,0.7455452076611783,0.3268465942052169,-0.4186986134559614,0.06687338155537792,0.13565017740450314,-0.09172154056497106,0.01287502387256289,0.017369170187655877,True
210,1209,High volatility,Equal weight,-0.31842680669940254,0.07564630631757303,0.39407311301697556,0.03127529044164934,0.13313030660548464,-0.14325098352110777,0.014474453132192002,0.018240690728669226,False
210,1209,High volatility,Minimum volatility,-0.6328519986782428,-0.58135297986713,0.05149901881111285,-0.011053531742046041,0.06621053579510386,-0.07781839534582113,0.007085459354384161,0.008375041042901236,False
210,1209,High volatility,Maximum Sharpe,0.27196821289804735,1.0166787082779798,0.7447104953799324,0.2225372209973573,0.18543049492377756,-0.09537806244564895,0.017190281200329463,0.022602553943900736,True
211,1210,Low volatility,Equal weight,0.20200339632449923,-0.06907122668333829,-0.2710746230078375,0.020202654666335196,0.08558178659227184,-0.07240248823599083,0.008838585652436667,0.010598893269340305,False
211,1210,Low volatility,Minimum volatility,-0.08698707395792753,-0.49263415905552166,-0.4056470850975941,0.010376405114534304,0.03761949374072655,-0.019276662224119057,0.003739048483952548,0.004601415468871521,False
211,1210,Low volatility,Maximum Sharpe,0.5651774756108937,0.7620634980851341,0.19688602247424036,0.14494049315462565,0.15444274122731863,-0.12397064818241343,0.014872452660686127,0.018293141896410285,True
212,1211,Base,Equal weight,0.6845588910209819,0.9153760240969567,0.23081713307597485,0.13211110518039737,0.10985634756295516,-0.09263786358990134,0.009763848787630168,0.013222631214501445,False
212,1211,Base,Minimum volatility,0.125134270982945,-0.8229978793516706,-0.9481321503346156,-0.010485190150948953,0.047367325061639605,-0.0569111711899174,0.004539689671143881,0.006198504502046578,False
212,1211,Base,Maximum Sharpe,0.8658792271140582,1.499088999454494,0.6332097723404359,0.25067887938073596,0.13567132842715465,-0.08972440541513182,0.013212774385671413,0.016111283182408048,True
213,1212,High volatility,Equal weight,-0.23457253479163914,-0.032902237731661774,0.20167029705997735,0.01708335933098848,0.1296208775223919,-0.09170332599701692,0.01255935048743902,0.01700454567307863,False
213,1212,High volatility,Minimum volatility,0.467359696153153,0.017791322024803713,-0.44956837412834927,0.028980886982582277,0.06589312379697755,-0.041051084045827135,0.0066283380755248955,0.008777474423402522,True
213,1212,High volatility,Maximum Sharpe,0.8008241526032869,-0.03463095805766993,-0.8354551106609568,0.02455416651700193,0.07411951226644849,-0.05324505505619781,0.007619361139540148,0.009516380170201596,False
214,1213,Low volatility,Equal weight,0.8066359404485592,-0.9534058939988745,-1.7600418344474338,-0.045182850710791755,0.07644608787107826,-0.12387125928210019,0.007126265199420906,0.008768466126156534,True
214,1213,Low volatility,Minimum volatility,0.116806163266938,-1.2756337611682316,-1.3924399244351695,-0.01582678076042021,0.0351952001225244,-0.03630889384425784,0.003612349079790039,0.004797188622536197,False
214,1213,Low volatility,Maximum Sharpe,0.8973494109706222,-1.318315810642421,-2.215665221613043,-0.07992901659995588,0.08300190436151757,-0.12275710332251888,0.008459802904073546,0.009919237858589827,False
215,1214,Base,Equal weight,0.466732339636711,1.5290029088597383,1.0622705692230272,0.20601312371019764,0.10694595404523073,-0.09749754835834978,0.010092674948917862,0.012306357240682879,False
215,1214,Base,Minimum volatility,0.4281122104778238,0.624105034593764,0.1959928241159402,0.05983786368766264,0.0475711038228177,-0.0378976015977841,0.004652554354001043,0.00599892934377491,False
215,1214,Base,Maximum Sharpe,0.6668875236752522,1.727682978694603,1.0607954550193508,0.1595528920385627,0.07001128100328675,-0.06510965101504973,0.006624211414618934,0.007928803756511905,True
216,1215,High volatility,Equal weight,0.23201460918469136,-0.7142768695104805,-0.9462914786951719,-0.08400878610765738,0.14879473566260523,-0.18116015905405203,0.014360861359882881,0.01789809272498941,False
216,1215,High volatility,Minimum volatility,0.23829000564163066,-2.8329117371081654,-3.071201742749796,-0.1296504895276961,0.05882935920116113,-0.14581914327620227,0.006297433533981133,0.00811700628665517,False
216,1215,High volatility,Maximum Sharpe,0.8112977273312628,-0.34941553089140065,-1.1607132582226636,-0.038500919974634784,0.16033665818164183,-0.17371542679597107,0.015609626701069362,0.02074425931134832,True
217,1216,Low volatility,Equal weight,0.25715780720345893,0.8600246132567656,0.6028668060533067,0.10244608697263757,0.08304495275232635,-0.04402223920926229,0.007601980156921508,0.009559381922506528,False
217,1216,Low volatility,Minimum volatility,0.14525833638954205,0.9863529158400425,0.8410945794505005,0.06638045982770846,0.03584677468040483,-0.02092486623439671,0.0032686153120169803,0.004370216893096126,True
217,1216,Low volatility,Maximum Sharpe,0.7922001964403548,0.7465347276960272,-0.04566546874432753,0.09769508457874254,0.09078065188429917,-0.05661512527363688,0.008576773984527285,0.010492823610481282,False
218,1217,Base,Equal weight,0.3757611810994751,0.8155982035420691,0.43983702244259404,0.11570807679570372,0.10472654846701315,-0.08610894557953874,0.009778690382608667,0.013263875257086371,False
218,1217,Base,Minimum volatility,0.608461443007357,-1.4249605721141,-2.0334220151214573,-0.04328853964690005,0.05089251461275756,-0.0782565180806859,0.005523389865504219,0.006852402630891963,False
218,1217,Base,Maximum Sharpe,1.1127227970179594,0.8262747188958085,-0.2864480781221509,0.09506360698386529,0.07779668266408059,-0.08009107192640019,0.007521182189269494,0.009241839988894846,True
219,1218,High volatility,Equal weight,-0.18671869477848865,1.2821397384210407,1.4688584331995294,0.259061634607493,0.16761819101965442,-0.09719465950124817,0.017989483497753284,0.022013546371756752,True
219,1218,High volatility,Minimum volatility,-0.33281665556972206,-0.3393924273137742,-0.006575771744052161,0.005262912494045091,0.06536156989109006,-0.05481382670424817,0.006925299026689573,0.00850962333882593,False
219,1218,High volatility,Maximum Sharpe,0.24214210624226953,0.5244129565386035,0.28227085029633403,0.1132403160120945,0.17851253965054775,-0.13480141148961733,0.018924297858843083,0.024120113520293564,False
220,1219,Low volatility,Equal weight,0.2413340835631947,-0.5681614861834228,-0.8094955697466175,-0.01882445366448926,0.07988672387457399,-0.09477213116435967,0.007734562392068422,0.009333147397724225,False
220,1219,Low volatility,Minimum volatility,1.0113970767629363,1.45236036815461,0.4409632913916737,0.08421707078428486,0.03576760911246274,-0.02135751541732267,0.0033601039572920817,0.004639915740448659,False
220,1219,Low volatility,Maximum Sharpe,1.3607801896955787,1.6134408164254326,0.2526606267298539,0.09493825270370215,0.038356541712747765,-0.024231644466108038,0.003475123225430814,0.004589492914605548,True
221,1220,Base,Equal weight,-0.11138819543290497,0.7537840383110938,0.8651722337439988,0.10796993784794418,0.10397597485286554,-0.09592018920433565,0.01120378046770521,0.013241248423789,True
221,1220,Base,Minimum volatility,0.10812935632907143,-0.5167068724684691,-0.6248362287975405,0.0042959775794852995,0.046802004775599544,-0.045406574319392656,0.005102553753835647,0.005972151533072101,False
221,1220,Base,Maximum Sharpe,0.663839697647835,0.329414052311624,-0.334425645336211,0.06404457581552436,0.12079274206012831,-0.08396321777390381,0.011471159775556435,0.015708567118816272,False
222,1221,High volatility,Equal weight,-0.03029747782654638,0.5866119058093096,0.6169093836358559,0.11432111324195993,0.15440394534643234,-0.17947404213437812,0.01569685750301524,0.019552693900485266,True
222,1221,High volatility,Minimum volatility,-0.028823516506373315,-0.040005824205651526,-0.01118230769927821,0.025017453980205273,0.0663745249381225,-0.07150285228984854,0.006842144969949765,0.008483332260886156,False
222,1221,High volatility,Maximum Sharpe,0.8767671084420844,0.45286500020020254,-0.42390210824188185,0.11220419258369585,0.22547201926957114,-0.3169914257828168,0.021759594056918435,0.027882491883575604,False
223,1222,Low volatility,Equal weight,1.320790075228249,1.4206350955202718,0.09984502029202269,0.14949013293788527,0.07949864770795,-0.050038575043060085,0.007055206666282332,0.009221225214422044,True
223,1222,Low volatility,Minimum volatility,1.0166526407904053,1.0430254478362457,0.02637280704584044,0.07062330570936992,0.037774847017864654,-0.017978859874916098,0.003678967522168768,0.0044774124561080325,False
223,1222,Low volatility,Maximum Sharpe,1.5669862142385413,1.2313268078013337,-0.3356594064372076,0.09808974576573881,0.05314130469806496,-0.025792262695885526,0.004532251074088567,0.006404639030494639,False
224,1223,Base,Equal weight,-0.1745940277029952,0.06077331496053653,0.23536734266353174,0.030724141395729987,0.10926973481303981,-0.09940573462048174,0.010531702128616047,0.0130462945891191,False
224,1223,Base,Minimum volatility,0.7828433533040293,0.4636927784004464,-0.3191505749035829,0.05237566724430809,0.048926819391393796,-0.02140232711401402,0.004809255054580707,0.0062737873664105055,True
224,1223,Base,Maximum Sharpe,0.906426104195991,-0.27785209896760804,-1.184278203163599,0.014808971411662375,0.04915002179979819,-0.03223993624217747,0.005417588628326952,0.00632492886575249,False
225,1224,High volatility,Equal weight,0.5605668689623444,-0.6463804865921758,-1.2069473555545203,-0.07239301078829363,0.14563616161845322,-0.1486130113248728,0.01565452699191028,0.017775606517425466,False
225,1224,High volatility,Minimum volatility,0.42255483230954577,-0.2441021416911851,-0.6666569740007309,0.010971407179897197,0.06718645525863544,-0.06841426258683081,0.007099146442664815,0.008740278673989264,True
225,1224,High volatility,Maximum Sharpe,0.6606836483996623,-0.2884493404363044,-0.9491329888359668,-0.0033294067183849974,0.0976002107869174,-0.0736771995199278,0.010136941408823494,0.012121717710156518,False
226,1225,Low volatility,Equal weight,0.5756457002587517,0.9682106672509011,0.3925649669921494,0.10898486402769403,0.0795873869883126,-0.07436217008367674,0.007223802780728902,0.008712720211465595,False
226,1225,Low volatility,Minimum volatility,0.6084706526392448,1.9045308989379528,1.2960602462987079,0.09873821582766196,0.034235733493315684,-0.015411940255547263,0.003422207658989956,0.004025183191880132,True
226,1225,Low volatility,Maximum Sharpe,1.0609058212666609,0.25556796359300793,-0.805337857673653,0.0433861513856757,0.05682443625070164,-0.031100366768736287,0.005329859411620451,0.007650499941581863,False
227,1226,Base,Equal weight,0.20002005203864098,1.5102189607851797,1.3101989087465387,0.2160373686282695,0.11428612291890311,-0.08086111173484434,0.010083460528402054,0.012624974031699572,False
227,1226,Base,Minimum volatility,-0.006525596230963239,1.5580415439136612,1.5645671401446244,0.11488829004450896,0.051697506330650136,-0.037159382407153996,0.004482165939157423,0.0055187205548913746,False
227,1226,Base,Maximum Sharpe,0.7047211860459579,1.9807934941394596,1.2760723080935017,0.2938658788974182,0.1187432205025631,-0.05896214524142773,0.009737369826448065,0.011965836062743903,True
228,1227,High volatility,Equal weight,0.3200710049028928,0.12391957138158119,-0.19615143352131162,0.03781604240384562,0.14117324711592483,-0.11661482866851791,0.01465841856187023,0.01990253144713794,False
228,1227,High volatility,Minimum volatility,0.08878662439317134,-2.0805035881512124,-2.1692902125443836,-0.09298912437038975,0.06024180814982213,-0.11099865895457373,0.0071932495174498595,0.008951698757358564,False
228,1227,High volatility,Maximum Sharpe,0.9264262197869811,0.20313490399525808,-0.7232913157917231,0.048183535644427344,0.12364063010194067,-0.09955378113856583,0.013309971640983154,0.016283761526961982,True
229,1228,Low volatility,Equal weight,0.6357939624637773,0.385630005802892,-0.2501639566608853,0.05970568723129355,0.08253074564165146,-0.050760517129487925,0.00828152135509593,0.009581896819213894,False
229,1228,Low volatility,Minimum volatility,0.10384728694335664,0.1762384992200435,0.07239121227668686,0.03594785169668269,0.03642343949193985,-0.022813170871847532,0.0037842351844812206,0.00442086539754662,False
229,1228,Low volatility,Maximum Sharpe,0.7784045776162851,0.7586256207635166,-0.019778956852768537,0.13354651068570322,0.13897715318578016,-0.07155333239958406,0.012385536613368836,0.016870571472551717,True
230,1229,Base,Equal weight,0.2324732633252814,0.37449219966166003,0.14201893633637863,0.06699474162337782,0.11045175933367292,-0.07086909524421825,0.010302813989316028,0.013155783793694753,False
230,1229,Base,Minimum volatility,1.0464018379836906,2.503569738709049,1.4571679007253586,0.15558792045334702,0.04639844304901135,-0.02893130402341748,0.004624470880667875,0.0054275922045440555,True
230,1229,Base,Maximum Sharpe,1.194310050506319,1.8999041014854023,0.7055940509790832,0.1380382107523106,0.05326090708972575,-0.036118435253334136,0.004922394989817313,0.006276675579726947,False
231,1230,High volatility,Equal weight,-0.17650800967358252,1.5026271604017543,1.6791351700753367,0.2806712398991775,0.152774304431906,-0.06828234887285844,0.015266460169342522,0.01841048031870552,True
231,1230,High volatility,Minimum volatility,-0.6076522225790855,0.1269977507550471,0.7346499733341325,0.036626931723560796,0.06934689518842324,-0.03947767998274321,0.006677803414530578,0.00820697555221411,False
231,1230,High volatility,Maximum Sharpe,0.26086639833177677,-0.4989936965069955,-0.7598600948387723,-0.07657395515160015,0.18478471041484695,-0.2155091059890969,0.018262704968207134,0.024378177353946213,False
232,1231,Low volatility,Equal weight,0.7555796616135416,0.7214701220253895,-0.034109539588152105,0.08719767582005589,0.0792612974881948,-0.06075432310891604,0.007278486127091925,0.009928532492989391,True
232,1231,Low volatility,Minimum volatility,0.06012351915100872,0.5326383308262083,0.47251481167519954,0.04831260656275527,0.03418399345468242,-0.02174826468913682,0.003728835953315268,0.004326487476358229,False
232,1231,Low volatility,Maximum Sharpe,0.9026260174658023,0.1455875232573561,-0.7570384942084462,0.03901397187643929,0.08398459914215613,-0.07230240801930055,0.008338236864190484,0.011084011071421873,False
233,1232,Base,Equal weight,-0.4161757303009785,-0.005092263915600879,0.4110834663853776,0.023797837942467037,0.10508848274144678,-0.07443108022083944,0.011681960965359254,0.013700948528099537,True
233,1232,Base,Minimum volatility,0.54250104585319,-0.48738090643733745,-1.0298819522905274,0.004466587344363004,0.04904971490259766,-0.05556118742237337,0.004880718665390982,0.005651334410483779,False
233,1232,Base,Maximum Sharpe,1.0399293027078527,-0.35314924458437913,-1.3930785472922318,0.007862746399453169,0.056951836557466856,-0.05770982473690223,0.006132528430860797,0.0076233541421959145,False
234,1233,High volatility,Equal weight,0.3007492918933106,1.5229065159162085,1.222157224022898,0.2794529220585482,0.14982408495649482,-0.10290743695141291,0.014211748931037138,0.019235039307731815,False
234,1233,High volatility,Minimum volatility,-0.5629272595048901,1.8358346794344151,2.3987619389393053,0.1598131508600078,0.06585620182258521,-0.029288526744641663,0.006537374533278449,0.008228876740986593,True
234,1233,High volatility,Maximum Sharpe,0.6122301423723167,1.0465171121297514,0.43428696975743475,0.1969559371606755,0.155038821106223,-0.09779564631544446,0.01608715046907497,0.018959635450466177,False
235,1234,Low volatility,Equal weight,0.20312655828675005,-1.663938780897813,-1.867065339184563,-0.1040223898763174,0.08176267281768715,-0.11254258082604307,0.008350183901964944,0.009897331635586303,False
235,1234,Low volatility,Minimum volatility,0.800921701737838,-1.3055813841242558,-2.106503085862094,-0.01842882367354104,0.036383452203387574,-0.05110184029548759,0.0033299842568113016,0.004078996694410073,True
235,1234,Low volatility,Maximum Sharpe,0.9991242435662716,-2.1825714649432677,-3.1816957085095394,-0.06243763977541794,0.04266441299934514,-0.07556174704756236,0.004222934100146818,0.005019838079985645,False
236,1235,Base,Equal weight,0.12323992518955557,-0.5725873045445845,-0.6958272297341401,-0.03842777186050572,0.10960762030231688,-0.10989069702922805,0.011810359314849755,0.013739670376456728,False
236,1235,Base,Minimum volatility,-0.2291377298267242,-0.9034691599279286,-0.6743314301012044,-0.016439227199889994,0.04970334394684128,-0.06139588115107564,0.005193540609823986,0.006526709326863141,False
236,1235,Base,Maximum Sharpe,0.4073387180937291,1.0617712825423664,0.6544325644486373,0.23572047975709554,0.18815937650666892,-0.12858823106794437,0.016837014270675042,0.0217610739162694,True
237,1236,High volatility,Equal weight,-0.6119481247933944,0.22568236351410256,0.837630488307497,0.05265594888792591,0.13931902801831406,-0.1239349037128975,0.013797740319512232,0.019580793741796308,True
237,1236,High volatility,Minimum volatility,-0.8066238101758949,-0.43706172089981327,0.36956208927608164,-0.0008395216724141896,0.06477280058892089,-0.05422870296254878,0.0068337980861987585,0.00902806194853397,False
237,1236,High volatility,Maximum Sharpe,0.17147012826464955,-0.9359296094290988,-1.1073997376937483,-0.16702708763976715,0.2045152922912854,-0.25009168296201034,0.022092223596929618,0.02591028154262567,False
238,1237,Low volatility,Equal weight,0.16504396028431387,-0.7581217092967653,-0.9231656695810792,-0.029771468962059178,0.07514392795980564,-0.08778799777711055,0.007172003333758869,0.009958575592029882,False
238,1237,Low volatility,Minimum volatility,-0.28972393233689747,0.9369839633254187,1.226707895662316,0.06505083539061007,0.036426054619859996,-0.021661965938279404,0.003425170854752429,0.004463263892645133,True
238,1237,Low volatility,Maximum Sharpe,0.686628178164081,-0.93859875436317,-1.625226932527251,-0.1020888914504372,0.13632435514394264,-0.1928196145966169,0.013030201083212196,0.018654486286656388,False
239,1238,Base,Equal weight,0.2837124843454896,-0.12349521185078963,-0.4072076961962793,0.00961263401392487,0.1116312223989658,-0.09228192838064009,0.011309802654120276,0.01352318162615224,False
239,1238,Base,Minimum volatility,-0.3040521089572855,1.8277111852133578,2.1317632941706433,0.1192660968115522,0.046065202834007224,-0.024450173160399546,0.004159220393564098,0.005015626107207456,True
239,1238,Base,Maximum Sharpe,0.6408428310558691,-0.27416261329160735,-0.9150054443474764,-0.06616664091606117,0.2467685120544151,-0.24822580597143473,0.024526274263965597,0.02929413072236817,False
240,1239,High volatility,Equal weight,0.2367151810308107,-0.025263497049419183,-0.2619786780802299,0.012870412924013142,0.1597095801169869,-0.2005998740253685,0.01743985519858879,0.02350152218696873,True
240,1239,High volatility,Minimum volatility,0.12431181133146978,-1.656782338524537,-1.781094149856007,-0.06761645348170153,0.05904480677634293,-0.11374414418050649,0.006368936024994503,0.008018068341710389,False
240,1239,High volatility,Maximum Sharpe,0.5839856342130855,-0.9704191823242319,-1.5544048165373172,-0.09006780681912274,0.12026921947681822,-0.20063129398020763,0.013910819596851016,0.016599570541415705,False
241,1240,Low volatility,Equal weight,-0.08519610649338671,-0.10185826816434056,-0.016662161670953843,0.017135843162014552,0.0866686339590982,-0.08982934545809584,0.008573339371327364,0.010998225486466638,False
241,1240,Low volatility,Minimum volatility,0.7690331361116806,0.27498231450261906,-0.4940508216090615,0.03953894937398017,0.03585715504395969,-0.025200470021028876,0.0035137500744679066,0.004756682114809687,True
241,1240,Low volatility,Maximum Sharpe,0.8175761521119679,0.15358832418144117,-0.6639878279305267,0.035373754818021075,0.038756312833798365,-0.019012035571400965,0.003715556829317534,0.005232099849769869,False
242,1241,Base,Equal weight,0.5698792824743921,-0.9955490224944434,-1.5654283049688356,-0.07548086984229407,0.10318734967767577,-0.1349042724680164,0.010894569420584928,0.013606042699464433,False
242,1241,Base,Minimum volatility,-0.26030507210501663,0.026615177473959854,0.2869202495789765,0.030090926090035053,0.049894429592495515,-0.030416913908758003,0.005419719693613963,0.006700497797796519,True
242,1241,Base,Maximum Sharpe,0.647822157094337,-1.151314705793708,-1.799136862888045,-0.14851171996578982,0.15488859509711503,-0.22797868503849938,0.01658160349483744,0.01994002601969703,False
243,1242,High volatility,Equal weight,-0.3089858020895212,0.2819976956055292,0.5909834976950503,0.06153816631574216,0.14305883829912872,-0.10755914517991916,0.014292292145694815,0.017196153914010963,False
243,1242,High volatility,Minimum volatility,0.03628949624897893,1.5678444420152797,1.5315549457663007,0.13762759661887825,0.0647416366022011,-0.037063466763414765,0.005841697757434671,0.007903863359613,False
243,1242,High volatility,Maximum Sharpe,0.12223071934155942,1.8074158274181251,1.6851851080765656,0.17458650603707238,0.07422173328918981,-0.03997244617177609,0.00666114402098381,0.009134672355869324,True
244,1243,Low volatility,Equal weight,0.7589795765910267,0.18050232153898962,-0.5784772550520371,0.04118478274474624,0.07559827549081204,-0.061891301590479175,0.007338708088379025,0.008794107853881196,True
244,1243,Low volatility,Minimum volatility,-0.18862293926619178,-0.47193413548854635,-0.28331119622235457,0.012093622559822492,0.035811830146538264,-0.02997100913623474,0.003498784763475176,0.004353673507837373,False
244,1243,Low volatility,Maximum Sharpe,1.2515941772026355,-0.12084863017654689,-1.3724428073791823,0.01619438786206917,0.0831755507852426,-0.09947162477424765,0.00893527028252053,0.010483367910380488,False
245,1244,Base,Equal weight,0.7290663512231573,0.639809962131169,-0.0892563890919883,0.09348475278003776,0.10153030579884192,-0.0816564578691985,0.010084434826552696,0.013377887490920282,True
245,1244,Base,Minimum volatility,0.05469879512402348,0.052344955766666125,-0.0023538393573573554,0.031403224003439645,0.04729993938534618,-0.050392738025921924,0.004711475280913624,0.006269416935712608,False
245,1244,Base,Maximum Sharpe,1.2682575636528295,0.4277106724038739,-0.8405468912489555,0.07862468592975969,0.12650705232882983,-0.0832735991124961,0.011137068403440994,0.016165411583745983,False
246,1245,High volatility,Equal weight,-0.03794053494658146,-1.9702290047702324,-1.9322884698236509,-0.24083801913782021,0.14914817284845447,-0.24703857891257763,0.016648193207037233,0.01978460319574437,False
246,1245,High volatility,Minimum volatility,-0.26552450367229363,-1.87103754593816,-1.6055130422658666,-0.08689300807759082,0.06330722176142287,-0.12115012938345793,0.006261440005378776,0.008374414345445912,True
246,1245,High volatility,Maximum Sharpe,0.46951007674739303,-3.415599966275694,-3.885110043023087,-0.42035923947863296,0.1642088794280744,-0.42500988938912043,0.0184936811071446,0.021762072249786442,False
247,1246,Low volatility,Equal weight,1.2206447367671045,2.3001452038578534,1.0795004670907489,0.25498237934632595,0.08759593319524138,-0.04858048339558074,0.007625922282561163,0.01047208121790899,False
247,1246,Low volatility,Minimum volatility,0.9709430736249861,2.4567431509242903,1.485800077299304,0.12171924601188944,0.034980230106989973,-0.01603130894272442,0.003332032962441705,0.004291525633101508,True
247,1246,Low volatility,Maximum Sharpe,1.4372838145428164,2.1513840351443005,0.7141002206014841,0.1601744127777116,0.05606575006931295,-0.036727689459416846,0.004550038884725686,0.007013422071525059,False
248,1247,Base,Equal weight,-0.1400991372439337,-1.3358490835825179,-1.1957499463385841,-0.1089319456914506,0.10438619534866647,-0.13485373830158032,0.010760452339527942,0.012023439837385767,False
248,1247,Base,Minimum volatility,0.549083985598875,-1.082408432021783,-1.631492417620658,-0.022609114702927147,0.04740266935885943,-0.06574840613946475,0.00459724017978058,0.006008075298098232,True
248,1247,Base,Maximum Sharpe,1.0453087486198223,-1.6025222206942822,-2.6478309693141044,-0.07326275826551953,0.06461953586315515,-0.12010467111841183,0.006653068563084845,0.007967737244941188,False
249,1248,High volatility,Equal weight,-0.7038398328881404,-0.13890990699474248,0.564929925893398,0.002920106885175411,0.13060235822719785,-0.09601518672509213,0.013038074568422897,0.017811579760543875,False
249,1248,High volatility,Minimum volatility,0.1009738173818037,-0.11844009359507471,-0.2194139109768784,0.02011027480821803,0.0641642530389396,-0.04942823358136572,0.006518598499870759,0.007948463216302671,True
249,1248,High volatility,Maximum Sharpe,0.3241070128333282,-0.22730984139141827,-0.5514168542247465,0.011068934728375446,0.07067384142594098,-0.07031123355786528,0.006971554450902869,0.00902141349129391,False
250,1249,Low volatility,Equal weight,-0.19131804491148927,2.3865814772615006,2.5778995221729897,0.2630473909735056,0.08709152973108107,-0.042401352839077755,0.007744067420500164,0.01006335369599352,True
250,1249,Low volatility,Minimum volatility,0.5488951787178186,0.6185514324457356,0.06965625372791706,0.048948312308483066,0.030209994507335053,-0.02006091789319675,0.0027756778084660426,0.0033990490091549033,False
250,1249,Low volatility,Maximum Sharpe,0.5954114754546896,0.2912465416264772,-0.30416493382821247,0.038723509784941434,0.030557514429548367,-0.015975051021584252,0.0027415399082408413,0.0035177281294523654,False
