experiment,market_seed,regime,strategy,training_sharpe,holdout_sharpe,sharpe_gap,total_return,annual_volatility,maximum_drawdown,daily_var_95,daily_expected_shortfall_95,holdout_sharpe_winner
1,1000,Low volatility,Equal weight,0.8391278645483928,0.6627510607676327,-0.17637680378076015,0.08406915175486995,0.0823074634101491,-0.04865182099983134,0.007729250819416616,0.01098651057128765,True
1,1000,Low volatility,Minimum volatility,0.2775446227441969,0.4160691479654392,0.1385245252212423,0.04583930983310203,0.038453777903175335,-0.023718769409885154,0.003814402174908201,0.0049507165006645445,False
1,1000,Low volatility,Maximum Sharpe,1.1041943350302565,0.1644535159128598,-0.9397408191173967,0.043514347455712254,0.13201351772815886,-0.075601098126862,0.013495971846414845,0.016128548341010365,False
2,1001,Base,Equal weight,-0.33006238074666683,-0.24695152866622327,0.08311085208044355,-0.0007253227713716059,0.10176399694022084,-0.1450032786992559,0.009781632051930507,0.013047658363407079,True
2,1001,Base,Minimum volatility,0.4539616709081593,-1.517705902058805,-1.9716675729669644,-0.043575613104228195,0.048071823007018066,-0.06916921013588895,0.0053397254168775716,0.006149828166631318,False
2,1001,Base,Maximum Sharpe,0.763563968470518,-0.9823089909253121,-1.7458729593958302,-0.02298899354164896,0.052376645226554566,-0.05587967193352228,0.005745006488078818,0.006834102710142202,False
3,1002,High volatility,Equal weight,0.1305641825676204,-0.9161659187889805,-1.0467301013566008,-0.10290352323758556,0.14008819020048963,-0.1508730306994227,0.015376628095758668,0.01858870801827878,False
3,1002,High volatility,Minimum volatility,0.31249798353278063,-0.7728829597253989,-1.0853809432581796,-0.0227946187821898,0.0653279736571826,-0.055249088911437316,0.007289632849712895,0.009075261483049593,False
3,1002,High volatility,Maximum Sharpe,0.9173565623101316,-0.029051758241374695,-0.9464083205515064,0.007548032881572908,0.1832032056976744,-0.137745183247465,0.016720772739075365,0.023332297968734764,True
4,1003,Low volatility,Equal weight,1.0795559895688822,-0.7933875477219198,-1.8729435372908019,-0.03770809980329315,0.08152791262662357,-0.12781728264014391,0.008893100686861265,0.011049467977436719,False
4,1003,Low volatility,Minimum volatility,-0.1483456533793659,0.19809167031560035,0.34643732369496627,0.0366353891155029,0.03560748670847479,-0.032235196000175104,0.003573778132834374,0.00445068157260583,True
4,1003,Low volatility,Maximum Sharpe,1.6010628900116617,-1.002703574184396,-2.603766464196058,-0.060856762393408204,0.08822356830900382,-0.12595828290464806,0.008701051849639718,0.012191235622579014,False
5,1004,Base,Equal weight,1.005921683633673,0.5352798463965012,-0.4706418372371719,0.0840483310099025,0.10602561020910822,-0.04771753668980494,0.010267528852525529,0.01313500997256924,True
5,1004,Base,Minimum volatility,0.3519688840078447,-0.3869544534920544,-0.7389233374998991,0.01087750366876894,0.04574007958529304,-0.05125673709106404,0.004665812169044241,0.006045213012549925,False
5,1004,Base,Maximum Sharpe,1.1925857105126034,0.14122686962771022,-1.0513588408848933,0.04035647204384207,0.1385171449018245,-0.08544284255239942,0.015334563192417612,0.017366054631800076,False
6,1005,High volatility,Equal weight,-0.1872720997264242,0.5551914214292119,0.7424635211556361,0.10575027395096459,0.14730620825732652,-0.13042258154616748,0.013710738551660707,0.017429966028187752,False
6,1005,High volatility,Minimum volatility,-0.30609058021645685,0.09809456660303938,0.40418514681949624,0.034484806207083496,0.0672392710275084,-0.04332202296289367,0.006826061595216409,0.00825840769706753,False
6,1005,High volatility,Maximum Sharpe,0.14805327137289537,0.8395884623272564,0.691535190954361,0.2396154112583997,0.26116245894221607,-0.17220118857300526,0.0266582193054653,0.030615877588241743,True
7,1006,Low volatility,Equal weight,0.9489628522479504,1.0945793234229688,0.1456164711750184,0.12647285236342287,0.08511519564514292,-0.04870475279779096,0.008563461867356476,0.010334510294805374,False
7,1006,Low volatility,Minimum volatility,0.2804073128914028,0.293424095945233,0.013016783053830194,0.04058789078146119,0.037208914665673255,-0.01999768200431251,0.003950075955831825,0.004837356814803453,False
7,1006,Low volatility,Maximum Sharpe,0.9827855526474363,1.2316247557830073,0.24883920313557106,0.18045520026041162,0.11620352934332882,-0.06862853669322055,0.011049093169671113,0.014940178675115478,True
8,1007,Base,Equal weight,0.022887095838574775,0.1523176031237181,0.12943050728514333,0.041171198485586036,0.11142451554503073,-0.06580080342630079,0.011089882674994249,0.01453019378483248,True
8,1007,Base,Minimum volatility,-0.1716822181068252,-0.8953740718028153,-0.72369185369599,-0.014047461972297559,0.047555980110932226,-0.0629410363062829,0.005118167723727884,0.006427622837243314,False
8,1007,Base,Maximum Sharpe,0.32600119422375085,0.09432487037563593,-0.23167632384811493,0.033738709015123325,0.13595451953045015,-0.0943043587284007,0.013249685193026658,0.01770825963547125,False
9,1008,High volatility,Equal weight,-0.15595338409302995,-0.5769197489809211,-0.4209663648878912,-0.06054133724374644,0.1420626755639947,-0.18163501415635908,0.013498511526059737,0.018480472352981184,False
9,1008,High volatility,Minimum volatility,0.3033796563227567,-1.3544427201461833,-1.65782237646894,-0.05401764454005731,0.06143167047566754,-0.10492020128849466,0.0070359217252672105,0.008311919623983468,False
9,1008,High volatility,Maximum Sharpe,0.6048866213397673,0.20284349463988693,-0.4020431266998804,0.04698383702762765,0.1107356104108679,-0.11885903053602165,0.011463533694865035,0.01407590613502293,True
10,1009,Low volatility,Equal weight,0.7718871696909733,-0.6176475271429623,-1.3895346968339357,-0.02328113798543785,0.0807434699170749,-0.08021973900675816,0.0078640841248141,0.010223945701539096,False
10,1009,Low volatility,Minimum volatility,0.027726646969655565,-0.5339790625507183,-0.5617057095203738,0.009919165694115328,0.035686506967778475,-0.03655092399578763,0.0038565343652836193,0.004610632488178108,False
10,1009,Low volatility,Maximum Sharpe,1.1225432158690234,-0.25693218275131435,-1.3794753986203379,-0.02003388303782394,0.15009072882956043,-0.13117747362094678,0.015888491229020578,0.020553756859201935,True
11,1010,Base,Equal weight,-0.4239639719668178,1.8592770435779684,2.283241015544786,0.28246661654557537,0.12194998285278368,-0.06336144558659529,0.011675161960696267,0.01414403710537949,True
11,1010,Base,Minimum volatility,-0.27673912921601534,-0.26920051403695916,0.007538615179056185,0.016134410783747555,0.046371956355890934,-0.03934584397927443,0.00468450868937351,0.006318784636497599,False
11,1010,Base,Maximum Sharpe,-0.12228964159667377,-1.1647215639136586,-1.0424319223169847,-0.029022769538205262,0.04961264568177708,-0.07525046431685956,0.005454762581892335,0.00688431517620856,False
12,1011,High volatility,Equal weight,-0.13897032086566175,-1.1633089341639957,-1.024338613298334,-0.1435782712191328,0.1490904614443787,-0.18189241950374868,0.01641931763600781,0.01873166629158951,False
12,1011,High volatility,Minimum volatility,-0.09880715531024552,-0.4352389271073943,-0.3364317717971488,-0.0025863268460522004,0.0685024783385832,-0.049075945113417174,0.006192991104807565,0.00839474296511944,True
12,1011,High volatility,Maximum Sharpe,0.2704828527375844,-2.6483452442096977,-2.918828096947282,-0.3613751437097148,0.17459571240728,-0.4092464164712445,0.02089739003385689,0.023907227991922138,False
13,1012,Low volatility,Equal weight,-0.48047178284016673,1.4328391191088348,1.9133109019490016,0.1436249791379911,0.0750117300415167,-0.04352367216085162,0.007806150226167391,0.008850229307592024,True
13,1012,Low volatility,Minimum volatility,0.4317784490513966,-1.2384358387618464,-1.670214287813243,-0.011436297644927484,0.03272612945514822,-0.029232990073770893,0.003385019657537069,0.003995278051639171,False
13,1012,Low volatility,Maximum Sharpe,0.5592398962357055,-1.9680957897796196,-2.5273356860153253,-0.04468164806413233,0.037880564716242224,-0.05322984576881573,0.0036943220858791474,0.004628403185292844,False
14,1013,Base,Equal weight,0.3075278628484104,0.8808373774727768,0.5733095146243664,0.12621467787442198,0.10800810429366833,-0.07329511463972704,0.011208854269387518,0.01288065274966416,False
14,1013,Base,Minimum volatility,0.20088984613409622,0.8904597836856223,0.6895699375515261,0.07639210820882103,0.05093705225828369,-0.04435828127967911,0.005038182386111376,0.006720854389123321,True
14,1013,Base,Maximum Sharpe,0.5040101254131136,0.4788773302227352,-0.02513279519037842,0.06890277727111949,0.08493812082176033,-0.0785442254890849,0.00863258174219293,0.010814072124253303,False
15,1014,High volatility,Equal weight,0.9994001092429149,0.8421848571949628,-0.15721525204795206,0.1547883021341634,0.14894226091515606,-0.12483990752287688,0.015741339995834255,0.01826715867754314,False
15,1014,High volatility,Minimum volatility,0.571914021580137,1.3427927527202443,0.7708787311401073,0.1187926025753292,0.06307358222137159,-0.0429367013636649,0.005863343862069307,0.0074775146433572965,True
15,1014,High volatility,Maximum Sharpe,1.069534491959473,0.5990978763961142,-0.4704366155633587,0.09790715797445615,0.11820598591159698,-0.11726718256033808,0.011390481558404887,0.014751743081748092,False
16,1015,Low volatility,Equal weight,0.918779719615065,0.33966043662946316,-0.5791192829856018,0.056447993891972414,0.08532169513822371,-0.05018566438426875,0.008493490440761116,0.010181688318491849,False
16,1015,Low volatility,Minimum volatility,0.913551764350888,0.5186779497289927,-0.3948738146218953,0.04930572537722666,0.03713127157389801,-0.020184076261611228,0.0036446329271744016,0.0043691487256966545,True
16,1015,Low volatility,Maximum Sharpe,1.3519784725062214,0.3139970524116871,-1.0379814200945343,0.04649399832725676,0.055482695470038014,-0.03811124080147443,0.005934938476183225,0.006714393924291475,False
17,1016,Base,Equal weight,1.2522676574640477,2.0702284613447035,0.8179608038806558,0.28521283175891377,0.10988454518568,-0.06008724887254635,0.009150087165489366,0.011189358103152776,False
17,1016,Base,Minimum volatility,0.010759103329835457,1.7989297065928431,1.7881706032630076,0.12242162396107781,0.04842980731346915,-0.02946168565966023,0.004213749872258266,0.005707913237583368,False
17,1016,Base,Maximum Sharpe,1.52849577681187,2.154579087445391,0.6260833106335209,0.46031584700907313,0.16870281249292007,-0.08974383009957321,0.013870757035258474,0.01713379010549377,True
18,1017,High volatility,Equal weight,0.376716389064002,0.6339808097463578,0.25726442068235583,0.12755380013374729,0.16385615883179722,-0.11620792421447723,0.016612886995520024,0.02096783566350707,False
18,1017,High volatility,Minimum volatility,-0.4633982032515432,0.097944836703159,0.5613430399547021,0.034468842107731046,0.06709244554652646,-0.06576419829202651,0.00683296332733729,0.008791815639715598,False
18,1017,High volatility,Maximum Sharpe,0.8253410047527635,0.7297072885334247,-0.0956337162193388,0.19507797182025333,0.2446292095663568,-0.1667157906470973,0.025861537026791948,0.03214077238534331,True
19,1018,Low volatility,Equal weight,0.7344336866469019,1.5407451932820355,0.8063115066351336,0.1575370517254755,0.07774527527292949,-0.054656983225383704,0.00778563469542891,0.009322766620476427,False
19,1018,Low volatility,Minimum volatility,0.29139132846778987,1.4761676742131629,1.184776345745373,0.08248181810847055,0.034065091052721964,-0.01121457053144248,0.0029417560613798615,0.0035823120429785927,False
19,1018,Low volatility,Maximum Sharpe,0.9082555151682478,1.5563430943392897,0.648087579171042,0.18248360091707427,0.09141374899083636,-0.06573625575874864,0.008815956381354956,0.010511545762547673,True
20,1019,Base,Equal weight,0.01058997050361325,0.6441336549450349,0.6335436844414217,0.09987588054958296,0.11154077223605885,-0.12915461861192512,0.01185776068951162,0.014514444822593623,False
20,1019,Base,Minimum volatility,-0.04570349186510755,-0.08752991287344937,-0.04182642100834182,0.024884161333522004,0.04524493150265954,-0.03389559734034786,0.004253077413748696,0.005503084998048447,False
20,1019,Base,Maximum Sharpe,0.06055447113180872,0.9744201709255604,0.9138656997937518,0.214124283657541,0.1866314420289524,-0.2306005399062787,0.018958187680652418,0.023457130669047387,True
21,1020,High volatility,Equal weight,-1.052324132068284,0.22518564734672014,1.277509779415004,0.053331767673761465,0.14768261398321542,-0.09338736956952687,0.015175592462954786,0.018062892222891154,False
21,1020,High volatility,Minimum volatility,-0.8981112729870924,-0.017714904044221443,0.8803963689428709,0.026558880574820698,0.06609839717731467,-0.07431496934669535,0.006533510985241763,0.00815072276926307,False
21,1020,High volatility,Maximum Sharpe,-0.3644301870964384,0.3655146950277707,0.729944882124209,0.08354409631851611,0.1855464938010075,-0.14112512802987454,0.016303161671900646,0.021546538889412773,True
22,1021,Low volatility,Equal weight,0.5562900422411267,0.31103238777793074,-0.24525765446319592,0.05301417436542977,0.08176187523494215,-0.06498760434409645,0.008078181383540538,0.010035123724552543,False
22,1021,Low volatility,Minimum volatility,0.48775604483012636,1.2293886543602708,0.7416326095301444,0.07938817545316157,0.03871104744657684,-0.034809385917542346,0.0030869922262155235,0.004325453099613263,True
22,1021,Low volatility,Maximum Sharpe,1.1354706643150767,0.5938489297305076,-0.5416217345845691,0.06942662515076603,0.06703522387178437,-0.05575737640918288,0.006611730378115886,0.008172395218594159,False
23,1022,Base,Equal weight,0.8148313155555059,-0.5567612227081927,-1.3715925382636986,-0.03450175236473696,0.10608672806950642,-0.10233500584774946,0.01023413276005985,0.013635662369280634,False
23,1022,Base,Minimum volatility,0.7074425746797149,-0.05363505467897358,-0.7610776293586885,0.025985619692433737,0.04979534189627111,-0.0451724889608206,0.004978845656850576,0.006185507464693314,False
23,1022,Base,Maximum Sharpe,0.9929540080477037,0.06881295974689802,-0.9241410483008057,0.03244828694250024,0.07201793954684585,-0.06844834439130498,0.0072256309828432445,0.009030584950214164,True
24,1023,High volatility,Equal weight,0.0036634859051804924,-0.07976648943934501,-0.08342997534452551,0.0076482362187773045,0.14461403660999708,-0.1283645766817305,0.014066064312795544,0.017360880011671378,True
24,1023,High volatility,Minimum volatility,0.36646245131366423,-1.4701115950731662,-1.8365740463868305,-0.06328828083833549,0.0632199028985169,-0.09946673437412035,0.007039769215393674,0.008596545936842389,False
24,1023,High volatility,Maximum Sharpe,0.5482613792313857,-0.6806663383237984,-1.2289277175551843,-0.022495160910637857,0.0729573911875094,-0.08286519286939253,0.008140908447982157,0.010083001136094906,False
25,1024,Low volatility,Equal weight,1.3459696396995497,0.11740853843989252,-1.2285611012596571,0.0362020119937565,0.07494828248448099,-0.0666873227547573,0.0068400498226377044,0.008816585149277455,False
25,1024,Low volatility,Minimum volatility,0.18379541165344618,1.2118403475319917,1.0280449358785455,0.07171207791185807,0.03321859435348026,-0.01966068691329681,0.00291488778330321,0.0037477533832086687,True
25,1024,Low volatility,Maximum Sharpe,1.6897336455673102,0.001643031724855525,-1.6880906138424547,0.0240993349762868,0.10912024603428973,-0.08440603467528662,0.009440077810448724,0.012874115261002026,False
26,1025,Base,Equal weight,1.1082567586619163,-0.5134715525032326,-1.6217283111651488,-0.026897914587600935,0.1008028816314132,-0.11352457049136788,0.010797246159066146,0.014236707898059923,False
26,1025,Base,Minimum volatility,0.5315337280950994,-0.8403753732309645,-1.3719091013260638,-0.013370362334719,0.04972758182568409,-0.07264528921649493,0.005045966127773458,0.006209873792829531,False
26,1025,Base,Maximum Sharpe,1.144112110843847,-0.2838470495555413,-1.4279591603993884,-0.002799062875451841,0.09737403615920784,-0.11394612475693466,0.009844869740508688,0.013567347825112947,True
27,1026,High volatility,Equal weight,-0.05567660564314405,0.03408696641509403,0.08976357205823808,0.02545757107109692,0.1341839218662686,-0.15442492948781172,0.01468307567619333,0.019762073163610887,True
27,1026,High volatility,Minimum volatility,0.9825787069686114,-0.8087448760394953,-1.7913235830081067,-0.022960476862055268,0.06284054521536718,-0.08224355529083827,0.00594790067419032,0.007938870070573189,False
27,1026,High volatility,Maximum Sharpe,1.1657132779383097,-0.6245933667586534,-1.790306644696963,-0.015218233115507962,0.06817651048768937,-0.07287902633859022,0.006283990324698645,0.008260920731338977,False
28,1027,Low volatility,Equal weight,1.519688680817156,0.40844667235714716,-1.1112420084600088,0.06068329183867305,0.07960682102066527,-0.06017192623190171,0.008038050980832904,0.01008149833860573,True
28,1027,Low volatility,Minimum volatility,1.8437988955036808,0.2751538726373284,-1.5686450228663524,0.039711463113211165,0.03652501462037126,-0.026073169470018476,0.003579295195911744,0.0042975588581523234,False
28,1027,Low volatility,Maximum Sharpe,2.0637186035506243,0.35305305150146876,-1.7106655520491556,0.04452763441254737,0.04218744097532849,-0.03154055961289537,0.004152507443371622,0.005036871270082745,False
29,1028,Base,Equal weight,0.26881057646961837,0.7627504229567577,0.4939398464871393,0.11709293553461642,0.11509760165624694,-0.10174087143758714,0.011374029627752365,0.015139246069821036,True
29,1028,Base,Minimum volatility,0.5488407253304703,-0.968128194902323,-1.5169689202327934,-0.015245333886675039,0.04534372947757998,-0.04447255467622602,0.004672510337737295,0.006072686998192591,False
29,1028,Base,Maximum Sharpe,0.6759732472735752,-0.3447372590097869,-1.0207105062833621,0.009010892385265201,0.05530506595399118,-0.04132945196532922,0.005540806536646467,0.007524060542660911,False
30,1029,High volatility,Equal weight,-0.8843575506514755,-0.12545971470763065,0.7588978359438449,0.0007678201279757157,0.14551034574873006,-0.14610159141309442,0.015590114869767694,0.018144320193318422,False
30,1029,High volatility,Minimum volatility,-1.251452788059366,1.3930284337602212,2.6444812218195874,0.12160345328374778,0.06257917667590343,-0.041419195240755546,0.0065423389164725836,0.007477877186201401,True
30,1029,High volatility,Maximum Sharpe,-0.39858190688062156,0.06240480610143057,0.4609867129820521,0.009516474363125305,0.2732299973301675,-0.283069470684689,0.028730738357749662,0.03329113892116098,False
31,1030,Low volatility,Equal weight,0.19863448583570306,0.08900368728216118,-0.10963079855354188,0.034062291860813776,0.08052696361260114,-0.07073769323894852,0.009040821996594783,0.010663952257946602,False
31,1030,Low volatility,Minimum volatility,0.1848622384632888,0.37259193758431297,0.18772969912102416,0.04345595892185372,0.0366346982660747,-0.027675755648886358,0.003584509599442658,0.004622575525631902,True
31,1030,Low volatility,Maximum Sharpe,0.2688080748247868,0.07407218258962743,-0.19473589223515936,0.03261682911978947,0.053533437698206676,-0.04598405490763924,0.0059441114820196015,0.007025863468994407,False
32,1031,Base,Equal weight,0.14242350654992497,-1.4133903551005902,-1.555813861650515,-0.10999100638145232,0.09982654427241668,-0.13663028305462932,0.01093674108559951,0.013383254797419659,False
32,1031,Base,Minimum volatility,-0.4916349847272589,0.1936707944294569,0.6853057791567159,0.03855737196622555,0.04887002244839309,-0.03494946795218823,0.004697123094222609,0.006268857188291228,True
32,1031,Base,Maximum Sharpe,0.708511846702055,-1.7006486400103502,-2.4091604867124055,-0.16918358164629765,0.12197528988735734,-0.2165868045077861,0.013533027709467854,0.015255125157190963,False
33,1032,High volatility,Equal weight,-0.8231695789490161,1.5784828618579803,2.4016524408069966,0.3019784511262271,0.15623021220793,-0.09147717906080077,0.014980568219018787,0.019120838657090473,True
33,1032,High volatility,Minimum volatility,-1.5393973117515354,-2.0513211249597325,-0.5119238132081971,-0.09177798238291635,0.06044262663955503,-0.13199354544041197,0.006521633049558676,0.008820997319554307,False
33,1032,High volatility,Maximum Sharpe,-0.18461344173190686,0.7266424168303571,0.911255858562264,0.2039665625043543,0.2619560763040258,-0.25512666408634,0.02482943311399601,0.03588715764111986,False
34,1033,Low volatility,Equal weight,0.13016523547185418,0.7045510354694108,0.5743857999975566,0.08864269648984724,0.08354202977546162,-0.1356811563111091,0.0084104244185483,0.010269621974720571,False
34,1033,Low volatility,Minimum volatility,0.3722375782745046,1.7535413878774648,1.3813038096029602,0.09822874349785793,0.036974313052589615,-0.021967970951876414,0.0036239353571469557,0.0042071750015493575,True
34,1033,Low volatility,Maximum Sharpe,0.744118642983838,1.7121365515043174,0.9680179085204794,0.1636983907505818,0.07284938196107739,-0.03857992086496864,0.006191691600162557,0.00870128808806742,False
35,1034,Base,Equal weight,0.5649170190159419,-1.7133299037092355,-2.2782469227251774,-0.13739895318086026,0.10055198310378456,-0.16475709429723617,0.010542874647881166,0.01342886930652142,False
35,1034,Base,Minimum volatility,0.6496853102976664,-0.6694828605177713,-1.3191681708154377,-0.004850910595166291,0.049588577633601943,-0.08224403783415868,0.004789738870672791,0.0061900216090883765,True
35,1034,Base,Maximum Sharpe,0.9398688828970638,-1.742231472142713,-2.682100355039777,-0.083643902233971,0.0658557298231949,-0.10434928016749379,0.006677236434677173,0.008082806425775916,False
36,1035,High volatility,Equal weight,0.9978070522544943,1.3409369468184635,0.34312989456396925,0.23846281067049646,0.14535818597122005,-0.10962789336192746,0.014877951145150161,0.017891971705418265,False
36,1035,High volatility,Minimum volatility,0.8006072658597274,1.151142596226513,0.3505353303667855,0.10205342511701865,0.06032665804636211,-0.039496889550494574,0.005496291618861679,0.007064366229996903,False
36,1035,High volatility,Maximum Sharpe,1.5298726605247888,1.8435894731356648,0.31371681261087603,0.28323896394206916,0.12341262915402307,-0.06291456202535017,0.01157660713082515,0.013404805674848568,True
37,1036,Low volatility,Equal weight,0.5737254896517021,0.8044318883380919,0.23070639868638976,0.09703979240256366,0.08263153341852253,-0.06826869337394226,0.007780249169928059,0.010768681796997569,True
37,1036,Low volatility,Minimum volatility,0.5656156628848713,0.5158003208960371,-0.049815341988834194,0.04873305816615292,0.03621537410969608,-0.03490589459673621,0.0034738970251681984,0.004410263084897704,False
37,1036,Low volatility,Maximum Sharpe,0.9083452004302542,-0.9815278562899934,-1.8898730567202477,-0.026233834908745535,0.055629721942961126,-0.08531932331994463,0.005653068774000547,0.007210513523926014,False
38,1037,Base,Equal weight,0.013847985293588685,-0.450198135831852,-0.46404612112544064,-0.02096648119530209,0.10136620394840822,-0.15278623555329507,0.010491382852595774,0.013106905384359376,False
38,1037,Base,Minimum volatility,-0.0895572208556815,-0.46811356561676276,-0.37855634476108124,0.006094680492134019,0.047743892152080476,-0.04467777678454432,0.004731122200101877,0.005530578342731587,False
38,1037,Base,Maximum Sharpe,0.7298679641068858,1.1987836393546434,0.46891567524775757,0.21801632064596466,0.14914994674766216,-0.09428654710952089,0.01331558457899215,0.018163486523812746,True
39,1038,High volatility,Equal weight,-0.5023468345994043,0.6214475422349337,1.1237943768343381,0.12477144136351703,0.162958985590184,-0.08106841948468912,0.016682415754505287,0.01989478698141533,True
39,1038,High volatility,Minimum volatility,0.20039315284885204,-1.4238961508714398,-1.624289303720292,-0.059147744692403914,0.062219369458972294,-0.07791031089184863,0.006920757142486321,0.007857811999458742,False
39,1038,High volatility,Maximum Sharpe,0.5603323423884686,-1.649073554678431,-2.2094058970668997,-0.07977004387552478,0.06697348207514794,-0.09673762927812946,0.0066518494220829,0.008340963824263517,False
40,1039,Low volatility,Equal weight,0.4877059537429549,2.6910578175425393,2.2033518637995844,0.27207256528617285,0.07965597662983005,-0.038641376382270054,0.006784774653001531,0.00961090832321788,True
40,1039,Low volatility,Minimum volatility,0.986085759961452,1.3362233090072522,0.3501375490458002,0.08051485088091725,0.036330767357315934,-0.012968193227898328,0.0036718311622256803,0.004367763272338796,False
40,1039,Low volatility,Maximum Sharpe,1.0878577050638367,2.0278390528840204,0.9399813478201837,0.11682195059091516,0.04031874572357911,-0.017967119262351505,0.003636834686844534,0.0048567696671622486,False
41,1040,Base,Equal weight,0.5630514877562618,0.7132882297230504,0.1502367419667886,0.10626374700067065,0.10837600742721318,-0.09244537224195026,0.010438527422764066,0.014841509265212839,True
41,1040,Base,Minimum volatility,-0.084381131669288,0.43696223375366006,0.521343365422948,0.04970308305400439,0.04575690477259878,-0.03203965779072204,0.0046510793427170394,0.005504104565177999,False
41,1040,Base,Maximum Sharpe,1.217478029648731,0.6524875446869519,-0.5649904849617792,0.11314353790425025,0.13237464459341522,-0.092945796768659,0.012810259807973672,0.015432860882997676,False
42,1041,High volatility,Equal weight,0.43031459559057367,1.4887474016054856,1.058432806014912,0.25315664996423237,0.13816895860947415,-0.10243792703536381,0.012026214398078484,0.016417664390518942,False
42,1041,High volatility,Minimum volatility,-0.19270679640244537,2.4705065246220594,2.6632133210245046,0.2018900848733911,0.06330507210959714,-0.029622442513903446,0.005251852875550281,0.007140120324295545,True
42,1041,High volatility,Maximum Sharpe,0.8461424006403296,1.013836479825722,0.16769407918539236,0.2318031098628084,0.1952650092033475,-0.18584193019773976,0.019315631966013113,0.02398467580207083,False
43,1042,Low volatility,Equal weight,-0.16823469085453283,-1.1961084033326084,-1.0278737124780755,-0.05749186775098902,0.0720490894320631,-0.11436778448857199,0.007055429043093557,0.009304518223355925,False
43,1042,Low volatility,Minimum volatility,-0.46947259144295284,1.1606912732721562,1.6301638647151089,0.07484622036089594,0.03732353922142991,-0.03911391104193618,0.0036800509042905095,0.004650396639561452,True
43,1042,Low volatility,Maximum Sharpe,0.03945673212291569,-0.24459767429165852,-0.2840544064145742,0.004211036453886541,0.08792915389583157,-0.08909611895163727,0.009259726775073184,0.010822359650757788,False
44,1043,Base,Equal weight,0.5465684993833787,0.5419926634502258,-0.004575835933152916,0.0852571929097905,0.10692938891986259,-0.07444923335631137,0.010182185621022254,0.011947037615960866,False
44,1043,Base,Minimum volatility,0.42129742161986344,2.137361130372097,1.7160637087522335,0.13901155367802587,0.047610993556530964,-0.018053220579602014,0.004271027391346214,0.005090127053803013,True
44,1043,Base,Maximum Sharpe,1.0858649053112628,0.15637880131537568,-0.929486103995887,0.04137508001854018,0.10606294127650104,-0.0829049390418195,0.011003108523550357,0.013293016590330074,False
45,1044,High volatility,Equal weight,1.2034898633053686,1.679858050718481,0.4763681874131125,0.28320014376886493,0.13642574070491953,-0.08574165305987991,0.012639634238691634,0.016213259136994854,True
45,1044,High volatility,Minimum volatility,0.5805435324803419,0.19292015012057792,-0.3876233823597639,0.04063686913494924,0.06375056311021483,-0.03184087056230511,0.006381470111208053,0.007707653944957555,False
45,1044,High volatility,Maximum Sharpe,1.3420231455634075,1.195713833246771,-0.14630931231663657,0.2152059032137521,0.14739249080918237,-0.09911446741060082,0.014050092817838526,0.017626897813715046,False
46,1045,Low volatility,Equal weight,0.5156953322408842,-0.06094436614423082,-0.576639698385115,0.021433776039958996,0.08204808654305483,-0.10621037917724441,0.007955849839809697,0.010303864371211387,False
46,1045,Low volatility,Minimum volatility,1.0059232559900935,0.16940670875803315,-0.8365165472320604,0.03522843799108677,0.03311589944404141,-0.02189416995657234,0.003198075394052285,0.0041744407036587656,True
46,1045,Low volatility,Maximum Sharpe,1.0503396558954745,0.046583654817792544,-1.003756001077682,0.03103964170613427,0.034058685972786974,-0.029371543762141572,0.0035038042860133173,0.004296842805717815,False
47,1046,Base,Equal weight,-0.4936056357887689,0.6204218624101591,1.114027498198928,0.09777129321443567,0.11298601546311317,-0.05964607007488598,0.011376210147656112,0.014145721790149057,False
47,1046,Base,Minimum volatility,-0.37495323399637914,1.6553521952924308,2.03030542928881,0.11397732526332738,0.048055361628981254,-0.026126235882760418,0.004606522389215199,0.005563895630475298,True
47,1046,Base,Maximum Sharpe,0.7173548287286962,1.1886650432131347,0.47131021448443855,0.2005572682426302,0.13679186249925704,-0.13226559862499154,0.012759701189886258,0.01625621538811451,False
48,1047,High volatility,Equal weight,0.5650383680167987,1.7272105323343727,1.162172164317574,0.33013300183007876,0.15506652495393797,-0.09597354681765469,0.014678418472005014,0.019533526779523067,False
48,1047,High volatility,Minimum volatility,-0.9393771765132014,-0.2830026672674144,0.656374509245787,0.010553851956462967,0.06084349838128707,-0.05608532502900443,0.006204192621329623,0.007503374370761779,False
48,1047,High volatility,Maximum Sharpe,0.8601865696981437,2.025750072200222,1.1655635025020785,0.6267535973125054,0.23994840896823189,-0.1592860818622034,0.021199465873229996,0.02868791795202136,True
49,1048,Low volatility,Equal weight,0.6601540471494038,1.2504071070919753,0.5902530599425715,0.13183750422312523,0.07783777013290549,-0.0459285756502541,0.00796002279577953,0.009868522352637688,False
49,1048,Low volatility,Minimum volatility,-0.1383277566435068,2.519474457690397,2.6578022143339037,0.11698399422011163,0.032395010939722586,-0.014611731259688843,0.0030389351255628466,0.0038019786447920966,True
49,1048,Low volatility,Maximum Sharpe,1.0314352540571994,0.6240206419303937,-0.40741461212680563,0.08507464295564238,0.08993987583624757,-0.04844764668701784,0.008617820820109548,0.010653522207945602,False
50,1049,Base,Equal weight,-0.25432022898569834,-0.7159089000116376,-0.4615886710259393,-0.05077783550512138,0.10621654690385633,-0.13712394456335075,0.011872777436781095,0.014478240938330219,False
50,1049,Base,Minimum volatility,0.25149721487480964,0.7482817743690445,0.4967845594942349,0.06676231514743614,0.04843769500135278,-0.04032744141687283,0.004647236832155544,0.006497598187289848,True
50,1049,Base,Maximum Sharpe,0.4389609884115199,0.6246729032418963,0.18571191483037636,0.07288245452241804,0.06911749937377473,-0.052208340313216306,0.0065032463132002,0.007949144777602873,False
51,1050,High volatility,Equal weight,-0.3049468333436377,0.9325123666799218,1.2374592000235594,0.16672735438195674,0.1449517783232056,-0.0991520672578704,0.0152177746244912,0.01999926601717801,False
51,1050,High volatility,Minimum volatility,-0.4564345634655245,0.5304017171239709,0.9868362805894955,0.06603792483333648,0.06936403142332176,-0.05179432700263087,0.006677455774366622,0.00837710938839297,False
51,1050,High volatility,Maximum Sharpe,0.43877576647055233,1.7836625483846806,1.3448867819141284,0.5439986235648637,0.24377884079886006,-0.1362239599869708,0.02493714893422774,0.032005742393462246,True
52,1051,Low volatility,Equal weight,0.39562933837301867,-0.5491771165967316,-0.9448064549697504,-0.018572481358365756,0.08188455534799473,-0.06658202787641176,0.0077713797750263705,0.01029988361451968,False
52,1051,Low volatility,Minimum volatility,-0.030006645263946172,-0.16598693673604864,-0.13598029147210247,0.023482143115602483,0.03464705084010714,-0.027895656092196575,0.0033813945377815886,0.004557392360975845,False
52,1051,Low volatility,Maximum Sharpe,0.7225325871161123,-0.11619324056471664,-0.8387258276808289,0.011508869322586213,0.10692602125880575,-0.09005955183722314,0.011000589587259755,0.013661998801974752,True
53,1052,Base,Equal weight,1.1191446904692386,0.21010346550913722,-0.9090412249601014,0.04784510119556806,0.11093474142383027,-0.1440250910928501,0.012135853641658192,0.014923528930597051,False
53,1052,Base,Minimum volatility,0.29331543179868735,0.4039966802981442,0.11068124849945682,0.05117381476308647,0.053968639379718734,-0.04639576465891759,0.004962856498775558,0.007525045519384676,False
53,1052,Base,Maximum Sharpe,1.2839425107457205,0.7685163054494731,-0.5154262052962474,0.1369829694228939,0.14160396257836702,-0.15716553584967063,0.014523921893421481,0.01836957683008711,True
54,1053,High volatility,Equal weight,-0.7579162290982533,0.3880408548674771,1.1459570839657305,0.0836377867768685,0.166345950857836,-0.14191101049325028,0.017292684550340536,0.021152296536327782,False
54,1053,High volatility,Minimum volatility,-0.2802043722090182,0.5756624160450786,0.8558667882540969,0.06866126064847267,0.06802458850491087,-0.05972878136654447,0.007315952759625509,0.008772799900559613,False
54,1053,High volatility,Maximum Sharpe,0.012634862001406079,0.9854987601945647,0.9728638981931587,0.10687374607660294,0.07597636489547491,-0.04487736312482493,0.007627689911734763,0.009739908565852872,True
55,1054,Low volatility,Equal weight,0.32246264620460746,1.3839753751238584,1.061512728919251,0.15912132952840174,0.08816108245191959,-0.06657919004599655,0.008454850246457549,0.010309226979245113,True
55,1054,Low volatility,Minimum volatility,0.9188034957719412,0.6864114457639281,-0.2323920500080131,0.05468407956207155,0.0354174992213575,-0.01850948077721115,0.003487904825193803,0.004371977058421508,False
55,1054,Low volatility,Maximum Sharpe,1.0565903040442037,0.5056700346442977,-0.550920269399906,0.04985763521607223,0.039289298139621315,-0.015119859129088087,0.003942543954873134,0.004910352677363736,False
56,1055,Base,Equal weight,0.2763433434849879,1.2400127937164813,0.9636694502314934,0.16769110372125318,0.10570847939641825,-0.058917797234767755,0.00982183062184015,0.013815230348460448,False
56,1055,Base,Minimum volatility,0.061743935985508036,0.9502085907243101,0.888464654738802,0.07294137933093037,0.044008539401802944,-0.03648538163639092,0.00434618058093644,0.005510636938533333,False
56,1055,Base,Maximum Sharpe,0.28889555977791503,1.3215808751979854,1.0326853154200704,0.25398116815070737,0.15842153899118583,-0.10011761277890963,0.015035632134940174,0.02055100941836286,True
57,1056,High volatility,Equal weight,0.09100192227319888,-0.6692959723575239,-0.7602978946307228,-0.0672106712128897,0.13461040500428556,-0.15861982491493531,0.014938515114347614,0.01875449312744924,False
57,1056,High volatility,Minimum volatility,0.13362211168857852,0.8801685093563867,0.7465463976678082,0.08796115408073613,0.06457349479581329,-0.04793604667528584,0.007015527288847651,0.008208705248144517,False
57,1056,High volatility,Maximum Sharpe,0.46152507664681947,1.064440594689538,0.6029155180427186,0.11585762923325182,0.07808983672771977,-0.04887858454583671,0.007449097900423395,0.00911079570939887,True
58,1057,Low volatility,Equal weight,0.08084730406364597,-0.2984017907260827,-0.3792490947897287,0.002331621543473217,0.08044638628972525,-0.08304306743494638,0.009013685121331437,0.011171332422994378,True
58,1057,Low volatility,Minimum volatility,0.024500540351740183,-2.253171882439027,-2.277672422790767,-0.05297248105564445,0.03697054971770833,-0.07398793145522331,0.00398290958625152,0.004621406456227584,False
58,1057,Low volatility,Maximum Sharpe,0.5278099845097942,-0.9366676185448891,-1.4644776030546833,-0.05833743410342318,0.09129191287757742,-0.10267436721388667,0.009419040684847035,0.011422226200410378,False
59,1058,Base,Equal weight,1.0217537081256811,0.6191767849049364,-0.4025769232207447,0.09753463920773453,0.11282469964687673,-0.07063665230024718,0.011232214755082097,0.013182887013125533,False
59,1058,Base,Minimum volatility,0.8735139308084198,0.31327012591258724,-0.5602438048958325,0.0438368874233821,0.04596234741566198,-0.02392986901148242,0.004403605707390556,0.006153154047181428,False
59,1058,Base,Maximum Sharpe,1.2891979628617973,0.6732840858298104,-0.615913877031987,0.07494785517850233,0.06674558518767526,-0.039596814271849134,0.006680656017948599,0.007466995139943567,True
60,1059,High volatility,Equal weight,0.13154320700889754,-0.23612144806342034,-0.3676646550723179,-0.014968136215306238,0.14484628452361042,-0.16547596878146087,0.014927763845992101,0.01725370482870426,False
60,1059,High volatility,Minimum volatility,0.6843723085454,1.332126388655443,0.6477540801100431,0.12551110409360566,0.06833472109351792,-0.035581800306322964,0.007096131677756575,0.009162911110801586,True
60,1059,High volatility,Maximum Sharpe,0.7280683302839618,1.2931645090135087,0.5650961787295469,0.12582491532662599,0.07073848029123025,-0.04846897423197427,0.007110322202905821,0.009582016186763251,False
61,1060,Low volatility,Equal weight,0.744327698415519,-0.4373631450017453,-1.1816908434172644,-0.008234224428587233,0.07932807221566528,-0.13637644800224458,0.007961233802105205,0.010248538837184889,False
61,1060,Low volatility,Minimum volatility,0.7263100789865053,-0.9211426379564821,-1.6474527169429876,-0.002652170305150081,0.034336663553473167,-0.02951111375517046,0.0036941205284783374,0.004428122454621917,False
61,1060,Low volatility,Maximum Sharpe,1.115199614955011,-0.17251411016631107,-1.287713725121322,0.018707915970215483,0.055136384082772716,-0.08187598488772263,0.005062956067947724,0.006512865525200447,True
62,1061,Base,Equal weight,0.3555246498886821,0.4725910777152508,0.11706642782656868,0.07961169472410834,0.11303064080457395,-0.08668387172818315,0.012097850488014395,0.01438120005754683,True
62,1061,Base,Minimum volatility,0.44286824430009336,0.017132315900536217,-0.42573592839955715,0.029745321927796553,0.04534902192783339,-0.033627916103076805,0.0044841554343262695,0.0058426667700477615,False
62,1061,Base,Maximum Sharpe,0.7385248519706854,-0.7780058048977303,-1.5165306568684156,-0.01722920648464732,0.05816647475074733,-0.04667172383995777,0.005915788467692895,0.007729525034966993,False
63,1062,High volatility,Equal weight,1.1200593482531571,0.6558332990999838,-0.46422604915317334,0.11782558270814159,0.13958911349940822,-0.10027382199832546,0.012665521233951137,0.016996290415326396,False
63,1062,High volatility,Minimum volatility,0.5621229052990914,0.1556594593933969,-0.4064634459056945,0.03844209178927205,0.06662751387471376,-0.06765767533150135,0.006204934263780576,0.007191231165691408,False
63,1062,High volatility,Maximum Sharpe,1.5596498871076059,0.6670003288437029,-0.892649558263903,0.13664183200480973,0.16903490385218714,-0.1496431482975762,0.014158385899220197,0.01950938340315074,True
64,1063,Low volatility,Equal weight,0.14629909262375126,1.4960279612606355,1.3497288686368842,0.15703291520786022,0.07988946010530715,-0.04442463306077338,0.00703049941615652,0.009841186207605683,True
64,1063,Low volatility,Minimum volatility,0.28251345143203005,1.1012593593612667,0.8187459079292367,0.0699132726617866,0.03508627792189819,-0.015176860678239201,0.0032468393929853787,0.004208701515234832,False
64,1063,Low volatility,Maximum Sharpe,0.7649905576657546,0.39535323956369467,-0.36963731810205996,0.06302010948933501,0.09003233644646874,-0.09601214404602065,0.008936600097172478,0.010707711222263362,False
65,1064,Base,Equal weight,0.5756878541270367,0.4156427621786205,-0.1600450919484162,0.06875222333260966,0.10112589998734187,-0.07629909853523276,0.010438557481452714,0.013181764974044637,True
65,1064,Base,Minimum volatility,0.17010813777084194,-0.3550869342478128,-0.5251950720186547,0.013108399591654996,0.043874058559584365,-0.024956754864282726,0.004252422218705214,0.0051836328004026995,False
65,1064,Base,Maximum Sharpe,0.6953094306112001,-0.26006222165558435,-0.9553716522667844,-0.014970926896989645,0.13614947496149643,-0.09268793845186818,0.014511407678045733,0.017994387962499893,False
66,1065,High volatility,Equal weight,0.25460127669389576,-1.341851742012479,-1.5964530187063746,-0.1430054976677827,0.13066140837262544,-0.20272298895655738,0.014006415228276975,0.01722459492589768,False
66,1065,High volatility,Minimum volatility,-0.5284364472803101,-2.8467041731305853,-2.318267725850275,-0.15528450007292283,0.06881609891713791,-0.1584197982323181,0.007508681195952965,0.009263102821499166,False
66,1065,High volatility,Maximum Sharpe,0.6611212160170061,-0.6908018637184833,-1.3519230797354895,-0.14369045464931451,0.22934635070425313,-0.26690895079514665,0.022550680424560255,0.030222506325152998,True
67,1066,Low volatility,Equal weight,0.4088126399629591,0.95150246297496,0.542689823012001,0.11065945921749587,0.08285308422857496,-0.057669963897844956,0.00816209596171385,0.011145562140997831,True
67,1066,Low volatility,Minimum volatility,0.35360620167169804,0.9065569416473737,0.5529507399756757,0.06454335288608815,0.037152162753689356,-0.020991703889905677,0.003957242464076682,0.00488363188378238,False
67,1066,Low volatility,Maximum Sharpe,1.0404451239444572,-0.1119272009283926,-1.15237232487285,0.016126257055733006,0.08728433111399707,-0.06839491807145581,0.008777698577682371,0.010965162250429804,False
68,1067,Base,Equal weight,1.0865366215342216,-1.5415492390841692,-2.628085860618391,-0.1356716868113732,0.10983404999446576,-0.17754815045807415,0.012142959589597562,0.014784287543377222,False
68,1067,Base,Minimum volatility,0.4957761461729142,0.3084572637820562,-0.18731888239085803,0.045228479521596254,0.05194720208190924,-0.055944357959736846,0.005351302637958673,0.006945462946284013,True
68,1067,Base,Maximum Sharpe,1.2899261924069771,-2.0104163573539835,-3.300342549760961,-0.20225319029232458,0.12328321387961653,-0.24107847856073572,0.012954559251488904,0.01678076163150055,False
69,1068,High volatility,Equal weight,-0.5254049908436589,1.2232146657523812,1.7486196565960401,0.2183646644351811,0.14604478865217935,-0.10881054903469434,0.0135612734946738,0.017447495474957164,True
69,1068,High volatility,Minimum volatility,0.9188609196577383,-0.4075438947039662,-1.3264048143617044,0.00040813283716234494,0.06618166931287199,-0.053623326987577435,0.006644278280060026,0.008263430680798215,False
69,1068,High volatility,Maximum Sharpe,1.3687931521595773,-1.0606756288038217,-2.429468780963399,-0.054042503148098664,0.07742887669810979,-0.09903643510376059,0.008325340586900685,0.010052371973131623,False
70,1069,Low volatility,Equal weight,-0.5618906558168918,1.2327195046016117,1.7946101604185034,0.12999131603424297,0.07761476334391013,-0.07136277580539896,0.0068835395604427835,0.008863550462717541,True
70,1069,Low volatility,Minimum volatility,0.06308994458212173,0.5220408918271244,0.4589509472450027,0.04858100537615595,0.03545244718107144,-0.024095093128303713,0.0034858141310283564,0.004626908226592926,False
70,1069,Low volatility,Maximum Sharpe,0.2587955514864105,-0.0015673975042390141,-0.2603629489906495,0.029106208891789276,0.04021506912382064,-0.020169846575037065,0.004223191428144939,0.005127706604639451,False
71,1070,Base,Equal weight,0.14297660404497525,-1.94658530709584,-2.0895619111408155,-0.1615483448488817,0.10295888009256518,-0.1615483448488817,0.010501693553759813,0.01353414779695636,False
71,1070,Base,Minimum volatility,-0.36497438491501594,-1.5416767070772799,-1.176702322162264,-0.0472853341531585,0.049790482824042095,-0.09345860360258795,0.005287834588691936,0.006680743279340753,False
71,1070,Base,Maximum Sharpe,0.48792910215265384,-1.4923250534417591,-1.9802541555944129,-0.22936459164635126,0.18310120831420218,-0.23941462747750075,0.02010947687871567,0.023282206059186867,True
72,1071,High volatility,Equal weight,-0.20510084682565155,1.0335170542471988,1.2386179010728502,0.18541806539778638,0.1463457392925427,-0.09398471809052378,0.014049539761950452,0.017177904229185754,False
72,1071,High volatility,Minimum volatility,-0.9980163261670605,-0.7880750783704884,0.20994124779657208,-0.021802173593526653,0.0629732467603522,-0.08911382876694063,0.007074859743538697,0.008213622313566354,False
72,1071,High volatility,Maximum Sharpe,0.30972985340949316,1.565532996391576,1.2558031429820828,0.5401276965950006,0.2825761142125582,-0.15029117214359244,0.025663653239617935,0.033451642356291764,True
73,1072,Low volatility,Equal weight,0.34818087966404143,1.810241035285189,1.4620601556211477,0.2007935043778517,0.08686536002496802,-0.04908282500534822,0.008672451832919958,0.011315698767831724,False
73,1072,Low volatility,Minimum volatility,-0.4298221947292323,0.8366629677280096,1.266485162457242,0.061183730607479836,0.036445750040189295,-0.031393729108255775,0.0036273545696427433,0.004364771620585624,False
73,1072,Low volatility,Maximum Sharpe,0.9655819491592935,1.9430889616270013,0.9775070124677078,0.24058473546805903,0.09825961721196096,-0.04602992593779731,0.011406866577065727,0.014101610918423161,True
74,1073,Base,Equal weight,-0.005968489295687542,-0.6872469568829289,-0.6812784675872414,-0.04760683400150012,0.10585092056326584,-0.12852952310756183,0.011568046679000315,0.014402904287891798,False
74,1073,Base,Minimum volatility,0.28237393372455316,0.39799478276199823,0.11562084903744507,0.04844570418118943,0.04741855162890607,-0.029842564168830132,0.00476187748160004,0.005862239198117185,False
74,1073,Base,Maximum Sharpe,0.6043793509526908,1.0203149493849388,0.41593559843224803,0.1282906151613019,0.09363385638581252,-0.052487481874160635,0.008662866051076135,0.011197328159094534,True
75,1074,High volatility,Equal weight,-0.12424765043455799,0.2868272244282245,0.4110748748627825,0.060949609297996865,0.13485283873820592,-0.07558394566315962,0.01437978570637827,0.01811623909880253,False
75,1074,High volatility,Minimum volatility,-0.03355450540312207,1.518426200652643,1.551980706055765,0.12592801529864261,0.05983618110412952,-0.029885093160570197,0.0048296540187577185,0.007269019368509202,False
75,1074,High volatility,Maximum Sharpe,0.1067627068513713,1.8387927064981822,1.732029999646811,0.16539950650112,0.06845863757678375,-0.034504315488380954,0.006301510459076369,0.008195321927158003,True
76,1075,Low volatility,Equal weight,1.1164035688275864,1.4111807292648635,0.2947771604372771,0.15146758017327278,0.08135673560690893,-0.04012576298602655,0.008308509891115668,0.00966879421377672,True
76,1075,Low volatility,Minimum volatility,0.573866714122638,-0.8983281832624025,-1.4721948973850405,-0.0021404563895287554,0.03462690259907631,-0.037601908503926085,0.003493859297368772,0.004262823153872403,False
76,1075,Low volatility,Maximum Sharpe,1.2852835947416066,1.0650426491530696,-0.22024094558853702,0.12132747823639067,0.08300927978177812,-0.03801465971065554,0.008457656541961308,0.01055901702127798,False
77,1076,Base,Equal weight,0.19794609638592237,-0.17325256915094064,-0.371198665536863,0.004723377122630934,0.1091661046596167,-0.08827410824022763,0.010651616850595784,0.014124279975959938,False
77,1076,Base,Minimum volatility,0.5254067217617705,0.48545081237264603,-0.03995590938912447,0.0534914937721549,0.04891533253708849,-0.041177889818914126,0.005084659662945229,0.005902427686827583,True
77,1076,Base,Maximum Sharpe,0.6830642577665554,-0.26991722560916814,-0.9529814833757235,0.012976189600258259,0.055971569841257035,-0.0557891475993898,0.005528348935015602,0.006801695031562096,False
78,1077,High volatility,Equal weight,-0.1871420990980977,0.25265904559767743,0.43980114469577514,0.05955699574493356,0.16695557566560562,-0.13330840065577787,0.015650465753445114,0.021112726733006886,True
78,1077,High volatility,Minimum volatility,-0.9009919039769049,-1.0193251631023348,-0.11833325912542991,-0.042874765535115045,0.06961747162702896,-0.07272097056674842,0.006993189277033884,0.009462602905594034,False
78,1077,High volatility,Maximum Sharpe,0.149748167013253,0.01675559290816452,-0.13299257410508847,-0.0040957500600729,0.2772340732149735,-0.23581428479031485,0.02738083495204651,0.0364945780869964,False
79,1078,Low volatility,Equal weight,0.15874594428231487,0.8545548599824734,0.6958089157001586,0.10055857015944492,0.08141370594272164,-0.027976731816101497,0.007620790791884611,0.009901454900024049,False
79,1078,Low volatility,Minimum volatility,-0.22025557314092847,1.559018448146541,1.7792740212874696,0.09293692485611094,0.03852585672533308,-0.01671755228733207,0.0035800918318717677,0.004892242536975118,True
79,1078,Low volatility,Maximum Sharpe,0.3746144074119754,0.4559292880283264,0.081314880616351,0.08529802196766068,0.1344593893764583,-0.06199879686301035,0.012952782446488568,0.016854163258680645,False
80,1079,Base,Equal weight,-0.22141311444125583,0.6045358450451,0.8259489594863558,0.09799121087919493,0.11706989517333327,-0.08428400568764793,0.01180434478459098,0.01624839536744934,True
80,1079,Base,Minimum volatility,0.05832106103254775,-1.833205611312153,-1.8915266723447008,-0.05000519937331416,0.043588936280115,-0.05608206176404362,0.004851159615307531,0.00575045944712566,False
80,1079,Base,Maximum Sharpe,0.5136244309570281,-0.058935453716688416,-0.5725598846737165,0.02539688986737798,0.052617113721948924,-0.04064325132748692,0.005079395706000599,0.006502933023297237,False
81,1080,High volatility,Equal weight,-0.11479033861879807,-1.2393019673096657,-1.1245116286908676,-0.12721202893259653,0.12711662948086394,-0.15620531472908117,0.013514500434870654,0.017194449018270847,False
81,1080,High volatility,Minimum volatility,0.19425247865378795,-0.6063069281519267,-0.8005594068057146,-0.01025640874745104,0.06254662353971732,-0.07799226268580339,0.006026368736381292,0.007130444607114351,True
81,1080,High volatility,Maximum Sharpe,0.5279234870746807,-1.6742135894240713,-2.202137076498752,-0.09124288742126219,0.07319986357700378,-0.14279621116511743,0.007707681931800849,0.009174087306097077,False
82,1081,Low volatility,Equal weight,0.6260006312289155,-0.7801635878142782,-1.4061642190431938,-0.035345762848422835,0.07993203518156297,-0.09887995060378962,0.00873137113680614,0.010408088462346182,False
82,1081,Low volatility,Minimum volatility,-0.1745314324594947,-1.722567214803677,-1.5480357823441824,-0.03805660304837555,0.039238144673414105,-0.06670119497030136,0.0044573764180507675,0.005090803910318635,False
82,1081,Low volatility,Maximum Sharpe,1.2991542848883393,-0.3485125486118246,-1.6476668335001639,-0.03471192560032921,0.15280224714678914,-0.16515369182473516,0.015069811993674753,0.01965292200719147,True
83,1082,Base,Equal weight,-0.166713821346173,0.8845614029162985,1.0512752242624714,0.13613674712523616,0.11885429969131134,-0.06921193427083427,0.011234710685855935,0.013951142028180041,False
83,1082,Base,Minimum volatility,-0.48344897555976224,0.7815442147523057,1.264993190312068,0.07247848052309469,0.05354629070415226,-0.032119043402729974,0.005446795390653923,0.0066438700949450055,False
83,1082,Base,Maximum Sharpe,0.38349846014421674,1.3068244718299884,0.9233260116857717,0.35386039724514706,0.22940067986244328,-0.1282800228522839,0.022871434676288372,0.029159024800207343,True
84,1083,High volatility,Equal weight,0.16986262409698616,0.4732255904057428,0.30336296630875664,0.09072750139498664,0.14238030054459408,-0.12444303658478484,0.014168315461567452,0.017316064242085615,False
84,1083,High volatility,Minimum volatility,-0.2193379299745945,-0.28344438702095226,-0.06410645704635776,0.009079972263376312,0.06497944777516598,-0.04021075854184153,0.006448827534264355,0.008171928344115039,False
84,1083,High volatility,Maximum Sharpe,0.44827466754522216,1.89414770754207,1.4458730399968478,0.38144624466435473,0.16198801531008522,-0.11083191774403334,0.014845320436245047,0.019713971084634855,True
85,1084,Low volatility,Equal weight,0.5984941020498592,-0.5027202562703706,-1.1012143583202298,-0.013883034152125773,0.08022990239451569,-0.08219954925422468,0.008987676278270705,0.010433638786493256,False
85,1084,Low volatility,Minimum volatility,0.9158858174353421,-0.47295989005908035,-1.3888457074944225,0.011730927996423723,0.036443768815979424,-0.037420177532720755,0.003746274240056052,0.004374535757183777,True
85,1084,Low volatility,Maximum Sharpe,1.2227290901086136,-0.513639056333895,-1.7363681464425085,0.0022711820415046713,0.05064790904715959,-0.046194762047688354,0.005140762273699505,0.006291308495516034,False
86,1085,Base,Equal weight,-0.4150057326269876,0.4221488401129604,0.837154572739948,0.06799975818389714,0.09691385911333263,-0.07890297911231747,0.009791068763749878,0.011933354238438384,False
86,1085,Base,Minimum volatility,0.09901532153689056,0.7242165404173134,0.6252012188804229,0.06398646196026236,0.04630889813077854,-0.02460983037959419,0.004867291026066795,0.00588684818621884,True
86,1085,Base,Maximum Sharpe,0.37793468718427137,0.7140325403234598,0.3360978531391884,0.06895815793420756,0.05404147216964676,-0.02245144786392872,0.005565373305387598,0.007103466748818206,False
87,1086,High volatility,Equal weight,0.13316579189055525,-0.4542562150976865,-0.5874220069882418,-0.0459173316824526,0.14535727091739012,-0.1553055389048782,0.01707053508039065,0.019672503800348736,False
87,1086,High volatility,Minimum volatility,-0.4071725488932912,-1.7515289063324124,-1.3443563574391213,-0.08673962577375327,0.0673781083041508,-0.11512322995131385,0.007424221667482439,0.010123391391753948,False
87,1086,High volatility,Maximum Sharpe,0.5668260640535463,-0.09076745583974315,-0.6575935198932894,-0.04092877683931995,0.29803250427448885,-0.26150753944715366,0.03329277349507112,0.03897372909870778,True
88,1087,Low volatility,Equal weight,0.1284590498869649,-0.17577762663032737,-0.30423667651729225,0.011965789703056284,0.0816188298767429,-0.08809085244636994,0.009258454308323998,0.010862527802007778,True
88,1087,Low volatility,Minimum volatility,0.28039289035533865,-2.0682810286739417,-2.3486739190292805,-0.03795113939688344,0.032739150138322085,-0.061335134653333845,0.003493714094195582,0.0042630085756362865,False
88,1087,Low volatility,Maximum Sharpe,0.7913316740098382,-1.8082115058385655,-2.5995431798484034,-0.09018691572717108,0.06735839037859477,-0.11835353610574484,0.007567347990747947,0.009272980805539536,False
89,1088,Base,Equal weight,-0.10023890230377416,-0.18307909911409392,-0.08284019681031976,0.0039980830323289585,0.10794468403998893,-0.10227003243410793,0.011302004971125405,0.013430812972749232,True
89,1088,Base,Minimum volatility,-0.23301381218738715,-1.9572262472586908,-1.7242124350713035,-0.05304486782432105,0.042488159456198375,-0.056061069603253966,0.004838496198428055,0.005704903422793583,False
89,1088,Base,Maximum Sharpe,0.569146389796301,-2.0214511423205432,-2.590597532116844,-0.18533814928301784,0.11284614747862051,-0.1974537986276107,0.011686763109337105,0.014669509146426908,False
90,1089,High volatility,Equal weight,-0.1722661952235863,1.21511923219823,1.3873854274218163,0.22476180894594378,0.15206205573057663,-0.13255555315431966,0.01529602559561526,0.018121593121918154,False
90,1089,High volatility,Minimum volatility,0.23257440183133024,1.3649217339278903,1.13234733209656,0.12445979271832108,0.06588740358348026,-0.0743808537293904,0.006176446436199715,0.008042830869419678,True
90,1089,High volatility,Maximum Sharpe,0.5276805318225957,1.065370011563272,0.5376894797406764,0.111648510780336,0.0741967245787518,-0.0836109743952177,0.007342920626316866,0.009483819491322052,False
91,1090,Low volatility,Equal weight,0.2542713837772195,-2.1182967627970157,-2.372568146574235,-0.134572597555901,0.08063781432546226,-0.1642106761047274,0.00804136311771839,0.009580511344283189,False
91,1090,Low volatility,Minimum volatility,-0.818706082888502,-0.2192621793161759,0.5994439035723261,0.021077092315598733,0.03663782318475979,-0.041459750640315485,0.003661651083531475,0.004295493815274805,True
91,1090,Low volatility,Maximum Sharpe,0.7246619106642185,-2.1510728113558013,-2.87573472202002,-0.2546358398458569,0.14538435741165545,-0.32415719781035657,0.015693899417807283,0.01869767811449383,False
92,1091,Base,Equal weight,0.478921171315655,0.5500965593483926,0.07117538803273765,0.08975075978002467,0.11437550179319625,-0.09382229564850586,0.012160691962418601,0.01435689042645703,False
92,1091,Base,Minimum volatility,0.7262366475420107,1.7876511814474991,1.0614145339054883,0.12623486668412953,0.05069581914425087,-0.01771984666215698,0.004615228534199694,0.0055569783333089175,True
92,1091,Base,Maximum Sharpe,0.8559321784971053,0.8395725853409551,-0.01635959315615021,0.081087123927434,0.05978978429581844,-0.038050242825481306,0.0056356159863294114,0.00680198826278381,False
93,1092,High volatility,Equal weight,0.558374071455564,0.21924748025637192,-0.33912659119919203,0.05126746234399082,0.13399125678177198,-0.11723694375201699,0.014170670526717857,0.017149293315521976,False
93,1092,High volatility,Minimum volatility,0.6653383903180562,-0.4108987759561961,-1.0762371662742523,0.0029466548047520913,0.06036217565360063,-0.06046207778533619,0.00658206793437137,0.00813073378779904,False
93,1092,High volatility,Maximum Sharpe,1.1828723158327303,0.8352693881634541,-0.34760292766927625,0.12826346088985652,0.11732783808119694,-0.08988005325849913,0.011690584950822145,0.014239727341453024,True
94,1093,Low volatility,Equal weight,0.9428752758280571,0.8951174853562409,-0.047757790471816164,0.0975117183572003,0.07398683880136094,-0.05266793567838479,0.007502271092317636,0.008658180881176434,False
94,1093,Low volatility,Minimum volatility,0.2925762971626779,0.38762221285984555,0.09504591569716764,0.042836739738747465,0.03339000992206444,-0.031201239771454614,0.003546765994912909,0.004229840356838104,False
94,1093,Low volatility,Maximum Sharpe,1.2599875589723657,1.169048025123746,-0.09093953384861964,0.15120629373259153,0.09940266740627063,-0.06917650329727032,0.010641045110054932,0.01288276720742032,True
95,1094,Base,Equal weight,0.1984955141378586,-0.603886093064885,-0.8023816072027437,-0.03820763416952189,0.10446514581043777,-0.14190164747336398,0.011123129580227186,0.013823319564318669,False
95,1094,Base,Minimum volatility,0.21463987142280153,0.03708682842064277,-0.17755304300215874,0.030661834572269564,0.04702760540849374,-0.0530318824149163,0.004824390701407979,0.00618207452182609,True
95,1094,Base,Maximum Sharpe,0.3617698494709845,-0.49571239961972113,-0.8574822490907057,-0.010384125883063478,0.07503975682528707,-0.1093758589324938,0.00748500982244137,0.009197018010025192,False
96,1095,High volatility,Equal weight,-0.08386933142236778,-0.30102183278652195,-0.21715250136415415,-0.02393973932757487,0.14429048090064323,-0.13159169501106027,0.013378217075721299,0.01805346647376741,False
96,1095,High volatility,Minimum volatility,-0.2194622612677425,-0.2756592603445255,-0.056196999076782994,0.009973693447502097,0.06386399881414825,-0.08356263136981346,0.006037492477151858,0.008252378044851981,False
96,1095,High volatility,Maximum Sharpe,0.1492520927589583,0.4100343612792326,0.2607822685202743,0.09586539038709208,0.1994777652142341,-0.18627462276153672,0.020304730546220277,0.02475030576612933,True
97,1096,Low volatility,Equal weight,0.18677606609248246,-0.4178955371069747,-0.6046716031994571,-0.004145044324607494,0.07412409335456294,-0.08251406007655049,0.0076267195703977105,0.009882891998577717,False
97,1096,Low volatility,Minimum volatility,0.07676175895166361,-0.22017376805351918,-0.2969355270051828,0.020917271693207118,0.03711687386843403,-0.04835437207482507,0.003586825266427468,0.00460550686489319,True
97,1096,Low volatility,Maximum Sharpe,0.5387582111048638,-1.69951011531291,-2.238268326417774,-0.07786930058011732,0.06389032019612292,-0.11746395944472654,0.007232934692100645,0.008179106650999798,False
98,1097,Base,Equal weight,0.8990546925115089,1.9581752171790316,1.0591205246675228,0.24474224985537374,0.09925792164133838,-0.03638570205179814,0.008815734660992702,0.012000672666287597,True
98,1097,Base,Minimum volatility,-0.47108971551340817,0.9077111293173088,1.378800844830717,0.07318595765404656,0.04644120760292986,-0.020756113489416528,0.00455987594770662,0.005535306370527673,False
98,1097,Base,Maximum Sharpe,1.2491447102449933,1.8571024592952394,0.6079577490502461,0.37589815536066373,0.16314876518957153,-0.07202771400572505,0.01544027855570009,0.019468291097997865,False
99,1098,High volatility,Equal weight,0.6329962939170868,-0.1759238918263373,-0.8089201857434241,-0.00632253203594435,0.14477165553992238,-0.18314870978004538,0.014540603834165259,0.018124178429446622,False
99,1098,High volatility,Minimum volatility,0.09271165769664365,0.8400996210447031,0.7473879633480595,0.08645630335387189,0.06612414505159223,-0.09291899355869038,0.0065938530675955735,0.008220118743460377,True
99,1098,High volatility,Maximum Sharpe,1.0674345275088606,0.10774052808683378,-0.9596939994220268,0.03343521964436613,0.17904925206173553,-0.15071878662683236,0.018346449977717887,0.021805816725362602,False
100,1099,Low volatility,Equal weight,-0.3013851637650285,0.8201794626903273,1.1215646264553558,0.10401716847437958,0.08949404608181018,-0.06104338985485558,0.008947161794478697,0.010559116265647522,False
100,1099,Low volatility,Minimum volatility,-0.12205568757098616,-0.4895989468238246,-0.36754325925283843,0.010644571353513266,0.03733227357634928,-0.026093566227464393,0.003780317519874759,0.0050245987419606465,False
100,1099,Low volatility,Maximum Sharpe,0.0979028249823451,1.3233638895607305,1.2254610645783854,0.2295153430242054,0.14136737791088477,-0.10001098855529755,0.013649946720594388,0.015920887104825795,True
101,1100,Base,Equal weight,0.04780463330554887,-0.023015572789693482,-0.07082020609524235,0.022025987000231728,0.10393196113419798,-0.1336889374035216,0.010619617832593095,0.012576879562505049,False
101,1100,Base,Minimum volatility,0.07470084730963521,0.4508291886870451,0.37612834137740986,0.05225744982886993,0.05021345218649745,-0.027834978852872005,0.00523039592136446,0.006183563781791446,True
101,1100,Base,Maximum Sharpe,0.42490901819430194,-0.36253906147453746,-0.7874480796688395,-0.02029360598737273,0.11872365867240056,-0.1137309442117258,0.011796871880625287,0.015156138137115164,False
102,1101,High volatility,Equal weight,0.29084736193940525,0.7100171593640341,0.41916979742462884,0.1274991194497077,0.1414396668264234,-0.15814985815968263,0.013736123454665008,0.01675734269069972,False
102,1101,High volatility,Minimum volatility,-0.06553531031730232,0.8133923759116806,0.8789276862289829,0.07975234817462162,0.06022742966619201,-0.0754408925701261,0.0057457867579201955,0.007402543152507461,True
102,1101,High volatility,Maximum Sharpe,0.5282186761852596,0.4363335109827965,-0.09188516520246315,0.08716221803337199,0.14919945420197642,-0.15472879176647647,0.014506307175285697,0.017116162292616834,False
103,1102,Low volatility,Equal weight,0.6996198423450349,1.3167644206809261,0.6171445783358912,0.1459690175976487,0.08370129398725736,-0.05129134479573094,0.00801279847212176,0.010527407750519276,False
103,1102,Low volatility,Minimum volatility,-0.2224507383253057,1.5707540223342165,1.7932047606595223,0.08662369643057977,0.03445459953372467,-0.014504544185366175,0.0033716298937856532,0.004344948011430551,True
103,1102,Low volatility,Maximum Sharpe,0.8981204150676344,0.9148969257502557,0.016776510682621315,0.16268321113033268,0.1437197677364418,-0.10216292294838403,0.0136788908533297,0.017281971400128958,False
104,1103,Base,Equal weight,1.3654906388210435,1.092545441228879,-0.2729451975921644,0.15362116584808128,0.10921451703048617,-0.07242573119466222,0.010275902875658235,0.013309341977103147,False
104,1103,Base,Minimum volatility,0.7195104944752994,0.9739033416972277,0.25439284722192834,0.07357000170133166,0.04351726070220075,-0.024046291695845934,0.0036302015928264594,0.005347518984104614,False
104,1103,Base,Maximum Sharpe,1.7004856573726215,1.0932678976641963,-0.6072177597084252,0.15264021468810474,0.10827407183124482,-0.0630583659918591,0.010649094932371879,0.013968326799951542,True
105,1104,High volatility,Equal weight,0.28492134649475603,0.954019488466526,0.6690981419717699,0.1683291940409477,0.14275486730669434,-0.1459628507167664,0.01263673068938838,0.01685952455449578,True
105,1104,High volatility,Minimum volatility,0.8906051773045577,-0.15487295499453294,-1.0454781322990907,0.016873775090667342,0.06797135097807429,-0.06558675061451624,0.006437176896234329,0.008118979066774133,False
105,1104,High volatility,Maximum Sharpe,0.940158043606453,-0.12115967367626339,-1.0613177172827164,0.018807439290078998,0.07003102020856945,-0.06488554963660376,0.006383191051501294,0.008686600383669597,False
106,1105,Low volatility,Equal weight,0.9588708813930059,-0.006199710340364257,-0.9650705917333702,0.0259472513118455,0.08295803437258666,-0.08410310663365261,0.008187997086840487,0.0103835668946284,True
106,1105,Low volatility,Minimum volatility,0.3643491384473208,-1.140772675263994,-1.5051218137113147,-0.01539545811247478,0.03885375926888936,-0.033389683273726156,0.004360165797631465,0.005267638895711084,False
106,1105,Low volatility,Maximum Sharpe,1.4030794761495593,-0.033902520740032194,-1.4369819968895916,0.021216915783503376,0.10144975738711039,-0.09117616195919798,0.009832639295768431,0.01232724919678006,False
107,1106,Base,Equal weight,0.3095465118621018,0.27855910506226395,-0.030987406799837858,0.05346189118551825,0.09805467782843805,-0.10853159285023795,0.009999986739291955,0.012905136486122485,False
107,1106,Base,Minimum volatility,0.44515247466141683,1.7969369193010114,1.3517844446395946,0.11622606909785382,0.04532138094174257,-0.02159547174258314,0.004186854155744307,0.0056254104981099656,True
107,1106,Base,Maximum Sharpe,0.8483619055898288,1.4802419087629004,0.6318800031730716,0.13987281833289256,0.07014997556886181,-0.03835219906424192,0.00630828824955351,0.008214287804054164,False
108,1107,High volatility,Equal weight,1.0900864601875122,-0.06043410736159877,-1.150520567549111,0.010358755703944622,0.1451459148598346,-0.14220956652810957,0.014828510413765306,0.01777438193426096,False
108,1107,High volatility,Minimum volatility,-0.7281112979704284,0.05557232463173762,0.7836836226021661,0.03158517834157837,0.06078335341858335,-0.05355939814577182,0.006617600159095599,0.007943344710417901,True
108,1107,High volatility,Maximum Sharpe,1.3995436527871559,-0.6041552423741378,-2.0036988951612935,-0.08890446906352012,0.17717623241174946,-0.22117161379522898,0.018054292453190415,0.021525686103985746,False
109,1108,Low volatility,Equal weight,-0.06220933601206532,0.28157826090886084,0.34378759692092614,0.05075017373374857,0.08304905711934896,-0.05814480647563314,0.009000014212448655,0.011459423439402375,False
109,1108,Low volatility,Minimum volatility,-0.032652177429565006,0.19426656345068355,0.22691874088024855,0.037056815817621214,0.039062633695501406,-0.02919600530378441,0.00372033327483201,0.004679256542624825,False
109,1108,Low volatility,Maximum Sharpe,0.4970483910197408,0.6415493635329571,0.1445009725132163,0.09973735097298575,0.11186338844812306,-0.0918808909542117,0.011090414280769808,0.014210071055279357,True
110,1109,Base,Equal weight,0.2433263787350181,0.09663313701647316,-0.14669324171854495,0.03483447327822664,0.10086379230892421,-0.09643394793666638,0.00890966093238901,0.012440711738508572,False
110,1109,Base,Minimum volatility,-0.054903729308133156,0.550339665423167,0.6052433947313002,0.055993659638013726,0.0473217960329751,-0.03203661176486283,0.004667297175925699,0.006195539957043327,True
110,1109,Base,Maximum Sharpe,0.7296742988251055,0.4879631618429263,-0.24171113698217916,0.1082523067800425,0.1848671767212278,-0.15729496980267865,0.017122653796939696,0.01958985010079635,False
111,1110,High volatility,Equal weight,-0.1596335419485058,-0.22890647198687275,-0.06927293003836696,-0.016339269579021654,0.1512958086897714,-0.17503227799974486,0.015404137464970828,0.019452994690254556,False
111,1110,High volatility,Minimum volatility,0.2766613650306125,-0.023520488463377846,-0.30018185349399035,0.02643347514246841,0.0631232855661985,-0.0474272023197192,0.006422679473834127,0.008169654412614892,True
111,1110,High volatility,Maximum Sharpe,0.4393471419930376,-0.46692071725617107,-0.9062678592492086,-0.0049634887046278164,0.06890342423940538,-0.06890798179567648,0.0071915534345098776,0.008240957531271024,False
112,1111,Low volatility,Equal weight,-0.314371441379119,-0.2997329409692457,0.0146385004098733,0.003671313303409196,0.07663873700688865,-0.04455352239178123,0.00882573589650003,0.010032758419498963,False
112,1111,Low volatility,Minimum volatility,0.12247862373389057,0.5141207870874429,0.39164216335355234,0.04765158141814618,0.03418805444907038,-0.021453321086668087,0.003201102907867825,0.0041130541790702635,True
112,1111,Low volatility,Maximum Sharpe,0.16158690585220084,0.41301174008100167,0.2514248342288008,0.04449734774447012,0.03535315276819129,-0.02603838808117087,0.0032798245138021868,0.004276753959313202,False
113,1112,Base,Equal weight,0.4488407057875619,-0.6307494411011978,-1.0795901468887596,-0.03883147827611555,0.101510553829369,-0.09783631744727772,0.01075749296118586,0.013441178949868012,False
113,1112,Base,Minimum volatility,1.1136454630905117,-0.30507553344750554,-1.4187209965380172,0.01372888165297348,0.04837828271588702,-0.036259028965825,0.005332050708077653,0.006509450641292782,False
113,1112,Base,Maximum Sharpe,1.2060167515243017,-0.1811991606987549,-1.3872159122230565,0.018993819927781264,0.05189472778738255,-0.038121585759200216,0.005226893960693984,0.006386451696855862,True
114,1113,High volatility,Equal weight,0.505227726441409,-0.09963205735394755,-0.6048597837953565,0.0036346634323995985,0.14910088676008482,-0.12172742135838599,0.014993536264105782,0.019273322747912706,False
114,1113,High volatility,Minimum volatility,0.5788169772087675,0.5904605380184705,0.01164356080970308,0.06798834437681678,0.06490494049305298,-0.031297549059862706,0.00679737863209141,0.008332031723276883,True
114,1113,High volatility,Maximum Sharpe,0.7093116501979908,0.3021087631448035,-0.4072028870531873,0.05181849837215813,0.07993669045186347,-0.04689991190766585,0.00794863661691641,0.010315720987865484,False
115,1114,Low volatility,Equal weight,0.6037957972046513,-0.9784178668899101,-1.5822136640945614,-0.05536548443515765,0.08476287616154851,-0.0706395253186799,0.0089085792363705,0.010819521878052121,False
115,1114,Low volatility,Minimum volatility,0.495893859887978,-0.3737738932947601,-0.8696677531827381,0.015500001241651296,0.036190191330906556,-0.0527559198327745,0.003695111739474338,0.004512706492961461,True
115,1114,Low volatility,Maximum Sharpe,1.1123759053369988,-0.996592837246489,-2.108968742583488,-0.04867341345788612,0.07677997517751385,-0.0794532368437949,0.007821011914385506,0.009801380461237139,False
116,1115,Base,Equal weight,0.5286920836972375,0.5808312642144826,0.05213918051724509,0.0947426448260078,0.1166578023729019,-0.10744968532279053,0.012721106351171052,0.015469035350661003,False
116,1115,Base,Minimum volatility,0.6647931359126273,1.5039698408774516,0.8391767049648242,0.10441128973832425,0.04712665673846436,-0.02277817892102474,0.004307789303073209,0.005664599178898226,True
116,1115,Base,Maximum Sharpe,0.7686019339701555,1.4002391010126523,0.6316371670424967,0.1098183469130749,0.05436856518976252,-0.03599246917573207,0.005232996507514219,0.006750551493850654,False
117,1116,High volatility,Equal weight,0.7128741281045161,0.15821807448832964,-0.5546560536161864,0.04302444181124487,0.16269608792644716,-0.09827352194742256,0.016428842078938875,0.019212569458292136,False
117,1116,High volatility,Minimum volatility,-0.3308953409372623,-1.2293903427258315,-0.8984950017885691,-0.04783899658798818,0.06233994193745027,-0.11618906094993631,0.006147312478941099,0.008623418266295006,False
117,1116,High volatility,Maximum Sharpe,1.0375796812249296,0.4922258199496557,-0.545353861275274,0.12577154548597447,0.2378247878759594,-0.14803863590950173,0.024264710760371882,0.028243947643748806,True
118,1117,Low volatility,Equal weight,0.448851603156057,2.5702870221958385,2.1214354190397815,0.262610018610848,0.08051766329256446,-0.03384649842178045,0.007338206386971628,0.008674025900265944,True
118,1117,Low volatility,Minimum volatility,0.5936674431434981,1.4595244129404974,0.8658569697969993,0.08256761979766725,0.034518537864891743,-0.0202205543865539,0.0032927743970260757,0.003843997430643009,False
118,1117,Low volatility,Maximum Sharpe,0.7301272440064271,2.271935943578036,1.5418086995716092,0.13309988698200104,0.04239649635586803,-0.02123652168403567,0.0038542254282155565,0.004618798084221353,False
119,1118,Base,Equal weight,0.4321711391584604,-0.910195561881211,-1.3423667010396714,-0.07401290018290652,0.11029746688369398,-0.16763943773870915,0.01076238954821039,0.013046549278233592,False
119,1118,Base,Minimum volatility,-0.263613601078962,-0.23575608135244616,0.027857519726515817,0.017415805830758746,0.0474018226622946,-0.057235890948958534,0.00482507000566118,0.005988708715049922,True
119,1118,Base,Maximum Sharpe,0.9269855289186821,-0.439977229764216,-1.366962758682898,-0.029325928844867066,0.11885857982318426,-0.16572939790442143,0.011638532431160389,0.014163216520472425,False
120,1119,High volatility,Equal weight,0.3964528025528688,0.0917695059157704,-0.30468329663709837,0.03241576925824763,0.15371790129590676,-0.09764935385481999,0.013471046127700401,0.018612840006228468,False
120,1119,High volatility,Minimum volatility,0.046710510629769254,-0.8294346246885255,-0.8761451353182947,-0.025945466909892412,0.06480898631317451,-0.06283656721510078,0.00618256325300846,0.00864866651139491,False
120,1119,High volatility,Maximum Sharpe,0.6468606267412015,0.7558165145602542,0.10895588781905274,0.19298042740632582,0.2288907309119871,-0.12739862219984344,0.02092031111595746,0.02682368803877894,True
121,1120,Low volatility,Equal weight,0.9480346794894731,1.2986196445663478,0.35058496507687475,0.15294252360865523,0.08996214631980524,-0.060562180289849166,0.00880417058396456,0.01159375140701004,True
121,1120,Low volatility,Minimum volatility,1.2504998431585939,1.0448399993472064,-0.20565984381138747,0.0702411288440754,0.037352290954773756,-0.01958037071566754,0.003279667614647301,0.0044736554202204305,False
121,1120,Low volatility,Maximum Sharpe,1.4821570589621471,0.9579544714048461,-0.524202587557301,0.07353940241208123,0.044245426463806435,-0.022035455810240134,0.00411096955638664,0.005205736924307916,False
122,1121,Base,Equal weight,0.09840607757512436,-0.013739246524039028,-0.11214532409916339,0.022690581796917852,0.1065291920945473,-0.07003447151095898,0.012358995374636457,0.014268460474776649,False
122,1121,Base,Minimum volatility,0.5746670591892618,1.4185736792083075,0.8439066200190457,0.09976589252652523,0.046986195028088165,-0.03455513342312777,0.0041868462051763405,0.005512432333697479,False
122,1121,Base,Maximum Sharpe,0.703389260149256,1.9670719426814371,1.2636826825321812,0.14252958926915293,0.05345079734212777,-0.026945512239623937,0.005130412624974211,0.006361696222225795,True
123,1122,High volatility,Equal weight,0.1969216687179571,1.04991146272752,0.8529897940095628,0.19735811416851656,0.15483239230776696,-0.13826925209936813,0.015872509937253674,0.020358145317544703,False
123,1122,High volatility,Minimum volatility,-0.06548439409035403,0.1622955112877599,0.22777990537811393,0.03935613383378489,0.07134193910526422,-0.03770831330171032,0.006397748919232623,0.009430770393688405,False
123,1122,High volatility,Maximum Sharpe,0.5258483610259713,1.278532511224553,0.7526841501985816,0.3649808288664669,0.24345992580392498,-0.16386399461886514,0.024761122980551956,0.030975457422349903,True
124,1123,Low volatility,Equal weight,0.17155597807379125,0.120566642876873,-0.05098933519691824,0.03684418350389085,0.08428992743236263,-0.07783800553092923,0.008866061495082367,0.01103779125700084,False
124,1123,Low volatility,Minimum volatility,-0.08128936945129026,1.0511090889009091,1.1323984583521993,0.0694914739745578,0.036430617765289594,-0.02942319411248684,0.0035044397247243828,0.0044630245689800075,False
124,1123,Low volatility,Maximum Sharpe,0.4146234565399002,1.1523552844088478,0.7377318278689476,0.19685320861207423,0.13862466518668887,-0.07580132289905273,0.011955042746503252,0.014466801154450025,True
125,1124,Base,Equal weight,0.09187196093114677,1.2716046172695394,1.1797326563383927,0.1903380194583182,0.11939785573086972,-0.14025467522835833,0.011541462826510333,0.014433243569738758,True
125,1124,Base,Minimum volatility,-0.42098045332938183,0.2590986761122779,0.6800791294416597,0.042562287636036755,0.051986929007992025,-0.05096922357746847,0.005361727060172704,0.006279422406803441,False
125,1124,Base,Maximum Sharpe,1.0993251978978809,0.5161990916393973,-0.5831261062584836,0.09137383350036377,0.1279651168312621,-0.12798175006911816,0.013660188492356878,0.017719134606317806,False
126,1125,High volatility,Equal weight,-0.14644441054741136,0.39448477339514115,0.5409291839425525,0.08273730384416167,0.1581918912627544,-0.10418732658648044,0.016250753716526144,0.020189278778364097,False
126,1125,High volatility,Minimum volatility,-0.20318557293341408,-0.4044776440615633,-0.2012920711281492,0.001534740156140968,0.06421636556054522,-0.07912798515855857,0.006699861438858752,0.007891004616154893,False
126,1125,High volatility,Maximum Sharpe,0.258874733737031,0.8263712651303563,0.5674965313933253,0.1731452121099495,0.17624946875859124,-0.09877849838791075,0.019532312470068654,0.022097944259520122,True
127,1126,Low volatility,Equal weight,0.002471096292726952,0.6130122754539565,0.6105411791612296,0.08134014045328675,0.08527282549062287,-0.05477215221806819,0.008392134105252734,0.010569997042830818,False
127,1126,Low volatility,Minimum volatility,0.6908519987269821,1.2736326101006754,0.5827806113736933,0.07771106499823999,0.0360684135941749,-0.01891138540480819,0.003504989876655745,0.004432509935484745,False
127,1126,Low volatility,Maximum Sharpe,0.7944685055212742,1.3762442643545423,0.581775758833268,0.08319190556330924,0.03709334975630777,-0.018957116837924226,0.0033442029196262433,0.004672108681665608,True
128,1127,Base,Equal weight,-0.29540333686965736,0.09075133451393456,0.38615467138359194,0.03414043431774738,0.10711964897235902,-0.1280905640557336,0.01062657459228427,0.012859698275410336,False
128,1127,Base,Minimum volatility,0.008407093407628833,-0.09099071086931691,-0.09939780427694575,0.024293179204517124,0.048299936059023774,-0.052373140597459567,0.004881424577976883,0.00610163035228195,False
128,1127,Base,Maximum Sharpe,0.11549491596823988,0.5112869954355767,0.39579207946733674,0.058402942796146995,0.056300247196712665,-0.052991563873759584,0.005842456365008747,0.00706026169328299,True
129,1128,High volatility,Equal weight,0.1404044854180703,1.3409099856035533,1.200505500185483,0.2416988806517848,0.14756348149083406,-0.06581852673953326,0.016299140216952893,0.019594321782502463,False
129,1128,High volatility,Minimum volatility,-0.1397461722004924,-0.10940645222389295,0.030339719976599455,0.02007041080647376,0.0676958782537308,-0.04225855661526745,0.006952802717345877,0.008504541294708533,False
129,1128,High volatility,Maximum Sharpe,0.9644252012951194,2.890454108934704,1.9260289076395845,1.0467355044515188,0.24858702424041942,-0.07668411382991114,0.022189699641673426,0.03253318582995328,True
130,1129,Low volatility,Equal weight,0.15550929720129372,0.5799110000607516,0.4244017028594579,0.07473934594705378,0.07864940198092302,-0.07238758405016787,0.0073532073251828325,0.010560652564794668,True
130,1129,Low volatility,Minimum volatility,-0.44839775770364365,-0.8272704270994491,-0.37887266939580544,-0.000314333058051508,0.03536006998233053,-0.035289564210465585,0.003504841555798804,0.0039570924520563495,False
130,1129,Low volatility,Maximum Sharpe,0.4048195757072372,0.5183783690896011,0.11355879338236391,0.10014340189742388,0.14825298194279532,-0.09266157950836429,0.01438632780623538,0.01998935450637014,False
131,1130,Base,Equal weight,0.5602964439329616,0.6810614433244685,0.12076499939150687,0.10555753102644716,0.11336338748135415,-0.09827144121909981,0.011180849155122985,0.01404420127928292,False
131,1130,Base,Minimum volatility,-0.03829798498473799,1.5149913318131505,1.5532893167978885,0.10669386880666076,0.04817986813503921,-0.03293588160999361,0.004304618851683271,0.0053884292620132255,True
131,1130,Base,Maximum Sharpe,0.8263905539642522,0.19198960633948708,-0.6344009476247652,0.049214477366295695,0.1835150945544807,-0.17324984942821453,0.018842972097466625,0.022075677800963773,False
132,1131,High volatility,Equal weight,0.04984542001518507,-0.8759371819380621,-0.9257826019532472,-0.09061567288099237,0.13221873477667898,-0.1754581106885571,0.014435961667354117,0.018495735214610565,False
132,1131,High volatility,Minimum volatility,-0.3913962429559618,-0.6329891152786188,-0.24159287232265697,-0.01527785658093872,0.0674420610467184,-0.05867173004149884,0.007023914882383235,0.008810822968778468,False
132,1131,High volatility,Maximum Sharpe,0.5684151031060176,-0.510580456282806,-1.0789955593888236,-0.12591732801426958,0.25697858697258635,-0.21717148299035016,0.025579177445349408,0.033571162616337594,True
133,1132,Low volatility,Equal weight,-0.4839094283839575,0.03378706099745225,0.5176964893814098,0.029473292907799875,0.08061875404339255,-0.06320012364520444,0.007806398082409923,0.009791724964637486,True
133,1132,Low volatility,Minimum volatility,-0.025644184753357568,-0.21903120813743762,-0.19338702338408006,0.021009087604600296,0.03693161250220928,-0.049072453663108306,0.0034217762036475897,0.004270698268913157,False
133,1132,Low volatility,Maximum Sharpe,0.13621674942074669,-0.17913856210370144,-0.3153553115244481,0.022185350102527535,0.03841701855161355,-0.050209097616836784,0.0037444240243238664,0.004281473438179417,False
134,1133,Base,Equal weight,0.4326466083254333,1.931290027488448,1.4986434191630147,0.260816915413564,0.1077421962608012,-0.04687338240072847,0.010071236336807126,0.012345674694264508,True
134,1133,Base,Minimum volatility,0.3808375292224108,0.45019387983804027,0.06935635061562945,0.05028362210712989,0.04562665779529674,-0.024911719932242282,0.0042989228171420365,0.005271641102935884,False
134,1133,Base,Maximum Sharpe,0.5319286254339305,1.627019956581512,1.0950913311475814,0.13868181204863506,0.06288335508278392,-0.033902820023966385,0.00611751405948195,0.007137214564704926,False
135,1134,High volatility,Equal weight,0.31562099570202296,1.0512959090952014,0.7356749133931785,0.18772589639779214,0.1456020792924915,-0.12065163461688022,0.01391293027280943,0.01756729254427558,True
135,1134,High volatility,Minimum volatility,0.4596657070144877,0.17849160884883555,-0.2811740981656522,0.04012737706584901,0.0675548267913151,-0.05992411938094888,0.007259486005687897,0.008588180939481566,False
135,1134,High volatility,Maximum Sharpe,0.6830767993653217,0.8291128617944893,0.14603606242916756,0.09314648173591178,0.07517319700174661,-0.06868331068751232,0.007329910287145791,0.008890433202010738,False
136,1135,Low volatility,Equal weight,0.24817173316224544,-0.39641961491048766,-0.6445913480727331,-0.006236120987865412,0.08191735752224232,-0.10591897031707598,0.009118230493549515,0.010915422442297774,True
136,1135,Low volatility,Minimum volatility,-0.01162971154977346,-1.4269644409475661,-1.4153347293977927,-0.02386460534736956,0.037159837003362006,-0.04991750913503423,0.003730529009836008,0.004624138705727105,False
136,1135,Low volatility,Maximum Sharpe,0.6104701626885344,-0.9997103064303193,-1.6101804691188537,-0.12997471946604,0.15657388839159825,-0.28229702525223654,0.01665294796395628,0.02146122728278996,False
137,1136,Base,Equal weight,-0.5454704140198602,0.778515060372204,1.3239854743920643,0.11533388487352014,0.1100063904189893,-0.06825804176204175,0.010955274352948423,0.013515767083317596,False
137,1136,Base,Minimum volatility,-0.5197972003573917,2.4126743209446695,2.932471521302061,0.1575167688403969,0.048887159230447896,-0.019932074083012452,0.004718104054948896,0.005814136475184088,True
137,1136,Base,Maximum Sharpe,-0.16678949176950844,0.6594646841195138,0.8262541758890222,0.15557807899841225,0.20679956533077531,-0.11176429463001547,0.019575521966267048,0.025382468694136944,False
138,1137,High volatility,Equal weight,0.3374511870056868,0.4265425023959904,0.08909131539030357,0.08790011162265632,0.15704220726986784,-0.10878539688128397,0.01604134231389849,0.019005192499521033,False
138,1137,High volatility,Minimum volatility,-0.7895318196752378,0.6080522608421973,1.397584080517435,0.06754172434835515,0.06204016798021289,-0.055451732584290925,0.006265443400316366,0.007872029657474671,True
138,1137,High volatility,Maximum Sharpe,0.5538291547946952,0.1554888372524204,-0.3983403175422748,0.03736349936705019,0.25646969231917033,-0.17234957696234487,0.02455307432591439,0.0325658721459178,False
139,1138,Low volatility,Equal weight,1.3087972327019832,0.12003297730005467,-1.1887642554019286,0.03683536618219119,0.08528203223630441,-0.056868397778765845,0.008076694762208961,0.010457911875794,False
139,1138,Low volatility,Minimum volatility,0.06874994539258357,0.40143970487076985,0.3326897594781863,0.044275137309565116,0.03588949986655527,-0.02323341707021409,0.0034397785340104336,0.0044069769629804505,True
139,1138,Low volatility,Maximum Sharpe,1.4874374553050003,0.15065548459102068,-1.3367819707139796,0.041225455673858935,0.11774396416347459,-0.09689536611473071,0.011154907981513893,0.01398106845765536,False
140,1139,Base,Equal weight,0.03564662105698553,1.896290986815923,1.8606443657589375,0.2753055500688082,0.11625799825396889,-0.055520976969336666,0.009897410466888834,0.012804044650714429,False
140,1139,Base,Minimum volatility,-0.5215710689918172,-2.009966646070069,-1.4883955770782518,-0.06662134579515322,0.04842242040503281,-0.09952511123476149,0.004877625530723517,0.006245947688655265,False
140,1139,Base,Maximum Sharpe,0.22700575689424157,2.7455580437062896,2.518552286812048,0.6824753793276435,0.18512633859885252,-0.0855295745652429,0.01829619630664043,0.022408120387570094,True
141,1140,High volatility,Equal weight,0.3697473783528758,0.6577688454700452,0.2880214671171694,0.12064410403875092,0.1439808105450153,-0.06053451156021683,0.014912048061374254,0.01953589817425008,False
141,1140,High volatility,Minimum volatility,0.03883182379726179,0.6850736630877949,0.6462418392905331,0.07615834940150457,0.06729761379737216,-0.03148948430559784,0.006184271801209433,0.008724424216374342,True
141,1140,High volatility,Maximum Sharpe,0.8904681101344748,0.6035806095312602,-0.28688750060321455,0.12638299861094193,0.17303469429153023,-0.09358131755441856,0.01714710385203911,0.02593623755017501,False
142,1141,Low volatility,Equal weight,0.42691089107112773,-0.740870822941256,-1.1677817140123836,-0.03349021609896363,0.08141880614706937,-0.07485769879222548,0.008491401065636412,0.01038411358006958,False
142,1141,Low volatility,Minimum volatility,-0.08951893727088603,-0.6938249672041827,-0.6043060299332967,0.005082465990372764,0.03444668124874991,-0.02693831971997518,0.003694690226487134,0.004541539027428496,False
142,1141,Low volatility,Maximum Sharpe,0.7276738278237664,-0.09152662626589192,-0.8192004540896584,0.006563718857063527,0.1419088156512258,-0.10584442321231546,0.014258831598338711,0.017933242770892588,True
143,1142,Base,Equal weight,-0.0823975421828701,0.6096133706296877,0.6920109128125578,0.09212270505368747,0.1051034478923167,-0.06015526666132209,0.01016270064462788,0.012904501888645576,False
143,1142,Base,Minimum volatility,0.20017866965053532,0.7379203496726618,0.5377416800221265,0.06740534059477499,0.05003916350976883,-0.038356497278793644,0.0049898388995726056,0.005732840722323154,False
143,1142,Base,Maximum Sharpe,0.44946509883134783,1.0178017918407196,0.5683366930093718,0.1106192600000353,0.07695545775019011,-0.05978199530410366,0.007458359479793628,0.008966495092148556,True
144,1143,High volatility,Equal weight,-0.46856185282008667,0.5533291795822369,1.0218910324023236,0.09865887559845432,0.13243170043466873,-0.1153707313435085,0.013990266560604061,0.016395369055944964,False
144,1143,High volatility,Minimum volatility,0.2959282905871302,0.5434631779387784,0.2475348873516482,0.0648116343614602,0.06504762241841737,-0.05338696308947799,0.005847939351550867,0.0076586261600787384,False
144,1143,High volatility,Maximum Sharpe,0.7168683544377844,1.5573160307786955,0.8404476763409111,0.19148543840165,0.09653774841599962,-0.052583894891883975,0.009269842836183166,0.011422375873012673,True
145,1144,Low volatility,Equal weight,0.7171038929092292,0.04517434468165651,-0.6719295482275727,0.030325167445012235,0.08312666637765932,-0.05328956300138632,0.008078968412679825,0.009538437825845906,True
145,1144,Low volatility,Minimum volatility,0.6808479507407983,-0.23819203247529222,-0.9190399832160905,0.02025075156584477,0.037059947919348864,-0.024555158183268255,0.0035955519926122717,0.004559231333331966,False
145,1144,Low volatility,Maximum Sharpe,1.3384519247663673,0.010049607671833447,-1.3284023170945338,0.02818353749364788,0.0704471070716832,-0.053401084730160586,0.007091019163715527,0.009094072847755395,False
146,1145,Base,Equal weight,0.3192851677029518,-0.9113151986928373,-1.2306003663957892,-0.07629930458220724,0.1125836377082222,-0.10735239992383583,0.012771122167816057,0.015138365847293103,False
146,1145,Base,Minimum volatility,-0.33222838342554095,-0.47663019074289514,-0.1444018073173542,0.0052200431915592205,0.048625862076962414,-0.05924211244758004,0.005209616472419797,0.006036171316841797,False
146,1145,Base,Maximum Sharpe,0.6522997405614114,-0.01028505800063686,-0.6625847985620482,0.007823468519021493,0.1990161798720668,-0.15554104072720043,0.019616799834191737,0.02486543280220164,True
147,1146,High volatility,Equal weight,0.6255637444432559,0.3004626899620951,-0.32510105448116083,0.06747616655789401,0.16311173634449785,-0.15227982210572355,0.017347237554804273,0.021731342940033135,True
147,1146,High volatility,Minimum volatility,0.5331035757846223,-0.6144072178654402,-1.1475107936500626,-0.013598601432961654,0.06678394684001213,-0.08119370198976894,0.006506583052778452,0.008237465099178946,False
147,1146,High volatility,Maximum Sharpe,1.125131365149846,-0.3275665628173111,-1.452697927967157,-0.012353983324428608,0.10983439423600325,-0.13548811072925393,0.012324403623971747,0.01467127371755029,False
148,1147,Low volatility,Equal weight,0.18428257817275412,1.9956567202587876,1.8113741420860334,0.21427744430509543,0.08428075089572337,-0.040515473959661374,0.007405638429787525,0.009474973896067483,True
148,1147,Low volatility,Minimum volatility,-0.6385223753503102,1.3511072228359062,1.9896295981862164,0.08114680648335959,0.03636422721213655,-0.017088083748188487,0.003153843863166583,0.00421848651370045,False
148,1147,Low volatility,Maximum Sharpe,0.7128319407246646,1.1676987704448312,0.45486682972016657,0.2066280357512702,0.1444705370406874,-0.08610884916721928,0.012621079216542014,0.015846830080080518,False
149,1148,Base,Equal weight,0.5018898690336183,-0.22543188883211973,-0.727321757865738,0.0006219893895840212,0.10431878569750375,-0.06301915709257899,0.011116621129059331,0.013297073281845527,False
149,1148,Base,Minimum volatility,0.253476579088328,1.36211689484478,1.108640315756452,0.09930132943347125,0.0486832116653716,-0.04020967127579522,0.004778163353242948,0.006445161237707348,True
149,1148,Base,Maximum Sharpe,0.7091697105607794,0.8036844297778113,0.09451471921703192,0.12174279830855306,0.11430479447105117,-0.07200717955580882,0.01233096534760752,0.015851973361337274,False
150,1149,High volatility,Equal weight,0.29622226633757587,0.6352531637769203,0.33903089743934445,0.12053548455160912,0.15038910610252854,-0.11027729272202524,0.01386027023643328,0.019459216328370058,True
150,1149,High volatility,Minimum volatility,0.19662916344861708,-0.3429704220192178,-0.5395995854678348,0.004657060623784792,0.06626464063142105,-0.04497493609776404,0.0074628005917249385,0.00821585704969979,False
150,1149,High volatility,Maximum Sharpe,0.44960433399087973,0.13857008535194137,-0.31103424863893836,0.03980749588477428,0.12143750301011112,-0.09648021768096304,0.012833563154481966,0.017031678460482036,False
151,1150,Low volatility,Equal weight,-0.4637957484293146,1.3818062948263772,1.8456020432556919,0.14002324549720813,0.07552469134350613,-0.06672326625932101,0.006583192870475598,0.008456007664851346,False
151,1150,Low volatility,Minimum volatility,-0.5370163779488711,2.511781194685839,3.0487975726347103,0.1239874364136262,0.03501882965796885,-0.020127365006644915,0.003087039414910947,0.004145947098710865,True
151,1150,Low volatility,Maximum Sharpe,0.08496760614321174,0.6577206962739112,0.5727530901306994,0.12837224779838818,0.15746095288502934,-0.17539540457563074,0.014939301155694187,0.01936405717978422,False
152,1151,Base,Equal weight,1.385816686568653,-0.22480009906723347,-1.6106167856358864,-0.003049283150544424,0.11551676228762243,-0.10481720618135981,0.01236646556496103,0.014895352850371869,False
152,1151,Base,Minimum volatility,0.6533009012057697,-0.7106985534275059,-1.3639994546332757,-0.007916058474788823,0.050955866247177566,-0.09038373236799047,0.005062745689052333,0.006835376860687008,False
152,1151,Base,Maximum Sharpe,1.640132088727614,0.051695857931941286,-1.5884362307956728,0.028387449898896078,0.1282865932742386,-0.1324771689121732,0.013296686503125252,0.01717436412090457,True
153,1152,High volatility,Equal weight,0.9834090549591527,-1.2148226089414145,-2.1982316639005672,-0.12580538227740656,0.12824045203041612,-0.17095217757606307,0.012971419165613366,0.016152948250921704,False
153,1152,High volatility,Minimum volatility,-0.9320700299216171,-1.1120041648776446,-0.1799341349560275,-0.047644718006061515,0.06838293351285941,-0.11147124402863351,0.006466633391031778,0.009543180391519622,False
153,1152,High volatility,Maximum Sharpe,1.4017948780561054,-0.7218193945873406,-2.123614272643446,-0.15390964817666608,0.23453279010236217,-0.2449801187353059,0.022945869495575255,0.028311848627484586,True
154,1153,Low volatility,Equal weight,0.12447617550932509,-0.01157354896450505,-0.13604972447383015,0.026275881811153035,0.07447325904479528,-0.08561314695113731,0.007378952921023483,0.009353157714860526,False
154,1153,Low volatility,Minimum volatility,-0.20059254851065075,0.5675194897956581,0.7681120383063089,0.05113121286100797,0.03699019471352703,-0.024210665405200116,0.003611203244827872,0.004596046419272248,True
154,1153,Low volatility,Maximum Sharpe,0.8342450687032416,0.27949860517707686,-0.5547464635261647,0.06315003746305625,0.15742939285572913,-0.13438263724983845,0.01525701492071894,0.018657839497392994,False
155,1154,Base,Equal weight,0.2962840112029253,1.0967446307917674,0.8004606195888422,0.16411666079380494,0.11795451591507926,-0.09365010164365617,0.011326402031361342,0.013336171312677076,False
155,1154,Base,Minimum volatility,-0.11691860420231077,0.7834870869244703,0.9004056911267811,0.06840406224658535,0.0482081891460827,-0.037800776396010094,0.004379693540532019,0.005363084605556798,False
155,1154,Base,Maximum Sharpe,1.0858317487391622,1.3074510096697398,0.2216192609305776,0.3186551321069879,0.2050659924981645,-0.17720207457737858,0.02008621995565026,0.02405518471764762,True
156,1155,High volatility,Equal weight,0.24840818038570506,0.032893709365860876,-0.21551447101984417,0.02431136721516447,0.14356736655179175,-0.16957696630597685,0.016044929397070404,0.01827365451037641,False
156,1155,High volatility,Minimum volatility,0.0782925564631482,-0.2888307669778335,-0.3671233234409817,0.009792318951839851,0.061981890293679655,-0.06826090055601997,0.006678103881017239,0.007986078328141312,False
156,1155,High volatility,Maximum Sharpe,0.4650522369813135,0.4214905397276499,-0.0435616972536636,0.07207557741418347,0.10905671617764393,-0.07987966293631366,0.01163093897312094,0.013114697858251709,True
157,1156,Low volatility,Equal weight,0.503243079354121,0.9532620729574841,0.45001899360336306,0.11014780888474496,0.08215400929833204,-0.07900470144795702,0.007863338128745026,0.010470679067066873,True
157,1156,Low volatility,Minimum volatility,0.17370550341754581,-0.504876911258645,-0.6785824146761907,0.010701335255775213,0.03617537209972466,-0.03785258081382881,0.003680079896327708,0.004578473657055446,False
157,1156,Low volatility,Maximum Sharpe,1.013759262435886,0.346602524879727,-0.667156737556159,0.06191673281925181,0.10340979249521648,-0.13137893522715371,0.009687846649403718,0.012619917001253688,False
158,1157,Base,Equal weight,0.21788329392680783,1.1597768623995255,0.9418935684727177,0.1478316215823272,0.09750585241908824,-0.07101299538799766,0.010030163639244626,0.012312859363943654,False
158,1157,Base,Minimum volatility,-0.0022234163680023614,1.3476263014979148,1.3498497178659172,0.09943047520038939,0.04931702674676637,-0.0284936427335013,0.004964541100761525,0.006557690011736143,True
158,1157,Base,Maximum Sharpe,0.4336883937800186,0.7425356473359678,0.30884725355594916,0.10451169923131753,0.10091744762072491,-0.07252718330964125,0.010601598428139535,0.01294329128688735,False
159,1158,High volatility,Equal weight,0.44352858057324557,0.7826161111721214,0.3390875305988758,0.13671834623787427,0.13813935784889575,-0.0883862214536949,0.01316159799619166,0.015961890897432822,False
159,1158,High volatility,Minimum volatility,1.4221662665017831,1.7304143602298652,0.30824809372808204,0.1492712657408395,0.06453928885378137,-0.0374155355429443,0.006488750891849309,0.007612450427881672,True
159,1158,High volatility,Maximum Sharpe,1.4816997984559814,1.6270778680817422,0.14537806962576072,0.14718615842291616,0.06764744210212398,-0.04098482596684527,0.006551817827217476,0.008238287902999563,False
160,1159,Low volatility,Equal weight,0.05559520248539236,0.38002467651656446,0.3244294740311721,0.0591583611202382,0.0823589459173752,-0.07835917692215211,0.008213737278575321,0.010505584224872954,False
160,1159,Low volatility,Minimum volatility,-0.08047142253499631,-0.1448392990428627,-0.06436787650786638,0.023672316526821335,0.03767188314481548,-0.021325294235146952,0.003793554414637795,0.00426278611706737,False
160,1159,Low volatility,Maximum Sharpe,0.4712881629768894,0.41482387156592365,-0.05646429141096576,0.07109521428930443,0.10843580886202195,-0.12320639273151168,0.010557936745465221,0.013266837177914369,True
161,1160,Base,Equal weight,-0.143595234019357,1.7133222212529244,1.8569174552722814,0.24601437546373228,0.11502354029482056,-0.08273880953475332,0.011945692653770624,0.01516048672978676,True
161,1160,Base,Minimum volatility,-0.39594799340582326,-1.538101654401207,-1.1421536609953837,-0.04334393978938933,0.04730070890632896,-0.053531082916809525,0.005169085350970035,0.006625460758010302,False
161,1160,Base,Maximum Sharpe,0.2391770281650897,1.5870646223634837,1.3478875941983939,0.36529945498970995,0.18890352642817734,-0.13188839788523887,0.020057430247667225,0.02556040509359729,False
162,1161,High volatility,Equal weight,1.5140832717971444,0.03828547564357244,-1.475797796153572,0.024851863748540204,0.1458104419123172,-0.12351593402895644,0.014515825463954517,0.019163191975414384,True
162,1161,High volatility,Minimum volatility,0.5290569446620861,-0.17645975178487716,-0.7055166964469632,0.015342212673421507,0.06813467082804109,-0.05189518284444539,0.006685664663048712,0.008240668192280011,False
162,1161,High volatility,Maximum Sharpe,1.6042960605538388,-0.3609933857913954,-1.9652894463452342,-0.05172924084148489,0.18285834493562758,-0.19783089728600745,0.020048114850163647,0.024224336370189066,False
163,1162,Low volatility,Equal weight,0.8655663952407576,1.131316376451214,0.26574998121045634,0.12475325377259328,0.0806805957139645,-0.03888119073212093,0.007216015222489828,0.010789433500010884,False
163,1162,Low volatility,Minimum volatility,0.8314361180764226,1.2387503718954127,0.4073142538189901,0.0777401611128441,0.037137208138031966,-0.035070812448302235,0.0035829539642774516,0.00460050158149379,True
163,1162,Low volatility,Maximum Sharpe,1.1819615977130828,1.119949216985732,-0.062012380727350935,0.09315909217996365,0.054471288435546814,-0.04226329574214338,0.005368570057929661,0.00693372611916302,False
164,1163,Base,Equal weight,0.1001868449604399,-0.011152527209407646,-0.11133937216984754,0.02357771650585483,0.101416954162955,-0.09435299423108301,0.01084102718953927,0.01356991430341218,False
164,1163,Base,Minimum volatility,-0.21702284727242002,-0.4015824923362899,-0.18455964506386988,0.008313546826261842,0.04990264124704327,-0.0713454584237252,0.005671215679610364,0.00731953860932858,False
164,1163,Base,Maximum Sharpe,0.25989957236818617,0.05764399380251484,-0.20225557856567133,0.02100151061487443,0.20276012037334873,-0.18394646442487828,0.020638021433328886,0.025437174940910485,True
165,1164,High volatility,Equal weight,0.3339058400321893,-0.5705087064831124,-0.9044145465153017,-0.05576001951770437,0.13618769544528,-0.1362263432159777,0.014775770015220688,0.01822474179205924,True
165,1164,High volatility,Minimum volatility,-0.15303645230893267,-1.1367480280746998,-0.9837115757657671,-0.041211632771115836,0.061373286175565187,-0.08682948310264171,0.0068192490243184556,0.008055073383685975,False
165,1164,High volatility,Maximum Sharpe,0.5323696639020605,-1.2608879757776845,-1.793257639679745,-0.24114892053021553,0.2225903839182616,-0.28985196191602003,0.023076463688516766,0.030851947242027,False
166,1165,Low volatility,Equal weight,0.38338481628714843,1.7469302481722906,1.363545431885142,0.1866480469728451,0.08304012469516446,-0.06992866955905819,0.008237219869554023,0.010999512542000874,True
166,1165,Low volatility,Minimum volatility,0.1045683852246445,0.8788632765784138,0.7742948913537693,0.0641544770710889,0.03793989140004145,-0.018224825872516948,0.003476100553923988,0.004075660592083769,False
166,1165,Low volatility,Maximum Sharpe,0.5111643126577994,0.9690043755311747,0.4578400628733753,0.15284798898329965,0.12426089066579782,-0.056064636705980386,0.013279813022683865,0.016589747006828623,False
167,1166,Base,Equal weight,1.5316589020828648,0.38640927500168515,-1.1452496270811796,0.06801481095068418,0.10915736623260994,-0.08221224423733287,0.010638334612796787,0.013894412800124233,True
167,1166,Base,Minimum volatility,0.8984734928418483,-1.3216173855774682,-2.2200908784193167,-0.03397062341523993,0.04765954361070738,-0.07120917160796836,0.005022595605643986,0.006152428242629985,False
167,1166,Base,Maximum Sharpe,1.5831603507034036,0.10618226015365838,-1.4769780905497452,0.03567550396284558,0.08837545351745715,-0.07355021345551205,0.008751369236514737,0.010824822005510808,False
168,1167,High volatility,Equal weight,-0.7831116664164178,-2.8459163160937546,-2.0628046496773367,-0.28649478893621605,0.12613490144871858,-0.301298088754839,0.01386473756952038,0.017430272416824908,False
168,1167,High volatility,Minimum volatility,-1.0441116096350969,-0.4007861954385386,0.6433254141965583,0.0015372318073219038,0.06471882463442286,-0.07215329348501032,0.006420204492011251,0.007939037667435738,True
168,1167,High volatility,Maximum Sharpe,-0.3574214201163449,-1.9775015627678263,-1.6200801426514815,-0.4381638356876626,0.28560773577301657,-0.45183118386680277,0.031768507156683175,0.03740307585918667,False
169,1168,Low volatility,Equal weight,-0.16421790702913222,-0.06757507477913641,0.09664283224999581,0.021624404763481264,0.0770613579888933,-0.07386927285358458,0.007638624438259855,0.009821485058689593,True
169,1168,Low volatility,Minimum volatility,0.3442712352312119,-0.4883047806045511,-0.832576015835763,0.011120248162225899,0.03652827929730913,-0.04274628853469287,0.003529922492554662,0.004485992374953831,False
169,1168,Low volatility,Maximum Sharpe,0.4503116904852787,-1.1266373120378785,-1.5769490025231572,-0.0184434852929638,0.04198107903817341,-0.058822135776231854,0.0045317381075254005,0.00558344067329509,False
170,1169,Base,Equal weight,0.08931244034231571,0.7956272860033823,0.7063148456610666,0.11154572490197467,0.10233464261027868,-0.05483062631751712,0.008835527927435489,0.011383032951635067,False
170,1169,Base,Minimum volatility,-0.23974892060482028,0.8100880198115191,1.0498369404163395,0.0700149265949781,0.04850365775200974,-0.041059739040378296,0.004572440636688874,0.005493155698621128,True
170,1169,Base,Maximum Sharpe,0.5786836687380585,-0.07375229173460601,-0.6524359604726646,-0.0002211193849477322,0.18162146157730913,-0.18781202030313515,0.016935268322459004,0.019539440889041727,False
171,1170,High volatility,Equal weight,0.5192088627279267,-1.9291738324779524,-2.448382695205879,-0.209755590156799,0.13274264550242265,-0.27215944574230144,0.014621511704506934,0.01795378281264209,False
171,1170,High volatility,Minimum volatility,-0.5825339540571591,-0.8740581225086191,-0.29152416845146,-0.030102820343218872,0.0662839226004433,-0.08397652614217033,0.007050183059229614,0.008589273556022313,True
171,1170,High volatility,Maximum Sharpe,0.82193305035479,-1.3516865173109738,-2.1736195676657637,-0.19222501133039027,0.16917664526891982,-0.2899210977868326,0.017563000547520708,0.02294338914839037,False
172,1171,Low volatility,Equal weight,0.39890526666492665,1.6202511233310861,1.2213458566661595,0.1594202911975895,0.07479602205791504,-0.06411682338051139,0.007516896393345811,0.009229440976258432,True
172,1171,Low volatility,Minimum volatility,0.7397141850157305,0.12849279632430985,-0.6112213886914206,0.034214132891828175,0.037122517961850385,-0.03659987496139083,0.003713673173942355,0.004820473148439013,False
172,1171,Low volatility,Maximum Sharpe,1.0353046081929096,0.4911118268680831,-0.5441927813248265,0.054492150508476556,0.050438986523962274,-0.05497444974609067,0.005076606940509759,0.006158206231552525,False
173,1172,Base,Equal weight,0.056121014409164754,-0.6915870516931166,-0.7477080661022814,-0.04896159970810887,0.10706923392178548,-0.12376424793927565,0.010865651574966486,0.013383230434274447,False
173,1172,Base,Minimum volatility,0.2583700883556649,0.9740182394815708,0.715648151125906,0.07948791458335402,0.049439447108285815,-0.03912240733711736,0.004895097364728578,0.005877890717537577,True
173,1172,Base,Maximum Sharpe,0.5122753780646616,-0.4066137394137475,-0.9188891174784091,-0.009962320452682083,0.08786540604699991,-0.07431977458985561,0.009436118080696951,0.011039913724846149,False
174,1173,High volatility,Equal weight,1.0036059483443789,-0.8045947610370803,-1.8082007093814592,-0.08886948166780773,0.14022362348223275,-0.17167347867195104,0.014243978684799673,0.017422288975285603,False
174,1173,High volatility,Minimum volatility,0.47987418488021893,-0.44041510052968846,-0.9202892854099074,0.00010160072952758448,0.06247298348374123,-0.07340867476443624,0.006576284211837419,0.008920370073529518,False
174,1173,High volatility,Maximum Sharpe,1.1116819229254613,-0.1438517437484856,-1.255533666673947,-0.00603997816579982,0.15957819132272363,-0.14153251151682278,0.0164129772241746,0.019146134114092137,True
175,1174,Low volatility,Equal weight,1.2631795679573878,0.05047989460197647,-1.2126996733554114,0.0309582824844592,0.07714693178962267,-0.06185393416279572,0.007805768367135316,0.009457683596310358,True
175,1174,Low volatility,Minimum volatility,0.30794549899784934,-0.2872269268823697,-0.5951724258802191,0.017701896095895897,0.0391642846668469,-0.03360349169527177,0.004324754125973312,0.00500832039984097,False
175,1174,Low volatility,Maximum Sharpe,1.5808418380946472,-0.9531966015503895,-2.5340384396450366,-0.11199252582864028,0.1446485342161965,-0.16921142168053838,0.015458830625630568,0.018146339549189025,False
176,1175,Base,Equal weight,0.14600745037419974,1.612460562819166,1.4664531124449662,0.21598676972694708,0.10649204315761535,-0.048310715564284235,0.009227047528282234,0.012027072296217698,False
176,1175,Base,Minimum volatility,-0.8350812288665922,2.7011447853784385,3.5362260142450306,0.1760447826975846,0.04956072145901765,-0.04162405659067292,0.004324283683798274,0.005443903051075398,True
176,1175,Base,Maximum Sharpe,0.8004087692855788,1.4348151434159895,0.6344063741304107,0.32952574510383204,0.1906313480116192,-0.11105131655734868,0.018736076387842696,0.024485212774368974,False
177,1176,High volatility,Equal weight,0.24373712261380015,-0.4468351658226159,-0.690572288436416,-0.04486079812671684,0.14530748740970445,-0.1633735645545762,0.016267767914089404,0.01923829289847078,False
177,1176,High volatility,Minimum volatility,-0.2445386473623341,1.7861381829057774,2.0306768302681117,0.16106764661302364,0.06838986846684247,-0.04872764622746517,0.007157668611206401,0.00867176641017283,True
177,1176,High volatility,Maximum Sharpe,0.558713378903722,-0.3845607115002434,-0.9432740904039654,-0.039906088861679345,0.15261957597781906,-0.14667062680512233,0.015509139395827893,0.018394518629079218,False
178,1177,Low volatility,Equal weight,-0.047073886097312855,0.043276138189433516,0.09035002428674638,0.030236892832588458,0.08120815451780679,-0.05352212103049547,0.008025495746858596,0.010530211736816385,False
178,1177,Low volatility,Minimum volatility,-0.08486679910875418,-1.8992026779116815,-1.8143358788029273,-0.038243518649349384,0.03575966632539975,-0.04614746699635408,0.0038000291317087484,0.004489720882836432,False
178,1177,Low volatility,Maximum Sharpe,0.4866662057933933,1.1288097013297633,0.6421434955363701,0.1316537568643239,0.08672177679414102,-0.05937522506913728,0.007750714423549753,0.010098153114608658,True
179,1178,Base,Equal weight,0.6787672615035502,3.0636585008214348,2.3848912393178847,0.438487706725718,0.11112220596944151,-0.05282014951959746,0.010613832718914647,0.013702229893021193,True
179,1178,Base,Minimum volatility,-0.5783821186441173,2.180665425106149,2.759047543750266,0.13939059380840102,0.046800971534576824,-0.03410464249900824,0.004171695119443221,0.00586576206941535,False
179,1178,Base,Maximum Sharpe,1.086397061254091,2.430436673973966,1.3440396127198748,0.4576746567941954,0.14746340742547379,-0.07706642234502747,0.013674924779688362,0.018252528629111753,False
180,1179,High volatility,Equal weight,-0.5656943189533853,1.4381028843069532,2.0037972032603384,0.25530412656477997,0.14487844458828023,-0.08034689849927945,0.012994962249451262,0.015414761971161744,False
180,1179,High volatility,Minimum volatility,0.09635266889003864,2.3954205124720866,2.299067843582048,0.19777416283921934,0.06387140818245614,-0.02536417855593298,0.005664936561662689,0.00747354571794961,True
180,1179,High volatility,Maximum Sharpe,0.2613999305023011,1.23925682510722,0.9778568946049189,0.11973170937792621,0.06935441963427223,-0.039842332953123005,0.006745097096192414,0.007993723795607264,False
181,1180,Low volatility,Equal weight,-0.05248089402264874,2.3747702508570496,2.4272511448796985,0.24513463398213764,0.08129953725680056,-0.058605218867282094,0.008284833247359546,0.009763345162930485,True
181,1180,Low volatility,Minimum volatility,0.23054636842002113,0.10131873479872353,-0.1292276336212976,0.033191839689211466,0.037427951863383484,-0.027471355197937974,0.004184788823237473,0.004775338425838762,False
181,1180,Low volatility,Maximum Sharpe,0.665216576331639,-0.29814993573502546,-0.9633665120666645,-0.0001902541497306176,0.08710968067707962,-0.11568318237614672,0.007854430792596494,0.011348330859791794,False
182,1181,Base,Equal weight,0.2549390600432717,-0.6568246102060925,-0.9117636702493642,-0.052745836066454,0.11710297216652593,-0.15040633404052606,0.012564349146530797,0.015012435963768035,True
182,1181,Base,Minimum volatility,-0.13925230151576956,-0.9245371371170824,-0.7852848356013129,-0.01634492411547228,0.048529760038495344,-0.057936328849960805,0.004651557523424737,0.005777180470308234,False
182,1181,Base,Maximum Sharpe,0.6376361919254314,-0.6871087399596197,-1.3247449318850513,-0.09822997270954481,0.1720484334007003,-0.2335563879183844,0.017982840693542924,0.021240763194768805,False
183,1182,High volatility,Equal weight,0.019586849793542097,-0.23099670249608636,-0.2505835522896285,-0.01062493851184021,0.1349432537879895,-0.16680388843352822,0.014650706691229238,0.018051014928165767,False
183,1182,High volatility,Minimum volatility,0.8763942216119445,1.0596456843328694,0.18325146272092496,0.09948121313021607,0.06351540243690006,-0.03987999719883639,0.005977492586754661,0.007709744659255489,False
183,1182,High volatility,Maximum Sharpe,1.0807572262036926,1.1638206462158545,0.08306342001216183,0.11524165528127961,0.0704618287316065,-0.04227613692976662,0.006074726325127375,0.008604635408779947,True
184,1183,Low volatility,Equal weight,1.201381410585587,0.7690239904790634,-0.43235742010652345,0.09202303980245818,0.08021659069520397,-0.05458470254972714,0.007290080833956935,0.009639023262838822,True
184,1183,Low volatility,Minimum volatility,1.0976631318711574,-0.23235510593121142,-1.3300182378023688,0.020376864234109116,0.037403575180004846,-0.03577708085933473,0.003969410581285732,0.00488372118061184,False
184,1183,Low volatility,Maximum Sharpe,1.433061988176858,0.4828530542016466,-0.9502089339752114,0.053465240779501766,0.04915011197078767,-0.03103105972412379,0.004710182394353923,0.00591173622011219,False
185,1184,Base,Equal weight,-0.49257691173418766,-0.16740187542600551,0.3251750363081821,0.0058347192389764935,0.10747253676733616,-0.07702804234458316,0.01077590701309158,0.012878053162883605,True
185,1184,Base,Minimum volatility,-0.7414889305074671,-0.665896831967445,0.07559209854002213,-0.002472244640485677,0.04649352745665705,-0.05148754783312015,0.004349882193729659,0.005379878749664186,False
185,1184,Base,Maximum Sharpe,0.09316091097639627,-0.7616958138894322,-0.8548567248658284,-0.1294449971709073,0.19569700365068424,-0.20240917775198108,0.020517467720190787,0.024896759354281157,False
186,1185,High volatility,Equal weight,-0.41903215369170876,1.0586001463552062,1.477632300046915,0.18645738574301807,0.14326588450830313,-0.07162879483470919,0.01376217704295041,0.0163027712616474,False
186,1185,High volatility,Minimum volatility,-0.5775271444964635,1.625050019231161,2.2025771637276246,0.13571857866492243,0.06129575129034584,-0.037019403400549766,0.006393711851585931,0.007735464609127227,True
186,1185,High volatility,Maximum Sharpe,0.3706690039698475,0.6186821747830935,0.24801317081324603,0.13193583384691143,0.17813203336308842,-0.09986539027657593,0.01782357832762842,0.02275623751716426,False
187,1186,Low volatility,Equal weight,0.3984292095925643,0.4588084189906656,0.06037920939810132,0.06400059984861839,0.077280812567408,-0.05447920023915531,0.007631145332687611,0.009547891305663888,True
187,1186,Low volatility,Minimum volatility,-0.350292287160126,-0.17754267983427466,0.17274960732585135,0.023071340249515515,0.03465303193354522,-0.0341899659262489,0.003279216767349756,0.004280666518731235,False
187,1186,Low volatility,Maximum Sharpe,0.5870868065377084,0.4441574916930146,-0.1429293148446938,0.0697399163793504,0.09546968590872607,-0.07727408530936952,0.010032532633444858,0.011679604241279954,False
188,1187,Base,Equal weight,0.3654658903845622,0.014696117539608903,-0.35076977284495325,0.025023207781861956,0.11442012708416271,-0.08205013597289657,0.011679517721714288,0.01555075569969128,True
188,1187,Base,Minimum volatility,-0.29257895338396595,-1.2799871041043875,-0.9874081507204215,-0.0326267150183045,0.04810726714160367,-0.056278029148426056,0.0048168936348496,0.006383077239175869,False
188,1187,Base,Maximum Sharpe,0.7615028158644225,-0.7106201701510376,-1.47212298601546,-0.06511942234617873,0.12533830958904593,-0.13491620664616255,0.013070254545678174,0.015899922893676834,False
189,1188,High volatility,Equal weight,-0.47936462186606127,1.290933341251043,1.7702979631171043,0.23332306066984598,0.1480735015796732,-0.07083123089558663,0.014416359282041378,0.018564659564888064,True
189,1188,High volatility,Minimum volatility,-0.1873259291305117,0.12616422613113443,0.31349015526164614,0.03641893446852973,0.06691716328997768,-0.044664286995789615,0.006524611668502396,0.00829683142936243,False
189,1188,High volatility,Maximum Sharpe,0.3765312624520336,0.8400661520556814,0.46353488960364775,0.17082628382053588,0.1696420258233695,-0.126233123526727,0.016545490063146265,0.019460756725825614,False
190,1189,Low volatility,Equal weight,0.43480206343889694,1.7786401355565646,1.3438380721176677,0.18858396472567907,0.08244761307621551,-0.044780014040354255,0.008147015588248024,0.010041310925743008,True
190,1189,Low volatility,Minimum volatility,0.02651253490976384,-0.3285820252665004,-0.35509456017626423,0.01756589391113006,0.035099935900263515,-0.02452749761954709,0.003466974088241009,0.004270087966971199,False
190,1189,Low volatility,Maximum Sharpe,0.6852959946184555,0.3684360869968304,-0.3168599076216251,0.06891070143679268,0.12018429976061937,-0.09063830100188808,0.012303733452076254,0.015100413696023654,False
191,1190,Base,Equal weight,1.170583008474371,0.033497527145563505,-1.1370854813288074,0.028083182395677087,0.10355158312762562,-0.10429212711059288,0.009227903980106093,0.012173350099996,False
191,1190,Base,Minimum volatility,0.9063302279592763,0.7031571277800724,-0.20317310017920387,0.06179346135975439,0.044652855914535244,-0.030255937018445755,0.0041145949776672935,0.004935017511895546,True
191,1190,Base,Maximum Sharpe,1.454348892283848,-0.020834545323479774,-1.4751834376073276,0.02605546750060661,0.06935629650026093,-0.0719535635980455,0.0065933750030479354,0.007951905851296015,False
192,1191,High volatility,Equal weight,0.42982886413008314,-2.361791806910861,-2.791620671040944,-0.2633431144551305,0.13783066778425326,-0.3277233372300402,0.01578521091787131,0.019308470829463485,False
192,1191,High volatility,Minimum volatility,0.7587978369186508,-0.7234371000726826,-1.4822349369913335,-0.016812809754634284,0.06167855377641053,-0.09045441525763953,0.006751927760850705,0.008030018151675016,True
192,1191,High volatility,Maximum Sharpe,1.1580840099672098,-0.9037281880800575,-2.0618121980472672,-0.03690477837261963,0.07149687941169484,-0.09576883927309343,0.007488225017565501,0.009538489313706275,False
193,1192,Low volatility,Equal weight,0.2451617877994656,1.3390348741152656,1.0938730863158,0.1478342127195018,0.083511196181509,-0.07637260434850202,0.008360921636178574,0.009705860497751736,True
193,1192,Low volatility,Minimum volatility,-0.18118157597332213,0.803230063760779,0.9844116397341012,0.05916803378451374,0.03555537005260974,-0.02495925460375248,0.0036880016571492467,0.004195721136276693,False
193,1192,Low volatility,Maximum Sharpe,0.5452264114800963,1.1820033474153397,0.6367769359352434,0.23177159769429312,0.1625554711555415,-0.14332454910149284,0.0160179151904949,0.020545123192286203,False
194,1193,Base,Equal weight,0.29227616010692153,0.6703418308580722,0.37806567075115066,0.10504578706171563,0.11470572580809929,-0.16883219175565967,0.011033893395056008,0.013463673757115853,False
194,1193,Base,Minimum volatility,-1.0050889996562293,1.0762161171928104,2.0813051168490397,0.08050812210646141,0.0454470977744911,-0.025687915231332847,0.003939487159518318,0.005226724165655044,True
194,1193,Base,Maximum Sharpe,0.7050132746675757,0.5518397585452448,-0.15317351612233088,0.12150408809348301,0.18522765420536774,-0.22497495896850672,0.017498212557208136,0.021538085090083346,False
195,1194,High volatility,Equal weight,0.2702389439067049,-0.2796004393499061,-0.549839383256611,-0.02353503346983221,0.1505273312803952,-0.16990717510288478,0.016467488265058776,0.02028489325278101,False
195,1194,High volatility,Minimum volatility,-0.045317055734866725,-1.303268479102219,-1.2579514233673523,-0.054983479767606425,0.06448153138995516,-0.09694641596090436,0.006717441169457519,0.007888041937124028,False
195,1194,High volatility,Maximum Sharpe,0.6301006667253147,0.08827765717262552,-0.5418230095526892,0.02078347453294538,0.24920409433804902,-0.2404987085644289,0.02871764114966758,0.03529700330530319,True
196,1195,Low volatility,Equal weight,1.2711369130020342,2.2351812472126533,0.9640443342106191,0.23732414516282785,0.0836452281881791,-0.042092976932721515,0.007601834563042097,0.010102740438691579,True
196,1195,Low volatility,Minimum volatility,0.33675505368702296,0.06861866470969315,-0.26813638897732983,0.03192919681539452,0.03744048935223245,-0.02660886229855186,0.003364382792871773,0.004469598038414744,False
196,1195,Low volatility,Maximum Sharpe,1.4611689108595693,2.0078551632582435,0.5466862523986742,0.27113315296244633,0.10769342020242124,-0.0765162621243124,0.010470260871227549,0.012779029955382869,False
197,1196,Base,Equal weight,-0.4441763693654076,-0.6093129313572277,-0.16513656199182014,-0.035810122014504064,0.10015544957589223,-0.14301437589964283,0.010192378202015663,0.013215637321109685,False
197,1196,Base,Minimum volatility,-0.50280009784614,1.1676640740061566,1.6704641718522966,0.08735967306781323,0.047379373796688475,-0.03825498046562614,0.004498320564737973,0.005866293020494155,True
197,1196,Base,Maximum Sharpe,-0.15574979572108683,-0.15513154291578501,0.000618252805301811,-0.016539362296214777,0.1865016385881883,-0.2500210093491204,0.017624295856899456,0.022364425830789476,False
198,1197,High volatility,Equal weight,0.6119258938659594,1.2393166673645342,0.6273907734985747,0.23248076173952348,0.15447626937853226,-0.09752177884508662,0.01489547297360405,0.019443477666103437,True
198,1197,High volatility,Minimum volatility,-0.0732943572841814,0.011113093526595237,0.08440745081077664,0.028538071770660478,0.06572265504874439,-0.052184566996372195,0.006712929392936847,0.008465480228746235,False
198,1197,High volatility,Maximum Sharpe,0.9954688408257133,-0.07135536615035641,-1.0668242069760696,0.007432714262962881,0.15107067893151718,-0.12746107985491462,0.01565289100634863,0.019479310767552913,False
199,1198,Low volatility,Equal weight,0.05573834071582928,-0.5974928042274802,-0.6532311449433095,-0.020738956856772184,0.07930482601869761,-0.07758067899281196,0.008079045364084197,0.010323724041542777,False
199,1198,Low volatility,Minimum volatility,0.6582487223537778,-0.7235086487609035,-1.3817573711146813,0.0023352524060387125,0.036706227089810986,-0.032457793576421756,0.003719231690172164,0.004403510497200695,False
199,1198,Low volatility,Maximum Sharpe,0.8724651013951382,-0.36041397863399577,-1.232879080029134,0.014049238305637646,0.040987410367198426,-0.03841187888571118,0.0041685253283531174,0.004875355413197348,True
200,1199,Base,Equal weight,1.3498048195698709,0.19308624309640016,-1.1567185764734706,0.04625570476068508,0.11543712560952689,-0.16648970072824,0.011172558349683668,0.013872568589164448,True
200,1199,Base,Minimum volatility,0.7489105622131882,-0.6632108805450526,-1.4121214427582407,-0.005426374845341142,0.050835981263906184,-0.07585254470506941,0.00511555312783871,0.00624149401404457,False
200,1199,Base,Maximum Sharpe,1.5822531745820718,-0.3598601176973574,-1.942113292279429,-0.011587974265488632,0.10055502102052906,-0.1536744163124254,0.009871344754936845,0.01156766298882199,False
201,1200,High volatility,Equal weight,0.16480453825856567,0.5381536516433154,0.37334911338474974,0.10199964296842912,0.14503128186590838,-0.12084160919463649,0.013575810832320425,0.017368762161173692,True
201,1200,High volatility,Minimum volatility,0.3078205299817598,-2.0672184339416013,-2.375038963923361,-0.1096577957197793,0.06931605332302285,-0.1096577957197793,0.007676192678223758,0.008680743693155687,False
201,1200,High volatility,Maximum Sharpe,0.5948875359442052,-0.4222782332227179,-1.0171657691669231,-0.0183366975793966,0.10164824928156756,-0.08928864561666239,0.00964140929802751,0.01177771091014105,False
202,1201,Low volatility,Equal weight,0.22963708454768836,1.9481406866466386,1.7185036020989504,0.20083923939629833,0.08045866588328135,-0.04530055394689636,0.007730248273594559,0.009159564037566237,False
202,1201,Low volatility,Minimum volatility,0.600258391307153,2.3354428526845044,1.7351844613773513,0.11910271577128628,0.035809016470415206,-0.012545228248023399,0.003021818646037887,0.0039059655617899036,True
202,1201,Low volatility,Maximum Sharpe,0.7177252150639343,1.9150163929957795,1.1972911779318451,0.11244632953929345,0.04065019404108536,-0.017414151734214345,0.0037893774697710597,0.004413089201100387,False
203,1202,Base,Equal weight,0.8938976288176449,1.6372285610244885,0.7433309322068437,0.2365930538142773,0.11578065872893947,-0.05992401297433325,0.010847638405649574,0.01445783159625357,True
203,1202,Base,Minimum volatility,1.3161835704421985,0.9343103233022255,-0.38187324713997295,0.07775418148073854,0.04984129971486965,-0.03127260841142865,0.004868950666954327,0.006482749472804609,False
203,1202,Base,Maximum Sharpe,1.8461568943285174,1.4538155572663132,-0.3923413370622042,0.12325195161405023,0.060902280868419346,-0.03318374869926399,0.0058065828325999476,0.007703797218370847,False
204,1203,High volatility,Equal weight,0.32503096866095715,0.6032456689258405,0.2782147002648834,0.10838058211178536,0.1371316043941927,-0.08860402027886416,0.013874214350848135,0.01758532474602872,True
204,1203,High volatility,Minimum volatility,-0.04287743477469209,0.3210092447688145,0.36388667954350656,0.048516204821069886,0.06134472520426911,-0.06435753059210847,0.00514638345458015,0.0069457574405609864,False
204,1203,High volatility,Maximum Sharpe,0.7573652735130273,0.012962448065628976,-0.7444028254473983,0.020185078422114033,0.1522564157990959,-0.1299354451862199,0.01473895818376321,0.019500898811612714,False
205,1204,Low volatility,Equal weight,0.5697853738513157,1.1884076770095564,0.6186223031582407,0.1354740660462408,0.08509342929202,-0.10671364391908311,0.008218800529347309,0.010738313641153963,False
205,1204,Low volatility,Minimum volatility,-0.251576777450733,0.6701295156179927,0.9217062930687256,0.05541582627602226,0.03742169786126187,-0.023758527181171885,0.0038185481933860886,0.004668760755387102,False
205,1204,Low volatility,Maximum Sharpe,0.8452597001663193,1.2240264887628993,0.37876678859658,0.15726220438915783,0.09921179670924145,-0.15117095192675822,0.00888588287124224,0.011780985428170675,True
206,1205,Base,Equal weight,1.4159217938998772,0.1389742819396952,-1.276947511960182,0.03950965148882468,0.1078138924677608,-0.10888223579914047,0.011233927455482105,0.013858958076841087,True
206,1205,Base,Minimum volatility,1.3549411554250201,-0.6922656180068568,-2.047206773431877,-0.0051588395457676794,0.04848158649390166,-0.04613633291737573,0.004956830543425866,0.006180750981247929,False
206,1205,Base,Maximum Sharpe,1.6349452401618938,-0.18451642134342083,-1.8194616615053145,0.01740748552654603,0.05769013345634378,-0.055228859690717336,0.005529004700151773,0.00746956876072526,False
207,1206,High volatility,Equal weight,0.22961832413068164,1.693546731205304,1.4639284070746224,0.34439609214676303,0.16543172589323066,-0.07805864359924264,0.015623365841779561,0.019047012593931045,False
207,1206,High volatility,Minimum volatility,-0.09967376321835833,0.6189484540312523,0.7186222172496106,0.07108774786374061,0.06679846366936933,-0.030950102287671477,0.006489441437103312,0.007648972174784125,False
207,1206,High volatility,Maximum Sharpe,0.5509327753320099,2.5153849777845996,1.9644522024525897,1.0554991962133093,0.2919436497340768,-0.1356687173650376,0.0280781501476787,0.03532639954533996,True
208,1207,Low volatility,Equal weight,0.29940777783549244,-0.8141883402834355,-1.1135961181189278,-0.035908389723272593,0.07753908082360791,-0.0648949337781265,0.007365523391175906,0.010075415247600063,False
208,1207,Low volatility,Minimum volatility,0.07248469888486697,-0.1892351284253004,-0.2617198273101674,0.022426348758227244,0.03565818118889114,-0.035944054377122,0.0031328414102611106,0.004598889877207144,True
208,1207,Low volatility,Maximum Sharpe,0.3596688599303784,-0.5605220024341722,-0.9201908623645505,-0.023429023382156022,0.08813067628659954,-0.07174488666178391,0.00827370387831638,0.010422482455776337,False
209,1208,Base,Equal weight,0.5878325015247472,0.28277768821247345,-0.30505481331227374,0.055706752113568125,0.10756763204232057,-0.08507227421418329,0.010988121776239469,0.013660125221771248,False
209,1208,Base,Minimum volatility,0.2949923212381929,1.5194204858743898,1.224428164636197,0.10903229263840641,0.04947096427059481,-0.021746913416532676,0.0048399974747602315,0.006326179797902971,True
209,1208,Base,Maximum Sharpe,0.7108855234592184,0.6871349653954248,-0.02375055806379356,0.10097068765459816,0.10498384143697229,-0.059193658670246174,0.0103356649228892,0.013664578321788442,False
210,1209,High volatility,Equal weight,-0.27469624386268937,-0.4306710777912361,-0.15597483392854672,-0.034544658137159345,0.1305567452263823,-0.1734337607864409,0.013562565464901886,0.017283833193087052,False
210,1209,High volatility,Minimum volatility,0.2940140318650975,0.41410183750399343,0.12008780563889593,0.055398295106886764,0.06371328613008959,-0.05710196511021248,0.006188636857146284,0.007770232765842518,False
210,1209,High volatility,Maximum Sharpe,0.4249240332352089,1.0774077200680245,0.6524836868328157,0.11004885744189741,0.07187274131722825,-0.05192849557422108,0.007542039072546946,0.008972963308942568,True
211,1210,Low volatility,Equal weight,0.5871961230082176,0.18155500710904654,-0.405641115899171,0.042277764008684215,0.08517968554589052,-0.07859700265364866,0.008174800285543595,0.010944995878183547,False
211,1210,Low volatility,Minimum volatility,0.4542152369474351,0.7055117487276635,0.25129651178022844,0.05619280956697237,0.036542275552842576,-0.023031855338250695,0.003535111900872611,0.004494598471844054,False
211,1210,Low volatility,Maximum Sharpe,1.1177239662639715,0.7614566449565687,-0.3562673213074028,0.10219259669653846,0.09487140232628352,-0.0638612857973112,0.00936254193914802,0.012252696526125493,True
212,1211,Base,Equal weight,0.6616795579913239,1.0482706485291367,0.3865910905378127,0.15196895245269482,0.11284094197355339,-0.07613446412843627,0.010268940727935182,0.0138085627202567,False
212,1211,Base,Minimum volatility,0.35808125971577554,1.2988395849218146,0.9407583252060391,0.09495728218757704,0.04797948175675887,-0.029789512859963896,0.00429729282789657,0.006001992956599875,False
212,1211,Base,Maximum Sharpe,0.8376010115478079,1.4916041387618242,0.6540031272140163,0.22805229249567938,0.12300924180351491,-0.0821423271323991,0.012066816002690738,0.014774131569052325,True
213,1212,High volatility,Equal weight,0.004558657613321312,-0.003656564995241007,-0.00821522260856232,0.02143894770457555,0.12587721852008846,-0.1014190987143444,0.012951545285476856,0.015299448413182998,True
213,1212,High volatility,Minimum volatility,-0.7377257641545598,-0.40131744666751906,0.33640831748704075,0.001488288677234939,0.06475044409927075,-0.059118423093720285,0.006611088320249336,0.008345302329449633,False
213,1212,High volatility,Maximum Sharpe,0.9904062041004892,-0.13726519173568683,-1.127671395836176,-0.0068950258991762325,0.16592765956602418,-0.12214609492628092,0.016698322435754878,0.01930019801989156,False
214,1213,Low volatility,Equal weight,0.7052005105061583,-0.013656245149168482,-0.7188567556553268,0.026072650261943053,0.07497385122877805,-0.10880359355467506,0.007255077416340699,0.008836775179996618,False
214,1213,Low volatility,Minimum volatility,0.4819734888893183,1.1133228224207403,0.631349333531422,0.07119338040540746,0.035802824012148265,-0.019048095266854248,0.003139814815791403,0.004105809545129214,True
214,1213,Low volatility,Maximum Sharpe,0.8468289726099885,-0.38846049689867584,-1.2352894695086643,0.008346544423453617,0.05132443899631057,-0.05897390836079752,0.004774179335482069,0.006177735596184935,False
215,1214,Base,Equal weight,0.5039136438091553,1.4577629068302078,0.9538492630210526,0.19405006376795186,0.10520242311705642,-0.0987995895662972,0.009623815498252235,0.012342314978558883,False
215,1214,Base,Minimum volatility,-0.0698059446527964,0.3163050016217412,0.38611094627453757,0.04458392319790039,0.04809727645343002,-0.04071218072885585,0.004780090786040264,0.0056458155880749076,False
215,1214,Base,Maximum Sharpe,0.6779420126869118,1.6847507193329112,1.0068087066459994,0.2471191945403215,0.11768256439722366,-0.10544351813662367,0.01016320130372079,0.015000783536326083,True
216,1215,High volatility,Equal weight,0.007945687133611297,-0.2305407575901696,-0.2384864447237809,-0.012182721571774913,0.13940453720493284,-0.10347830840005279,0.013464848846798879,0.01693433444002035,False
216,1215,High volatility,Minimum volatility,-0.3439723401837176,2.495084683750389,2.8390570239341066,0.18292045580439886,0.056130166897022306,-0.02078083070290382,0.005378784617394601,0.006351685025593827,True
216,1215,High volatility,Maximum Sharpe,0.5699490646061509,-0.548251912750679,-1.11820097735683,-0.16614561568219932,0.30241682771262335,-0.29994724657612926,0.02761711339879774,0.03623629237042274,False
217,1216,Low volatility,Equal weight,0.2046043844173067,0.20627358693782297,0.0016692025205162775,0.044254226776919925,0.08344476046183633,-0.04783066422658577,0.007499312729987017,0.010165901429674492,True
217,1216,Low volatility,Minimum volatility,0.20420371133022192,-0.5550151816813502,-0.7592188930115722,0.008223490462516914,0.03725914836958454,-0.04113561925816667,0.003454726899328808,0.004682020356992987,False
217,1216,Low volatility,Maximum Sharpe,0.7087556217041316,-0.38938850463928126,-1.0981441263434129,-0.0012123847415467237,0.07233868018341001,-0.05145402024902557,0.007562795353109096,0.009000323028664877,False
218,1217,Base,Equal weight,-0.03234528199167864,0.8938833680080013,0.9262286499996799,0.12383504126058176,0.10354698278464093,-0.07855123668728425,0.011638660014539448,0.014353460109012088,False
218,1217,Base,Minimum volatility,-0.5332653801889026,2.098397451723249,2.6316628319121516,0.1396644424627398,0.04879562584311805,-0.034178288795150724,0.004094510086870783,0.005898568802506507,True
218,1217,Base,Maximum Sharpe,0.6888530586595067,1.063720315092664,0.3748672564331572,0.23350081903427378,0.1857591501288835,-0.17209595525882693,0.019031587444386024,0.025946022287228206,False
219,1218,High volatility,Equal weight,-0.2552558329016623,1.4530608080705516,1.708316640972214,0.2775177846300503,0.15670067294169987,-0.06162616455013492,0.01500664011965803,0.019452686328314848,True
219,1218,High volatility,Minimum volatility,0.04349416818300736,1.0105540091171592,0.9670598409341519,0.09724801794283033,0.0646605365603976,-0.037661944810184034,0.005697412118119427,0.00773604817759493,False
219,1218,High volatility,Maximum Sharpe,0.2708773892800269,0.40688659113947107,0.13600920185944415,0.05901101846469459,0.07519771365092269,-0.049219307256425426,0.007281791427937247,0.009158276352668816,False
220,1219,Low volatility,Equal weight,0.333432674956683,-0.9098693967285095,-1.2433020716851926,-0.045055515468805596,0.07968113074819391,-0.09716516661523222,0.00815634372440986,0.009447100100410432,False
220,1219,Low volatility,Minimum volatility,-0.7351725423018115,-1.808025139327435,-1.0728525970256233,-0.03688345616702948,0.03676127225788891,-0.05982754396799772,0.004224982818610588,0.005348277890747066,False
220,1219,Low volatility,Maximum Sharpe,0.8397520834205017,-0.3006748930257239,-1.1404269764462256,0.0029011617224254937,0.07847993775410697,-0.06515689517868983,0.00797712181459597,0.009997101947526822,True
221,1220,Base,Equal weight,-0.2643882375361407,0.8891842577846255,1.1535724953207662,0.12690365627509115,0.10763947789637592,-0.08436578927848692,0.011080281521443414,0.01314467166907003,False
221,1220,Base,Minimum volatility,-0.1277326775785761,1.1912468917395247,1.3189795693181008,0.0884973910997302,0.04731729128828951,-0.025005949020405205,0.004124526164809516,0.005741142327329482,True
221,1220,Base,Maximum Sharpe,0.2824904551130889,0.6266548286175508,0.34416437350446194,0.12194986344786884,0.15577023597959608,-0.1174623324226014,0.015366881679135884,0.01907186384770278,False
222,1221,High volatility,Equal weight,0.09548516296231602,0.6973119911171906,0.6018268281548745,0.1335545070646318,0.15446746896183353,-0.18446389520364703,0.015431012229250687,0.019538514378231373,True
222,1221,High volatility,Minimum volatility,-0.26812063003666736,0.22688949615660658,0.49501012619327395,0.04351075095281898,0.06741471948536043,-0.049891475902861804,0.006272257495888754,0.008157628964081804,False
222,1221,High volatility,Maximum Sharpe,0.9550156744499846,0.5462079537496607,-0.4088077207003239,0.13400983332994065,0.2205014170249528,-0.3175890652952096,0.021919875854938896,0.028048398600184907,False
223,1222,Low volatility,Equal weight,1.3690708948912433,0.8212710722035883,-0.547799822687655,0.09868535794327049,0.08277358366327627,-0.060897913051443875,0.007556868507373231,0.00941825312625741,True
223,1222,Low volatility,Minimum volatility,-0.05661182475130781,-0.2650596961680037,-0.20844787141669585,0.01894029863842661,0.038017272956321395,-0.03739356825497464,0.004014763557920774,0.004833191909963222,False
223,1222,Low volatility,Maximum Sharpe,1.4613348357909908,0.7722879564771093,-0.6890468793138814,0.10264798341751202,0.09396163381657434,-0.06712451362498939,0.008944975218956914,0.011295264361882013,False
224,1223,Base,Equal weight,-0.5281733718520613,0.5290347766897074,1.0572081485417688,0.08387060001890156,0.1071899284370657,-0.07713682889663476,0.01024476724613947,0.013243021464951847,True
224,1223,Base,Minimum volatility,-0.9149188337227003,-0.2086485001562399,0.7062703335664604,0.01911851610540083,0.04588450646797179,-0.04313852399377682,0.004351606811643494,0.005358905924513781,False
224,1223,Base,Maximum Sharpe,-0.050334428416250486,-0.31311431000654594,-0.26277988159029547,-0.06251497867568445,0.22214489205354251,-0.2193022452175707,0.021479735078053185,0.02683958918110485,False
225,1224,High volatility,Equal weight,0.4876881914265491,-0.1959331014967976,-0.6836212929233467,-0.009712731600517666,0.14632883747947834,-0.10248755869990567,0.014969940794184485,0.017332077156682578,False
225,1224,High volatility,Minimum volatility,-0.3325116594721064,-0.33299197451123713,-0.0004803150391307076,0.005173493768168003,0.06663769667907997,-0.06602712283862044,0.006217313066954116,0.0079270114206965,False
225,1224,High volatility,Maximum Sharpe,0.5943031323759106,-0.15779814955290836,-0.752101281928819,-0.024194676078649224,0.20719477217609927,-0.14095620921662688,0.02028762158626025,0.02610324891509115,True
226,1225,Low volatility,Equal weight,0.21800166878122434,0.7508353242413502,0.5328336554601258,0.09104314302712213,0.08105549988818621,-0.11613099830895912,0.007777855842571279,0.009308101884692829,True
226,1225,Low volatility,Minimum volatility,-0.35376940834320253,-1.0282428011226745,-0.6744733927794719,-0.007045141873738281,0.035030105372319084,-0.05313716439125116,0.0036012020021169815,0.004426885035763981,False
226,1225,Low volatility,Maximum Sharpe,0.6297461871499646,-0.030356879723187215,-0.6601030668731518,0.017271740559769766,0.13048316297417975,-0.14091731064336377,0.013563741401215218,0.015060295617598541,False
227,1226,Base,Equal weight,-0.09058996753717115,0.6741673885663713,0.7647573561035425,0.10577777874468275,0.1151015090229313,-0.10176845530427281,0.01090326041784883,0.013815733976433183,True
227,1226,Base,Minimum volatility,0.13080833938049172,-0.7911764343719774,-0.9219847737524691,-0.011419920336897982,0.05028756077630342,-0.061030488886239076,0.005215280365903618,0.006307827349460927,False
227,1226,Base,Maximum Sharpe,0.457279083420414,-0.10876212403004272,-0.5660412074504567,0.02249555991341179,0.05392674263269477,-0.04217419747328299,0.005736383538745424,0.006708234132699472,False
228,1227,High volatility,Equal weight,0.7506958297653591,0.3273193435803971,-0.423376486184962,0.06773051288008558,0.13956582209851992,-0.10143825837975962,0.013282120534744927,0.01840664555851618,False
228,1227,High volatility,Minimum volatility,-0.06163838020409698,1.8121667416676701,1.873805121871767,0.15654126645018462,0.06513017310176644,-0.033047682496117003,0.006004945572761027,0.007946131916050212,True
228,1227,High volatility,Maximum Sharpe,1.4302928755812914,0.3469451282649056,-1.0833477473163857,0.07317021858399309,0.15118464408118265,-0.09989174741475648,0.015787199591475783,0.020358090688973277,False
229,1228,Low volatility,Equal weight,0.8522755681956463,0.8823696598278312,0.030094091632184905,0.10383061919641534,0.08229696201123109,-0.03923618713385357,0.007513561294307928,0.009810052975164497,False
229,1228,Low volatility,Minimum volatility,0.5205310532978408,0.4186833830111926,-0.10184767028664815,0.04470701189886728,0.03535454244296194,-0.015096264231310719,0.0034719919371456963,0.004510092537057877,False
229,1228,Low volatility,Maximum Sharpe,0.9761435098604759,1.304799746771131,0.32865623691065504,0.12179443134033185,0.06716828082836522,-0.023529888597035753,0.006343791798212182,0.00841049585487044,True
230,1229,Base,Equal weight,0.14946064381736285,-0.4036051736295988,-0.5530658174469616,-0.026842842491140773,0.12221898388881183,-0.14025270504987464,0.011525062865096629,0.01535965353740337,True
230,1229,Base,Minimum volatility,-0.8115272052874761,-2.4600439013827984,-1.6485166960953221,-0.08337293341714602,0.04695104633897335,-0.10411703730092181,0.005039251017787854,0.006362523176410882,False
230,1229,Base,Maximum Sharpe,0.7997658519598074,-0.7837984317235327,-1.5835642836833401,-0.07986274459169385,0.1326968862079384,-0.12611223976929642,0.014028576763190793,0.01759520946922822,False
231,1230,High volatility,Equal weight,-0.11274381986087763,1.6925286544466902,1.8052724743075679,0.319769344607723,0.15349460521587227,-0.06960971103440072,0.01567499507643644,0.020025166946868914,True
231,1230,High volatility,Minimum volatility,0.38126638180254774,0.9069981676155711,0.5257317858130233,0.09377867817541286,0.06886068397132594,-0.036933095720378284,0.008108796863707224,0.00948715246129445,False
231,1230,High volatility,Maximum Sharpe,0.5016269234236052,-0.15420772413389813,-0.6558346475575033,0.014854575718327379,0.07694376707341574,-0.05996726568740374,0.00817488627670364,0.010462545544887304,False
232,1231,Low volatility,Equal weight,0.6020152921154431,0.8540378076516397,0.2520225155361966,0.09886521729028352,0.07947982380074912,-0.07114278546587194,0.0069796414949521695,0.009309944208378171,True
232,1231,Low volatility,Minimum volatility,0.45236775784253336,0.34939137346316906,-0.1029763843793643,0.042209197318858305,0.03553051274690468,-0.027683634145918012,0.0034579367773072576,0.004476301592623304,False
232,1231,Low volatility,Maximum Sharpe,0.8075556028962988,0.3572067098322729,-0.4503488930640259,0.04803530368989595,0.05243395666460817,-0.049376591631558386,0.005271734487498349,0.006420255752784086,False
233,1232,Base,Equal weight,-0.07292394243996152,0.5458144778012819,0.6187384202412434,0.08299393522485587,0.10130801862344056,-0.06712049331944003,0.010574577339338469,0.013070342268714636,False
233,1232,Base,Minimum volatility,-0.5144319247386842,0.6414190191379956,1.1558509438766797,0.06323326920039696,0.05158223048091333,-0.04254817643453024,0.004567338318684514,0.005878810416083274,False
233,1232,Base,Maximum Sharpe,1.0343963364122928,1.0554951916839732,0.021098855271680428,0.18730081868315707,0.14456472073121399,-0.11541017565631018,0.014789719155071945,0.018208429598655027,True
234,1233,High volatility,Equal weight,0.2827345723254362,1.0185760839719507,0.7358415116465145,0.1981373630926493,0.1612135692736773,-0.1284379190848306,0.014427021330372398,0.020141784881737686,True
234,1233,High volatility,Minimum volatility,0.6086274364597937,-1.2727893218248185,-1.8814167582846122,-0.05754873141782857,0.0679779550260525,-0.09005334564576728,0.006816177808408906,0.009459430666627201,False
234,1233,High volatility,Maximum Sharpe,0.837898144348876,-0.6974780521786224,-1.5353761965274983,-0.028982494073107934,0.07997705995992495,-0.07981495311770381,0.007995081586690213,0.01086287687423234,False
235,1234,Low volatility,Equal weight,-0.23911882296682785,-0.4338088326901054,-0.19469000972327755,-0.007254282098960174,0.07795330379623795,-0.05112672304622434,0.007733993077259911,0.009526241134922243,False
235,1234,Low volatility,Minimum volatility,-0.7587540711641547,1.0515130878018621,1.8102671589660169,0.06886878688012232,0.03584266330895386,-0.02472837825578067,0.0035738613279973847,0.004425044231639141,True
235,1234,Low volatility,Maximum Sharpe,0.370747865133815,-1.1009766159911283,-1.4717244811249433,-0.13230003349195352,0.14604768623871459,-0.13971608662311852,0.016150982232084818,0.019247264156230418,False
236,1235,Base,Equal weight,0.4493019366592513,-0.9914754195395556,-1.4407773561988069,-0.08096104853222608,0.10898729944791608,-0.14526846698814766,0.011506232445800575,0.013931576401345595,False
236,1235,Base,Minimum volatility,0.4994678365584151,0.34715362671326844,-0.15231420984514665,0.04565783969048387,0.04657788336542783,-0.02899652145549081,0.0045996789795536095,0.005689456745131532,True
236,1235,Base,Maximum Sharpe,0.8170374675259723,-0.068321940214969,-0.8853594077409412,0.020957988134151506,0.08112975395465755,-0.09260743372068914,0.007469404609111051,0.009478090340983202,False
237,1236,High volatility,Equal weight,-0.4690642033292591,0.553551164036282,1.0226153673655412,0.10157292777046889,0.1387016366383497,-0.10774459102575762,0.013880984185799484,0.017764766247523347,True
237,1236,High volatility,Minimum volatility,0.3593167208340355,0.2971816983609731,-0.06213502247306241,0.048037327709867794,0.06564848161775637,-0.041645149637306145,0.007021252315755139,0.008488253365826396,False
237,1236,High volatility,Maximum Sharpe,0.6360750015684761,-0.21000782649422,-0.8460828280626961,0.013515788130044282,0.06638137627702889,-0.05887327602225223,0.006809877386055085,0.00829810773978021,False
238,1237,Low volatility,Equal weight,0.5813423485744929,-0.9603340948314854,-1.5416764434059782,-0.04800933831287946,0.07878847498552748,-0.1173725783676296,0.008490393306161007,0.010500810031672478,False
238,1237,Low volatility,Minimum volatility,0.5992043175259536,-1.311770139328858,-1.9109744568548117,-0.018091634099937637,0.035961426882087796,-0.0600349519839124,0.003955784998034689,0.0044654800580668464,False
238,1237,Low volatility,Maximum Sharpe,1.0295959070320555,-0.9047370182789881,-1.9343329253110437,-0.025381659510735455,0.05916044843404235,-0.09371255364488884,0.00588735037669969,0.008317329933262636,True
239,1238,Base,Equal weight,0.6541674444264572,-0.3909780150812571,-1.0451454595077143,-0.022286339182805426,0.11608172046440027,-0.12875082564351537,0.011494627495915401,0.014297703571778824,True
239,1238,Base,Minimum volatility,0.7381498196890727,-2.046018643591486,-2.7841684632805586,-0.06368681320456882,0.04608916203660743,-0.10094618118735255,0.004739822650680014,0.0058246580257711195,False
239,1238,Base,Maximum Sharpe,1.0180195755022334,-0.8363930538389375,-1.854412629341171,-0.03133809817373556,0.07045258421053992,-0.08926031869441575,0.007668029181245465,0.00873298080688041,False
240,1239,High volatility,Equal weight,0.35508847499988194,0.7185769142725722,0.36348843927269026,0.14061681093278144,0.15971306298658103,-0.12293665599390957,0.016560703318229772,0.02215404942670196,False
240,1239,High volatility,Minimum volatility,-0.19013248581154113,1.7507599267234568,1.940892412534998,0.1436765348722897,0.06086963507055634,-0.03183822757443766,0.006027821910580842,0.0076434363392265435,True
240,1239,High volatility,Maximum Sharpe,0.6405799939202879,0.22504888376093118,-0.4155311101593567,0.056062843981180555,0.19758250980005682,-0.1843140070767616,0.02119480017659316,0.026287126552068482,False
241,1240,Low volatility,Equal weight,-0.4242123154137811,0.37666408385262,0.8008763992664012,0.061396874165998705,0.09058745849428605,-0.09031845419064455,0.009989717619981202,0.011642825742986234,True
241,1240,Low volatility,Minimum volatility,-0.8003609298492576,0.18874824016637518,0.9891091700156327,0.03665775746440314,0.03793617947033212,-0.015233948682013998,0.003878786845847753,0.0046143465861684125,False
241,1240,Low volatility,Maximum Sharpe,-0.03327365818011069,-0.5953466082604894,-0.5620729500803787,-0.06950746250834872,0.15143853615716144,-0.16246182639119933,0.016551963031456986,0.019879180359539114,False
242,1241,Base,Equal weight,0.6991837321585787,-1.1207623425899544,-1.819946074748533,-0.08587826659992304,0.10186625178484582,-0.15997622863496275,0.010494561275598379,0.012186121888428065,False
242,1241,Base,Minimum volatility,0.7476162581361671,-0.39072213247570997,-1.1383383906118771,0.00896511697960789,0.04966947612790213,-0.04048395999593224,0.004836176711649863,0.006348739920602979,True
242,1241,Base,Maximum Sharpe,0.8784830770281796,-0.9869422531856562,-1.865425330213836,-0.024482438032906173,0.05361503404126618,-0.06794369630247288,0.0053657219907430435,0.006914131365424053,False
243,1242,High volatility,Equal weight,-0.286058605528846,0.2255310086316079,0.5115896141604539,0.05305258430256732,0.14364831941072842,-0.13770492696398295,0.012423526452909723,0.01767082400700181,False
243,1242,High volatility,Minimum volatility,-0.43589275248668713,-1.683006208617597,-1.2471134561309098,-0.07958452192550458,0.06555898082425098,-0.1325747664822804,0.0066959157992191425,0.00846462339641678,False
243,1242,High volatility,Maximum Sharpe,0.17869734879127244,0.41278752928952545,0.234090180498253,0.0944918156227581,0.1912138046418515,-0.1301174190335328,0.01867341276651916,0.02254338991905446,True
244,1243,Low volatility,Equal weight,0.5355704384729113,0.2674366190325385,-0.2681338194403728,0.04920558309596168,0.08143806742347977,-0.05952334463244224,0.00808353689677223,0.009942292649511998,False
244,1243,Low volatility,Minimum volatility,0.6607797291516846,0.5768441367275432,-0.08393559242414139,0.05109409273306431,0.03628678485692728,-0.01905438258970793,0.003737338979440907,0.004861289268489755,True
244,1243,Low volatility,Maximum Sharpe,1.2500538258769966,0.22016047973056307,-1.0298933461464337,0.0390988756026438,0.044416405638723566,-0.023345574734644048,0.004399523378045588,0.00531490032463094,False
245,1244,Base,Equal weight,0.7587630029939211,0.38088208486020003,-0.37788091813372104,0.06500541286493067,0.10114876561221486,-0.08633185840669977,0.00957978775143969,0.013429866834789818,True
245,1244,Base,Minimum volatility,0.5455577278471907,0.2898548363122994,-0.2557028915348913,0.043435995578466446,0.04881328150920862,-0.04237076798359174,0.004883804618143055,0.006610643601066062,False
245,1244,Base,Maximum Sharpe,1.2565992163634192,0.19700349045040244,-1.0595957259130167,0.043866347792063776,0.0870582309286348,-0.07711962688794627,0.007770132065841804,0.011491811921480726,False
246,1245,High volatility,Equal weight,-0.13485829538061833,0.00784169114724324,0.14269998652786156,0.021683695535805736,0.13573885542824504,-0.09438438062665577,0.013761682980884664,0.017063115108837793,False
246,1245,High volatility,Minimum volatility,0.13206149191781377,1.3053849011806997,1.173323409262886,0.115058713820406,0.06228182729448207,-0.05803727101639078,0.006573967745866843,0.008114767142990061,True
246,1245,High volatility,Maximum Sharpe,0.4448114519534687,-0.9670699005962755,-1.4118813525497442,-0.04127126393227987,0.07151045046571833,-0.0698711260732422,0.007924185997724651,0.009728333632364524,False
247,1246,Low volatility,Equal weight,0.7631585158209588,1.993874746499717,1.2307162306787582,0.2224853811873817,0.08789486390522767,-0.04575135138364894,0.008388064519601534,0.010122312668115372,True
247,1246,Low volatility,Minimum volatility,-0.2141817975622103,-0.815981000535359,-0.6017992029731487,-0.0006382641116359222,0.0362094077642943,-0.039794715641084055,0.003284230292626687,0.004493259651127756,False
247,1246,Low volatility,Maximum Sharpe,1.0490426663119392,1.7819134992722818,0.7328708329603426,0.3458199362262888,0.15707302255603361,-0.10862913224721571,0.014313482653838425,0.01746688479051264,False
248,1247,Base,Equal weight,-0.71217125753753,-0.3820450449892627,0.33012621254826724,-0.012797990128040726,0.09845662451387903,-0.07453450578492171,0.00949290079806705,0.011275837688916858,False
248,1247,Base,Minimum volatility,-0.6572139885792864,0.7041558631015354,1.3613698516808217,0.06276785758884329,0.045978518012086474,-0.03159566135500591,0.0042754645904037655,0.005605688668469709,True
248,1247,Base,Maximum Sharpe,0.02133246983027077,-1.0092334877580547,-1.0305659575883255,-0.16414121097281098,0.18919277449395916,-0.20043754251592016,0.020664938175719006,0.023734604614138018,False
249,1248,High volatility,Equal weight,-0.7715258810339346,-1.2963539914187894,-0.5248281103848548,-0.14749620647302653,0.13848642013421678,-0.15433224692783332,0.015345358721937786,0.01840659493386932,False
249,1248,High volatility,Minimum volatility,-0.7621418845363169,-0.46626348916654065,0.2958783953697763,-0.0035706186776851556,0.06636653522293559,-0.050571450455443645,0.006710634299367181,0.008434398216628827,True
249,1248,High volatility,Maximum Sharpe,0.2215841607583003,-2.6102365596378183,-2.8318207203961188,-0.3787575183980225,0.18685071156799105,-0.40100234330567175,0.02114893716727083,0.026585976875219054,False
250,1249,Low volatility,Equal weight,-0.4396673695566698,2.3876585190147788,2.8273258885714485,0.2620565312051042,0.08670896989169576,-0.043402472917729695,0.00829218879100818,0.010622014647612792,True
250,1249,Low volatility,Minimum volatility,-0.6419942692576976,1.475616891476029,2.117611160733727,0.07934386220508927,0.032065470586780144,-0.019441770462544472,0.003029775417221125,0.003972693546017771,False
250,1249,Low volatility,Maximum Sharpe,-0.03813726429280741,1.15171710273114,1.1898543670239474,0.20473060278825428,0.14524205698830595,-0.12050569742447181,0.014031511198044553,0.018978953343071186,False
