experiment,regime,strategy,asset,weight
1,Low volatility,Equal weight,Demo_Equity_A,0.2
1,Low volatility,Equal weight,Demo_Equity_B,0.2
1,Low volatility,Equal weight,Demo_Bonds,0.2
1,Low volatility,Equal weight,Demo_Gold,0.2
1,Low volatility,Equal weight,Demo_REITs,0.2
1,Low volatility,Minimum volatility,Demo_Equity_A,0.07383148458868459
1,Low volatility,Minimum volatility,Demo_Equity_B,0.017217179199987304
1,Low volatility,Minimum volatility,Demo_Bonds,0.788009335980553
1,Low volatility,Minimum volatility,Demo_Gold,0.12094200023077523
1,Low volatility,Minimum volatility,Demo_REITs,0.0
1,Low volatility,Maximum Sharpe,Demo_Equity_A,0.89754070247254
1,Low volatility,Maximum Sharpe,Demo_Equity_B,0.0
1,Low volatility,Maximum Sharpe,Demo_Bonds,3.1336304616437266e-17
1,Low volatility,Maximum Sharpe,Demo_Gold,0.009976690670413865
1,Low volatility,Maximum Sharpe,Demo_REITs,0.09248260685704618
2,Base,Equal weight,Demo_Equity_A,0.2
2,Base,Equal weight,Demo_Equity_B,0.2
2,Base,Equal weight,Demo_Bonds,0.2
2,Base,Equal weight,Demo_Gold,0.2
2,Base,Equal weight,Demo_REITs,0.2
2,Base,Minimum volatility,Demo_Equity_A,0.06637312105100221
2,Base,Minimum volatility,Demo_Equity_B,0.015882114996209156
2,Base,Minimum volatility,Demo_Bonds,0.7735763727899245
2,Base,Minimum volatility,Demo_Gold,0.1396141897703877
2,Base,Minimum volatility,Demo_REITs,0.004554201392476377
2,Base,Maximum Sharpe,Demo_Equity_A,0.014171171098759686
2,Base,Maximum Sharpe,Demo_Equity_B,0.02233306149368597
2,Base,Maximum Sharpe,Demo_Bonds,0.9634957674075537
2,Base,Maximum Sharpe,Demo_Gold,5.869897914319665e-16
2,Base,Maximum Sharpe,Demo_REITs,0.0
3,High volatility,Equal weight,Demo_Equity_A,0.2
3,High volatility,Equal weight,Demo_Equity_B,0.2
3,High volatility,Equal weight,Demo_Bonds,0.2
3,High volatility,Equal weight,Demo_Gold,0.2
3,High volatility,Equal weight,Demo_REITs,0.2
3,High volatility,Minimum volatility,Demo_Equity_A,0.06665714831425783
3,High volatility,Minimum volatility,Demo_Equity_B,0.010869141958996343
3,High volatility,Minimum volatility,Demo_Bonds,0.7976382782355435
3,High volatility,Minimum volatility,Demo_Gold,0.12483543149120244
3,High volatility,Minimum volatility,Demo_REITs,0.0
3,High volatility,Maximum Sharpe,Demo_Equity_A,0.12484330881325154
3,High volatility,Maximum Sharpe,Demo_Equity_B,0.0
3,High volatility,Maximum Sharpe,Demo_Bonds,0.0
3,High volatility,Maximum Sharpe,Demo_Gold,0.8751566911867482
3,High volatility,Maximum Sharpe,Demo_REITs,1.688199210052225e-16
4,Low volatility,Equal weight,Demo_Equity_A,0.2
4,Low volatility,Equal weight,Demo_Equity_B,0.2
4,Low volatility,Equal weight,Demo_Bonds,0.2
4,Low volatility,Equal weight,Demo_Gold,0.2
4,Low volatility,Equal weight,Demo_REITs,0.2
4,Low volatility,Minimum volatility,Demo_Equity_A,0.07623919957222294
4,Low volatility,Minimum volatility,Demo_Equity_B,0.0021096982551244794
4,Low volatility,Minimum volatility,Demo_Bonds,0.7925927027213302
4,Low volatility,Minimum volatility,Demo_Gold,0.12905839945132244
4,Low volatility,Minimum volatility,Demo_REITs,0.0
4,Low volatility,Maximum Sharpe,Demo_Equity_A,0.46907680595326645
4,Low volatility,Maximum Sharpe,Demo_Equity_B,0.0
4,Low volatility,Maximum Sharpe,Demo_Bonds,3.653474900609921e-17
4,Low volatility,Maximum Sharpe,Demo_Gold,0.5309231940467335
4,Low volatility,Maximum Sharpe,Demo_REITs,0.0
5,Base,Equal weight,Demo_Equity_A,0.2
5,Base,Equal weight,Demo_Equity_B,0.2
5,Base,Equal weight,Demo_Bonds,0.2
5,Base,Equal weight,Demo_Gold,0.2
5,Base,Equal weight,Demo_REITs,0.2
5,Base,Minimum volatility,Demo_Equity_A,0.05054664948312418
5,Base,Minimum volatility,Demo_Equity_B,0.01277818506070628
5,Base,Minimum volatility,Demo_Bonds,0.7989147649350763
5,Base,Minimum volatility,Demo_Gold,0.13776040052109326
5,Base,Minimum volatility,Demo_REITs,3.818484114975291e-19
5,Base,Maximum Sharpe,Demo_Equity_A,1.5682284752487657e-18
5,Base,Maximum Sharpe,Demo_Equity_B,0.5820248552246698
5,Base,Maximum Sharpe,Demo_Bonds,0.30800452096508796
5,Base,Maximum Sharpe,Demo_Gold,0.0
5,Base,Maximum Sharpe,Demo_REITs,0.10997062381024227
6,High volatility,Equal weight,Demo_Equity_A,0.2
6,High volatility,Equal weight,Demo_Equity_B,0.2
6,High volatility,Equal weight,Demo_Bonds,0.2
6,High volatility,Equal weight,Demo_Gold,0.2
6,High volatility,Equal weight,Demo_REITs,0.2
6,High volatility,Minimum volatility,Demo_Equity_A,0.05808122543535068
6,High volatility,Minimum volatility,Demo_Equity_B,0.02182235557023852
6,High volatility,Minimum volatility,Demo_Bonds,0.7897264071850539
6,High volatility,Minimum volatility,Demo_Gold,0.13037001180935687
6,High volatility,Minimum volatility,Demo_REITs,3.229315919867747e-19
6,High volatility,Maximum Sharpe,Demo_Equity_A,0.0
6,High volatility,Maximum Sharpe,Demo_Equity_B,0.0
6,High volatility,Maximum Sharpe,Demo_Bonds,5.407513337367516e-16
6,High volatility,Maximum Sharpe,Demo_Gold,2.2156221415701928e-16
6,High volatility,Maximum Sharpe,Demo_REITs,0.9999999999999993
7,Low volatility,Equal weight,Demo_Equity_A,0.2
7,Low volatility,Equal weight,Demo_Equity_B,0.2
7,Low volatility,Equal weight,Demo_Bonds,0.2
7,Low volatility,Equal weight,Demo_Gold,0.2
7,Low volatility,Equal weight,Demo_REITs,0.2
7,Low volatility,Minimum volatility,Demo_Equity_A,0.04655983231746733
7,Low volatility,Minimum volatility,Demo_Equity_B,0.021871012981593645
7,Low volatility,Minimum volatility,Demo_Bonds,0.8171878450825956
7,Low volatility,Minimum volatility,Demo_Gold,0.11438130961834347
7,Low volatility,Minimum volatility,Demo_REITs,3.6315438814171105e-19
7,Low volatility,Maximum Sharpe,Demo_Equity_A,0.33275362761987476
7,Low volatility,Maximum Sharpe,Demo_Equity_B,0.13576656623076502
7,Low volatility,Maximum Sharpe,Demo_Bonds,3.49483199012493e-18
7,Low volatility,Maximum Sharpe,Demo_Gold,0.10619644405150507
7,Low volatility,Maximum Sharpe,Demo_REITs,0.4252833620978551
8,Base,Equal weight,Demo_Equity_A,0.2
8,Base,Equal weight,Demo_Equity_B,0.2
8,Base,Equal weight,Demo_Bonds,0.2
8,Base,Equal weight,Demo_Gold,0.2
8,Base,Equal weight,Demo_REITs,0.2
8,Base,Minimum volatility,Demo_Equity_A,0.054257824664774114
8,Base,Minimum volatility,Demo_Equity_B,0.012544151302334989
8,Base,Minimum volatility,Demo_Bonds,0.7983376922853056
8,Base,Minimum volatility,Demo_Gold,0.13486033174758535
8,Base,Minimum volatility,Demo_REITs,0.0
8,Base,Maximum Sharpe,Demo_Equity_A,0.19293185761667705
8,Base,Maximum Sharpe,Demo_Equity_B,2.5833063272188077e-16
8,Base,Maximum Sharpe,Demo_Bonds,0.0
8,Base,Maximum Sharpe,Demo_Gold,0.3251138056241435
8,Base,Maximum Sharpe,Demo_REITs,0.4819543367591792
9,High volatility,Equal weight,Demo_Equity_A,0.2
9,High volatility,Equal weight,Demo_Equity_B,0.2
9,High volatility,Equal weight,Demo_Bonds,0.2
9,High volatility,Equal weight,Demo_Gold,0.2
9,High volatility,Equal weight,Demo_REITs,0.2
9,High volatility,Minimum volatility,Demo_Equity_A,0.060895638390798305
9,High volatility,Minimum volatility,Demo_Equity_B,0.02125799092111404
9,High volatility,Minimum volatility,Demo_Bonds,0.7747076693849483
9,High volatility,Minimum volatility,Demo_Gold,0.14313870130313935
9,High volatility,Minimum volatility,Demo_REITs,0.0
9,High volatility,Maximum Sharpe,Demo_Equity_A,1.9438716727435335e-16
9,High volatility,Maximum Sharpe,Demo_Equity_B,3.729087457474412e-16
9,High volatility,Maximum Sharpe,Demo_Bonds,0.46579276252274054
9,High volatility,Maximum Sharpe,Demo_Gold,0.534207237477259
9,High volatility,Maximum Sharpe,Demo_REITs,3.536983127155331e-17
10,Low volatility,Equal weight,Demo_Equity_A,0.2
10,Low volatility,Equal weight,Demo_Equity_B,0.2
10,Low volatility,Equal weight,Demo_Bonds,0.2
10,Low volatility,Equal weight,Demo_Gold,0.2
10,Low volatility,Equal weight,Demo_REITs,0.2
10,Low volatility,Minimum volatility,Demo_Equity_A,0.0816940062786209
10,Low volatility,Minimum volatility,Demo_Equity_B,0.00024411481193808643
10,Low volatility,Minimum volatility,Demo_Bonds,0.7822586480619106
10,Low volatility,Minimum volatility,Demo_Gold,0.1312505245031862
10,Low volatility,Minimum volatility,Demo_REITs,0.004552706344344288
10,Low volatility,Maximum Sharpe,Demo_Equity_A,3.4860574462367044e-17
10,Low volatility,Maximum Sharpe,Demo_Equity_B,0.0798226900727908
10,Low volatility,Maximum Sharpe,Demo_Bonds,0.0
10,Low volatility,Maximum Sharpe,Demo_Gold,0.0
10,Low volatility,Maximum Sharpe,Demo_REITs,0.9201773099272091
11,Base,Equal weight,Demo_Equity_A,0.2
11,Base,Equal weight,Demo_Equity_B,0.2
11,Base,Equal weight,Demo_Bonds,0.2
11,Base,Equal weight,Demo_Gold,0.2
11,Base,Equal weight,Demo_REITs,0.2
11,Base,Minimum volatility,Demo_Equity_A,0.06946747456181188
11,Base,Minimum volatility,Demo_Equity_B,0.014604436627165915
11,Base,Minimum volatility,Demo_Bonds,0.791819640449054
11,Base,Minimum volatility,Demo_Gold,0.1241084483619682
11,Base,Minimum volatility,Demo_REITs,2.0146640908384884e-18
11,Base,Maximum Sharpe,Demo_Equity_A,0.0
11,Base,Maximum Sharpe,Demo_Equity_B,0.0
11,Base,Maximum Sharpe,Demo_Bonds,1.0
11,Base,Maximum Sharpe,Demo_Gold,0.0
11,Base,Maximum Sharpe,Demo_REITs,0.0
12,High volatility,Equal weight,Demo_Equity_A,0.2
12,High volatility,Equal weight,Demo_Equity_B,0.2
12,High volatility,Equal weight,Demo_Bonds,0.2
12,High volatility,Equal weight,Demo_Gold,0.2
12,High volatility,Equal weight,Demo_REITs,0.2
12,High volatility,Minimum volatility,Demo_Equity_A,0.06776493874934496
12,High volatility,Minimum volatility,Demo_Equity_B,0.01210806431629547
12,High volatility,Minimum volatility,Demo_Bonds,0.7811149924986437
12,High volatility,Minimum volatility,Demo_Gold,0.1390120044357157
12,High volatility,Minimum volatility,Demo_REITs,3.199740320789468e-19
12,High volatility,Maximum Sharpe,Demo_Equity_A,0.011738480900662802
12,High volatility,Maximum Sharpe,Demo_Equity_B,0.0
12,High volatility,Maximum Sharpe,Demo_Bonds,3.6559952648422306e-16
12,High volatility,Maximum Sharpe,Demo_Gold,0.8625512268023698
12,High volatility,Maximum Sharpe,Demo_REITs,0.12571029229696704
13,Low volatility,Equal weight,Demo_Equity_A,0.2
13,Low volatility,Equal weight,Demo_Equity_B,0.2
13,Low volatility,Equal weight,Demo_Bonds,0.2
13,Low volatility,Equal weight,Demo_Gold,0.2
13,Low volatility,Equal weight,Demo_REITs,0.2
13,Low volatility,Minimum volatility,Demo_Equity_A,0.07464651064227501
13,Low volatility,Minimum volatility,Demo_Equity_B,0.020011998740382595
13,Low volatility,Minimum volatility,Demo_Bonds,0.7849321984781225
13,Low volatility,Minimum volatility,Demo_Gold,0.1204092921392199
13,Low volatility,Minimum volatility,Demo_REITs,0.0
13,Low volatility,Maximum Sharpe,Demo_Equity_A,0.038115502965349116
13,Low volatility,Maximum Sharpe,Demo_Equity_B,0.0
13,Low volatility,Maximum Sharpe,Demo_Bonds,0.9618138671211584
13,Low volatility,Maximum Sharpe,Demo_Gold,7.062991349269608e-05
13,Low volatility,Maximum Sharpe,Demo_REITs,0.0
14,Base,Equal weight,Demo_Equity_A,0.2
14,Base,Equal weight,Demo_Equity_B,0.2
14,Base,Equal weight,Demo_Bonds,0.2
14,Base,Equal weight,Demo_Gold,0.2
14,Base,Equal weight,Demo_REITs,0.2
14,Base,Minimum volatility,Demo_Equity_A,0.06144892004212313
14,Base,Minimum volatility,Demo_Equity_B,0.006386991940825732
14,Base,Minimum volatility,Demo_Bonds,0.8034767039696393
14,Base,Minimum volatility,Demo_Gold,0.1153877743782154
14,Base,Minimum volatility,Demo_REITs,0.013299609669196516
14,Base,Maximum Sharpe,Demo_Equity_A,0.2629349889854151
14,Base,Maximum Sharpe,Demo_Equity_B,0.1636236813426414
14,Base,Maximum Sharpe,Demo_Bonds,0.5734413296719436
14,Base,Maximum Sharpe,Demo_Gold,0.0
14,Base,Maximum Sharpe,Demo_REITs,0.0
15,High volatility,Equal weight,Demo_Equity_A,0.2
15,High volatility,Equal weight,Demo_Equity_B,0.2
15,High volatility,Equal weight,Demo_Bonds,0.2
15,High volatility,Equal weight,Demo_Gold,0.2
15,High volatility,Equal weight,Demo_REITs,0.2
15,High volatility,Minimum volatility,Demo_Equity_A,0.06452971137194867
15,High volatility,Minimum volatility,Demo_Equity_B,0.02010809259571942
15,High volatility,Minimum volatility,Demo_Bonds,0.7775999475698544
15,High volatility,Minimum volatility,Demo_Gold,0.1289964621969066
15,High volatility,Minimum volatility,Demo_REITs,0.008765786265570976
15,High volatility,Maximum Sharpe,Demo_Equity_A,0.05311415325441695
15,High volatility,Maximum Sharpe,Demo_Equity_B,0.2947314331874086
15,High volatility,Maximum Sharpe,Demo_Bonds,0.3269322913721174
15,High volatility,Maximum Sharpe,Demo_Gold,0.2481828797778642
15,High volatility,Maximum Sharpe,Demo_REITs,0.07703924240819293
16,Low volatility,Equal weight,Demo_Equity_A,0.2
16,Low volatility,Equal weight,Demo_Equity_B,0.2
16,Low volatility,Equal weight,Demo_Bonds,0.2
16,Low volatility,Equal weight,Demo_Gold,0.2
16,Low volatility,Equal weight,Demo_REITs,0.2
16,Low volatility,Minimum volatility,Demo_Equity_A,0.06973095528539508
16,Low volatility,Minimum volatility,Demo_Equity_B,0.012136631655142746
16,Low volatility,Minimum volatility,Demo_Bonds,0.7915345618667559
16,Low volatility,Minimum volatility,Demo_Gold,0.12659785119270647
16,Low volatility,Minimum volatility,Demo_REITs,1.1694490676360925e-18
16,Low volatility,Maximum Sharpe,Demo_Equity_A,0.12733068837548625
16,Low volatility,Maximum Sharpe,Demo_Equity_B,0.0
16,Low volatility,Maximum Sharpe,Demo_Bonds,0.39275297202318254
16,Low volatility,Maximum Sharpe,Demo_Gold,0.39216200549456764
16,Low volatility,Maximum Sharpe,Demo_REITs,0.08775433410676353
17,Base,Equal weight,Demo_Equity_A,0.2
17,Base,Equal weight,Demo_Equity_B,0.2
17,Base,Equal weight,Demo_Bonds,0.2
17,Base,Equal weight,Demo_Gold,0.2
17,Base,Equal weight,Demo_REITs,0.2
17,Base,Minimum volatility,Demo_Equity_A,0.05817070796706729
17,Base,Minimum volatility,Demo_Equity_B,0.009107748251778017
17,Base,Minimum volatility,Demo_Bonds,0.7968777767600181
17,Base,Minimum volatility,Demo_Gold,0.1342564204508174
17,Base,Minimum volatility,Demo_REITs,0.0015873465703191718
17,Base,Maximum Sharpe,Demo_Equity_A,0.45895809468862653
17,Base,Maximum Sharpe,Demo_Equity_B,0.0
17,Base,Maximum Sharpe,Demo_Bonds,3.155289722940901e-17
17,Base,Maximum Sharpe,Demo_Gold,2.754934585225746e-17
17,Base,Maximum Sharpe,Demo_REITs,0.5410419053113735
18,High volatility,Equal weight,Demo_Equity_A,0.2
18,High volatility,Equal weight,Demo_Equity_B,0.2
18,High volatility,Equal weight,Demo_Bonds,0.2
18,High volatility,Equal weight,Demo_Gold,0.2
18,High volatility,Equal weight,Demo_REITs,0.2
18,High volatility,Minimum volatility,Demo_Equity_A,0.0698072927186423
18,High volatility,Minimum volatility,Demo_Equity_B,0.016881222020230062
18,High volatility,Minimum volatility,Demo_Bonds,0.7715009900020317
18,High volatility,Minimum volatility,Demo_Gold,0.14181049525909611
18,High volatility,Minimum volatility,Demo_REITs,1.7278300257410032e-19
18,High volatility,Maximum Sharpe,Demo_Equity_A,0.7439514090816901
18,High volatility,Maximum Sharpe,Demo_Equity_B,1.9995144608205387e-16
18,High volatility,Maximum Sharpe,Demo_Bonds,0.0
18,High volatility,Maximum Sharpe,Demo_Gold,0.0
18,High volatility,Maximum Sharpe,Demo_REITs,0.25604859091830956
19,Low volatility,Equal weight,Demo_Equity_A,0.2
19,Low volatility,Equal weight,Demo_Equity_B,0.2
19,Low volatility,Equal weight,Demo_Bonds,0.2
19,Low volatility,Equal weight,Demo_Gold,0.2
19,Low volatility,Equal weight,Demo_REITs,0.2
19,Low volatility,Minimum volatility,Demo_Equity_A,0.05394605387454662
19,Low volatility,Minimum volatility,Demo_Equity_B,0.029542768070798035
19,Low volatility,Minimum volatility,Demo_Bonds,0.7798920967245346
19,Low volatility,Minimum volatility,Demo_Gold,0.13661908133012077
19,Low volatility,Minimum volatility,Demo_REITs,9.806700776822577e-21
19,Low volatility,Maximum Sharpe,Demo_Equity_A,0.4590940898981211
19,Low volatility,Maximum Sharpe,Demo_Equity_B,0.0
19,Low volatility,Maximum Sharpe,Demo_Bonds,0.2676875654487837
19,Low volatility,Maximum Sharpe,Demo_Gold,5.356011804194877e-17
19,Low volatility,Maximum Sharpe,Demo_REITs,0.2732183446530952
20,Base,Equal weight,Demo_Equity_A,0.2
20,Base,Equal weight,Demo_Equity_B,0.2
20,Base,Equal weight,Demo_Bonds,0.2
20,Base,Equal weight,Demo_Gold,0.2
20,Base,Equal weight,Demo_REITs,0.2
20,Base,Minimum volatility,Demo_Equity_A,0.07325451910736383
20,Base,Minimum volatility,Demo_Equity_B,0.004675780740425886
20,Base,Minimum volatility,Demo_Bonds,0.8067085143295517
20,Base,Minimum volatility,Demo_Gold,0.11536118582265849
20,Base,Minimum volatility,Demo_REITs,0.0
20,Base,Maximum Sharpe,Demo_Equity_A,0.5535425128101303
20,Base,Maximum Sharpe,Demo_Equity_B,0.0
20,Base,Maximum Sharpe,Demo_Bonds,3.833468622251301e-17
20,Base,Maximum Sharpe,Demo_Gold,3.0065072236302425e-17
20,Base,Maximum Sharpe,Demo_REITs,0.4464574871898697
21,High volatility,Equal weight,Demo_Equity_A,0.2
21,High volatility,Equal weight,Demo_Equity_B,0.2
21,High volatility,Equal weight,Demo_Bonds,0.2
21,High volatility,Equal weight,Demo_Gold,0.2
21,High volatility,Equal weight,Demo_REITs,0.2
21,High volatility,Minimum volatility,Demo_Equity_A,0.07366024711658674
21,High volatility,Minimum volatility,Demo_Equity_B,3.739139249126903e-18
21,High volatility,Minimum volatility,Demo_Bonds,0.790905862390671
21,High volatility,Minimum volatility,Demo_Gold,0.13543389049274232
21,High volatility,Minimum volatility,Demo_REITs,0.0
21,High volatility,Maximum Sharpe,Demo_Equity_A,0.0
21,High volatility,Maximum Sharpe,Demo_Equity_B,0.0
21,High volatility,Maximum Sharpe,Demo_Bonds,0.0
21,High volatility,Maximum Sharpe,Demo_Gold,1.0
21,High volatility,Maximum Sharpe,Demo_REITs,0.0
22,Low volatility,Equal weight,Demo_Equity_A,0.2
22,Low volatility,Equal weight,Demo_Equity_B,0.2
22,Low volatility,Equal weight,Demo_Bonds,0.2
22,Low volatility,Equal weight,Demo_Gold,0.2
22,Low volatility,Equal weight,Demo_REITs,0.2
22,Low volatility,Minimum volatility,Demo_Equity_A,0.05807113413672574
22,Low volatility,Minimum volatility,Demo_Equity_B,0.02455482020837135
22,Low volatility,Minimum volatility,Demo_Bonds,0.7733279585727846
22,Low volatility,Minimum volatility,Demo_Gold,0.14404608708211836
22,Low volatility,Minimum volatility,Demo_REITs,5.939487350314277e-19
22,Low volatility,Maximum Sharpe,Demo_Equity_A,0.45067402633196585
22,Low volatility,Maximum Sharpe,Demo_Equity_B,0.0
22,Low volatility,Maximum Sharpe,Demo_Bonds,0.5493259736680335
22,Low volatility,Maximum Sharpe,Demo_Gold,0.0
22,Low volatility,Maximum Sharpe,Demo_REITs,5.684500734844394e-16
23,Base,Equal weight,Demo_Equity_A,0.2
23,Base,Equal weight,Demo_Equity_B,0.2
23,Base,Equal weight,Demo_Bonds,0.2
23,Base,Equal weight,Demo_Gold,0.2
23,Base,Equal weight,Demo_REITs,0.2
23,Base,Minimum volatility,Demo_Equity_A,0.07049742412392918
23,Base,Minimum volatility,Demo_Equity_B,0.016152062606211878
23,Base,Minimum volatility,Demo_Bonds,0.7734581616935435
23,Base,Minimum volatility,Demo_Gold,0.13356520690434567
23,Base,Minimum volatility,Demo_REITs,0.006327144671969805
23,Base,Maximum Sharpe,Demo_Equity_A,0.12103785816296284
23,Base,Maximum Sharpe,Demo_Equity_B,0.0012549108467380778
23,Base,Maximum Sharpe,Demo_Bonds,0.6155060870415183
23,Base,Maximum Sharpe,Demo_Gold,0.03994111365911358
23,Base,Maximum Sharpe,Demo_REITs,0.2222600302896673
24,High volatility,Equal weight,Demo_Equity_A,0.2
24,High volatility,Equal weight,Demo_Equity_B,0.2
24,High volatility,Equal weight,Demo_Bonds,0.2
24,High volatility,Equal weight,Demo_Gold,0.2
24,High volatility,Equal weight,Demo_REITs,0.2
24,High volatility,Minimum volatility,Demo_Equity_A,0.07411786134242347
24,High volatility,Minimum volatility,Demo_Equity_B,0.008235174034619111
24,High volatility,Minimum volatility,Demo_Bonds,0.7661157090437828
24,High volatility,Minimum volatility,Demo_Gold,0.15153125557917446
24,High volatility,Minimum volatility,Demo_REITs,0.0
24,High volatility,Maximum Sharpe,Demo_Equity_A,0.22178191825431778
24,High volatility,Maximum Sharpe,Demo_Equity_B,0.0
24,High volatility,Maximum Sharpe,Demo_Bonds,0.7782180817456821
24,High volatility,Maximum Sharpe,Demo_Gold,1.4537495046721915e-16
24,High volatility,Maximum Sharpe,Demo_REITs,0.0
25,Low volatility,Equal weight,Demo_Equity_A,0.2
25,Low volatility,Equal weight,Demo_Equity_B,0.2
25,Low volatility,Equal weight,Demo_Bonds,0.2
25,Low volatility,Equal weight,Demo_Gold,0.2
25,Low volatility,Equal weight,Demo_REITs,0.2
25,Low volatility,Minimum volatility,Demo_Equity_A,0.07173731129003744
25,Low volatility,Minimum volatility,Demo_Equity_B,0.008352704433532256
25,Low volatility,Minimum volatility,Demo_Bonds,0.7883400005477548
25,Low volatility,Minimum volatility,Demo_Gold,0.13156998372867565
25,Low volatility,Minimum volatility,Demo_REITs,1.3355619946681e-19
25,Low volatility,Maximum Sharpe,Demo_Equity_A,0.5199109544053568
25,Low volatility,Maximum Sharpe,Demo_Equity_B,0.26859191300661084
25,Low volatility,Maximum Sharpe,Demo_Bonds,0.0
25,Low volatility,Maximum Sharpe,Demo_Gold,0.211497132588032
25,Low volatility,Maximum Sharpe,Demo_REITs,3.608448405643441e-16
26,Base,Equal weight,Demo_Equity_A,0.2
26,Base,Equal weight,Demo_Equity_B,0.2
26,Base,Equal weight,Demo_Bonds,0.2
26,Base,Equal weight,Demo_Gold,0.2
26,Base,Equal weight,Demo_REITs,0.2
26,Base,Minimum volatility,Demo_Equity_A,0.06498122215110472
26,Base,Minimum volatility,Demo_Equity_B,0.019411761423951932
26,Base,Minimum volatility,Demo_Bonds,0.7847365447282362
26,Base,Minimum volatility,Demo_Gold,0.13087047169670724
26,Base,Minimum volatility,Demo_REITs,0.0
26,Base,Maximum Sharpe,Demo_Equity_A,0.24868947076514475
26,Base,Maximum Sharpe,Demo_Equity_B,0.10405434411759236
26,Base,Maximum Sharpe,Demo_Bonds,0.12912881389730743
26,Base,Maximum Sharpe,Demo_Gold,0.32875889608037207
26,Base,Maximum Sharpe,Demo_REITs,0.1893684751395835
27,High volatility,Equal weight,Demo_Equity_A,0.2
27,High volatility,Equal weight,Demo_Equity_B,0.2
27,High volatility,Equal weight,Demo_Bonds,0.2
27,High volatility,Equal weight,Demo_Gold,0.2
27,High volatility,Equal weight,Demo_REITs,0.2
27,High volatility,Minimum volatility,Demo_Equity_A,0.06757681520032452
27,High volatility,Minimum volatility,Demo_Equity_B,0.013251763582730306
27,High volatility,Minimum volatility,Demo_Bonds,0.7662472800949727
27,High volatility,Minimum volatility,Demo_Gold,0.15292414112197256
27,High volatility,Minimum volatility,Demo_REITs,0.0
27,High volatility,Maximum Sharpe,Demo_Equity_A,0.0
27,High volatility,Maximum Sharpe,Demo_Equity_B,0.0
27,High volatility,Maximum Sharpe,Demo_Bonds,0.7415725187146361
27,High volatility,Maximum Sharpe,Demo_Gold,0.23856013223656589
27,High volatility,Maximum Sharpe,Demo_REITs,0.01986734904879801
28,Low volatility,Equal weight,Demo_Equity_A,0.2
28,Low volatility,Equal weight,Demo_Equity_B,0.2
28,Low volatility,Equal weight,Demo_Bonds,0.2
28,Low volatility,Equal weight,Demo_Gold,0.2
28,Low volatility,Equal weight,Demo_REITs,0.2
28,Low volatility,Minimum volatility,Demo_Equity_A,0.06607825351662848
28,Low volatility,Minimum volatility,Demo_Equity_B,0.019401324012960023
28,Low volatility,Minimum volatility,Demo_Bonds,0.7855866828530927
28,Low volatility,Minimum volatility,Demo_Gold,0.12893373961731883
28,Low volatility,Minimum volatility,Demo_REITs,0.0
28,Low volatility,Maximum Sharpe,Demo_Equity_A,0.08487996243337856
28,Low volatility,Maximum Sharpe,Demo_Equity_B,0.008686024722242069
28,Low volatility,Maximum Sharpe,Demo_Bonds,0.6712899791781101
28,Low volatility,Maximum Sharpe,Demo_Gold,0.12617308739410035
28,Low volatility,Maximum Sharpe,Demo_REITs,0.10897094627216897
29,Base,Equal weight,Demo_Equity_A,0.2
29,Base,Equal weight,Demo_Equity_B,0.2
29,Base,Equal weight,Demo_Bonds,0.2
29,Base,Equal weight,Demo_Gold,0.2
29,Base,Equal weight,Demo_REITs,0.2
29,Base,Minimum volatility,Demo_Equity_A,0.08749511627548043
29,Base,Minimum volatility,Demo_Equity_B,0.01941130823402794
29,Base,Minimum volatility,Demo_Bonds,0.7571376556642964
29,Base,Minimum volatility,Demo_Gold,0.13595591982619523
29,Base,Minimum volatility,Demo_REITs,0.0
29,Base,Maximum Sharpe,Demo_Equity_A,1.0696878775806171e-16
29,Base,Maximum Sharpe,Demo_Equity_B,2.1395633729948096e-17
29,Base,Maximum Sharpe,Demo_Bonds,0.7880785000302006
29,Base,Maximum Sharpe,Demo_Gold,0.05952699323136262
29,Base,Maximum Sharpe,Demo_REITs,0.15239450673843677
30,High volatility,Equal weight,Demo_Equity_A,0.2
30,High volatility,Equal weight,Demo_Equity_B,0.2
30,High volatility,Equal weight,Demo_Bonds,0.2
30,High volatility,Equal weight,Demo_Gold,0.2
30,High volatility,Equal weight,Demo_REITs,0.2
30,High volatility,Minimum volatility,Demo_Equity_A,0.07016324931938156
30,High volatility,Minimum volatility,Demo_Equity_B,0.003145652058337881
30,High volatility,Minimum volatility,Demo_Bonds,0.8021738021509983
30,High volatility,Minimum volatility,Demo_Gold,0.12451729647128226
30,High volatility,Minimum volatility,Demo_REITs,0.0
30,High volatility,Maximum Sharpe,Demo_Equity_A,1.0
30,High volatility,Maximum Sharpe,Demo_Equity_B,0.0
30,High volatility,Maximum Sharpe,Demo_Bonds,0.0
30,High volatility,Maximum Sharpe,Demo_Gold,0.0
30,High volatility,Maximum Sharpe,Demo_REITs,0.0
31,Low volatility,Equal weight,Demo_Equity_A,0.2
31,Low volatility,Equal weight,Demo_Equity_B,0.2
31,Low volatility,Equal weight,Demo_Bonds,0.2
31,Low volatility,Equal weight,Demo_Gold,0.2
31,Low volatility,Equal weight,Demo_REITs,0.2
31,Low volatility,Minimum volatility,Demo_Equity_A,0.07696620626731573
31,Low volatility,Minimum volatility,Demo_Equity_B,0.0032894724365683872
31,Low volatility,Minimum volatility,Demo_Bonds,0.7831878258022921
31,Low volatility,Minimum volatility,Demo_Gold,0.13655649549382387
31,Low volatility,Minimum volatility,Demo_REITs,0.0
31,Low volatility,Maximum Sharpe,Demo_Equity_A,0.2521732030216056
31,Low volatility,Maximum Sharpe,Demo_Equity_B,0.0805477349541313
31,Low volatility,Maximum Sharpe,Demo_Bonds,0.5649405321068263
31,Low volatility,Maximum Sharpe,Demo_Gold,0.10233852991743676
31,Low volatility,Maximum Sharpe,Demo_REITs,1.4077329079627508e-16
32,Base,Equal weight,Demo_Equity_A,0.2
32,Base,Equal weight,Demo_Equity_B,0.2
32,Base,Equal weight,Demo_Bonds,0.2
32,Base,Equal weight,Demo_Gold,0.2
32,Base,Equal weight,Demo_REITs,0.2
32,Base,Minimum volatility,Demo_Equity_A,0.079052242087704
32,Base,Minimum volatility,Demo_Equity_B,0.011198386811243712
32,Base,Minimum volatility,Demo_Bonds,0.7822908542243844
32,Base,Minimum volatility,Demo_Gold,0.12745851687666787
32,Base,Minimum volatility,Demo_REITs,0.0
32,Base,Maximum Sharpe,Demo_Equity_A,0.003616087511604042
32,Base,Maximum Sharpe,Demo_Equity_B,0.23896658478840124
32,Base,Maximum Sharpe,Demo_Bonds,1.4563368278679912e-16
32,Base,Maximum Sharpe,Demo_Gold,0.7574173276999946
32,Base,Maximum Sharpe,Demo_REITs,9.168924847486627e-17
33,High volatility,Equal weight,Demo_Equity_A,0.2
33,High volatility,Equal weight,Demo_Equity_B,0.2
33,High volatility,Equal weight,Demo_Bonds,0.2
33,High volatility,Equal weight,Demo_Gold,0.2
33,High volatility,Equal weight,Demo_REITs,0.2
33,High volatility,Minimum volatility,Demo_Equity_A,0.081030444754153
33,High volatility,Minimum volatility,Demo_Equity_B,0.006779271337054506
33,High volatility,Minimum volatility,Demo_Bonds,0.7801887678341505
33,High volatility,Minimum volatility,Demo_Gold,0.13200151607464206
33,High volatility,Minimum volatility,Demo_REITs,1.4284009156570795e-19
33,High volatility,Maximum Sharpe,Demo_Equity_A,1.0
33,High volatility,Maximum Sharpe,Demo_Equity_B,0.0
33,High volatility,Maximum Sharpe,Demo_Bonds,0.0
33,High volatility,Maximum Sharpe,Demo_Gold,0.0
33,High volatility,Maximum Sharpe,Demo_REITs,0.0
34,Low volatility,Equal weight,Demo_Equity_A,0.2
34,Low volatility,Equal weight,Demo_Equity_B,0.2
34,Low volatility,Equal weight,Demo_Bonds,0.2
34,Low volatility,Equal weight,Demo_Gold,0.2
34,Low volatility,Equal weight,Demo_REITs,0.2
34,Low volatility,Minimum volatility,Demo_Equity_A,0.06786043292151445
34,Low volatility,Minimum volatility,Demo_Equity_B,0.009371783341523532
34,Low volatility,Minimum volatility,Demo_Bonds,0.7922405642919842
34,Low volatility,Minimum volatility,Demo_Gold,0.13052721944497775
34,Low volatility,Minimum volatility,Demo_REITs,0.0
34,Low volatility,Maximum Sharpe,Demo_Equity_A,0.28481013291993196
34,Low volatility,Maximum Sharpe,Demo_Equity_B,0.0
34,Low volatility,Maximum Sharpe,Demo_Bonds,0.2201993238588556
34,Low volatility,Maximum Sharpe,Demo_Gold,0.4949905432212123
34,Low volatility,Maximum Sharpe,Demo_REITs,1.4447271804786142e-16
35,Base,Equal weight,Demo_Equity_A,0.2
35,Base,Equal weight,Demo_Equity_B,0.2
35,Base,Equal weight,Demo_Bonds,0.2
35,Base,Equal weight,Demo_Gold,0.2
35,Base,Equal weight,Demo_REITs,0.2
35,Base,Minimum volatility,Demo_Equity_A,0.05700446444542591
35,Base,Minimum volatility,Demo_Equity_B,0.026432931235997954
35,Base,Minimum volatility,Demo_Bonds,0.7874646052919326
35,Base,Minimum volatility,Demo_Gold,0.12909799902664357
35,Base,Minimum volatility,Demo_REITs,4.584635916762729e-19
35,Base,Maximum Sharpe,Demo_Equity_A,0.29328836123595364
35,Base,Maximum Sharpe,Demo_Equity_B,0.032833540660889636
35,Base,Maximum Sharpe,Demo_Bonds,0.4815321823403438
35,Base,Maximum Sharpe,Demo_Gold,0.19234591576281265
35,Base,Maximum Sharpe,Demo_REITs,3.0985298339989737e-16
36,High volatility,Equal weight,Demo_Equity_A,0.2
36,High volatility,Equal weight,Demo_Equity_B,0.2
36,High volatility,Equal weight,Demo_Bonds,0.2
36,High volatility,Equal weight,Demo_Gold,0.2
36,High volatility,Equal weight,Demo_REITs,0.2
36,High volatility,Minimum volatility,Demo_Equity_A,0.06414591587729152
36,High volatility,Minimum volatility,Demo_Equity_B,0.011157036029087249
36,High volatility,Minimum volatility,Demo_Bonds,0.7992132487327624
36,High volatility,Minimum volatility,Demo_Gold,0.1254837993608589
36,High volatility,Minimum volatility,Demo_REITs,2.378124938379475e-19
36,High volatility,Maximum Sharpe,Demo_Equity_A,0.24259407486095946
36,High volatility,Maximum Sharpe,Demo_Equity_B,1.660742240395826e-16
36,High volatility,Maximum Sharpe,Demo_Bonds,0.18785786272533897
36,High volatility,Maximum Sharpe,Demo_Gold,0.4511749107310192
36,High volatility,Maximum Sharpe,Demo_REITs,0.1183731516826823
37,Low volatility,Equal weight,Demo_Equity_A,0.2
37,Low volatility,Equal weight,Demo_Equity_B,0.2
37,Low volatility,Equal weight,Demo_Bonds,0.2
37,Low volatility,Equal weight,Demo_Gold,0.2
37,Low volatility,Equal weight,Demo_REITs,0.2
37,Low volatility,Minimum volatility,Demo_Equity_A,0.06464127031306513
37,Low volatility,Minimum volatility,Demo_Equity_B,0.015010142783756845
37,Low volatility,Minimum volatility,Demo_Bonds,0.792032448180897
37,Low volatility,Minimum volatility,Demo_Gold,0.12831613872228093
37,Low volatility,Minimum volatility,Demo_REITs,1.10110862159761e-18
37,Low volatility,Maximum Sharpe,Demo_Equity_A,0.08304172801015637
37,Low volatility,Maximum Sharpe,Demo_Equity_B,0.0
37,Low volatility,Maximum Sharpe,Demo_Bonds,0.33068114918890085
37,Low volatility,Maximum Sharpe,Demo_Gold,0.4689066750546003
37,Low volatility,Maximum Sharpe,Demo_REITs,0.1173704477463424
38,Base,Equal weight,Demo_Equity_A,0.2
38,Base,Equal weight,Demo_Equity_B,0.2
38,Base,Equal weight,Demo_Bonds,0.2
38,Base,Equal weight,Demo_Gold,0.2
38,Base,Equal weight,Demo_REITs,0.2
38,Base,Minimum volatility,Demo_Equity_A,0.06666780494281518
38,Base,Minimum volatility,Demo_Equity_B,0.009413691419217926
38,Base,Minimum volatility,Demo_Bonds,0.7902466649770987
38,Base,Minimum volatility,Demo_Gold,0.1336718386608682
38,Base,Minimum volatility,Demo_REITs,0.0
38,Base,Maximum Sharpe,Demo_Equity_A,0.05259180178731677
38,Base,Maximum Sharpe,Demo_Equity_B,0.0
38,Base,Maximum Sharpe,Demo_Bonds,2.014286949499372e-16
38,Base,Maximum Sharpe,Demo_Gold,0.9474081982126831
38,Base,Maximum Sharpe,Demo_REITs,6.758045755939801e-17
39,High volatility,Equal weight,Demo_Equity_A,0.2
39,High volatility,Equal weight,Demo_Equity_B,0.2
39,High volatility,Equal weight,Demo_Bonds,0.2
39,High volatility,Equal weight,Demo_Gold,0.2
39,High volatility,Equal weight,Demo_REITs,0.2
39,High volatility,Minimum volatility,Demo_Equity_A,0.08621415089904037
39,High volatility,Minimum volatility,Demo_Equity_B,0.0011151516318556828
39,High volatility,Minimum volatility,Demo_Bonds,0.7817819170856029
39,High volatility,Minimum volatility,Demo_Gold,0.12782771273576404
39,High volatility,Minimum volatility,Demo_REITs,0.0030610676477368513
39,High volatility,Maximum Sharpe,Demo_Equity_A,0.01837550575440427
39,High volatility,Maximum Sharpe,Demo_Equity_B,0.0
39,High volatility,Maximum Sharpe,Demo_Bonds,0.9816244942455957
39,High volatility,Maximum Sharpe,Demo_Gold,0.0
39,High volatility,Maximum Sharpe,Demo_REITs,0.0
40,Low volatility,Equal weight,Demo_Equity_A,0.2
40,Low volatility,Equal weight,Demo_Equity_B,0.2
40,Low volatility,Equal weight,Demo_Bonds,0.2
40,Low volatility,Equal weight,Demo_Gold,0.2
40,Low volatility,Equal weight,Demo_REITs,0.2
40,Low volatility,Minimum volatility,Demo_Equity_A,0.05176281149055983
40,Low volatility,Minimum volatility,Demo_Equity_B,0.02392268715126134
40,Low volatility,Minimum volatility,Demo_Bonds,0.7958770127775774
40,Low volatility,Minimum volatility,Demo_Gold,0.12843748858060147
40,Low volatility,Minimum volatility,Demo_REITs,1.978961570822868e-19
40,Low volatility,Maximum Sharpe,Demo_Equity_A,0.1669280312147772
40,Low volatility,Maximum Sharpe,Demo_Equity_B,0.0
40,Low volatility,Maximum Sharpe,Demo_Bonds,0.7609644441714415
40,Low volatility,Maximum Sharpe,Demo_Gold,0.07210752461378142
40,Low volatility,Maximum Sharpe,Demo_REITs,0.0
41,Base,Equal weight,Demo_Equity_A,0.2
41,Base,Equal weight,Demo_Equity_B,0.2
41,Base,Equal weight,Demo_Bonds,0.2
41,Base,Equal weight,Demo_Gold,0.2
41,Base,Equal weight,Demo_REITs,0.2
41,Base,Minimum volatility,Demo_Equity_A,0.07009353381746045
41,Base,Minimum volatility,Demo_Equity_B,0.008606882546321939
41,Base,Minimum volatility,Demo_Bonds,0.7888824883200293
41,Base,Minimum volatility,Demo_Gold,0.13241709531618817
41,Base,Minimum volatility,Demo_REITs,9.071198218560881e-20
41,Base,Maximum Sharpe,Demo_Equity_A,0.6464923640361883
41,Base,Maximum Sharpe,Demo_Equity_B,0.0
41,Base,Maximum Sharpe,Demo_Bonds,2.8575813390073315e-16
41,Base,Maximum Sharpe,Demo_Gold,0.35350763596381113
41,Base,Maximum Sharpe,Demo_REITs,2.248120964666329e-16
42,High volatility,Equal weight,Demo_Equity_A,0.2
42,High volatility,Equal weight,Demo_Equity_B,0.2
42,High volatility,Equal weight,Demo_Bonds,0.2
42,High volatility,Equal weight,Demo_Gold,0.2
42,High volatility,Equal weight,Demo_REITs,0.2
42,High volatility,Minimum volatility,Demo_Equity_A,0.0596256862832565
42,High volatility,Minimum volatility,Demo_Equity_B,0.009702947397149062
42,High volatility,Minimum volatility,Demo_Bonds,0.8073190093189908
42,High volatility,Minimum volatility,Demo_Gold,0.1233523570006037
42,High volatility,Minimum volatility,Demo_REITs,0.0
42,High volatility,Maximum Sharpe,Demo_Equity_A,0.6317766935395331
42,High volatility,Maximum Sharpe,Demo_Equity_B,1.8284167251987067e-16
42,High volatility,Maximum Sharpe,Demo_Bonds,0.0
42,High volatility,Maximum Sharpe,Demo_Gold,0.1681672625345486
42,High volatility,Maximum Sharpe,Demo_REITs,0.20005604392591808
43,Low volatility,Equal weight,Demo_Equity_A,0.2
43,Low volatility,Equal weight,Demo_Equity_B,0.2
43,Low volatility,Equal weight,Demo_Bonds,0.2
43,Low volatility,Equal weight,Demo_Gold,0.2
43,Low volatility,Equal weight,Demo_REITs,0.2
43,Low volatility,Minimum volatility,Demo_Equity_A,0.0643117109420399
43,Low volatility,Minimum volatility,Demo_Equity_B,0.006670418454163117
43,Low volatility,Minimum volatility,Demo_Bonds,0.8051716684947978
43,Low volatility,Minimum volatility,Demo_Gold,0.12384620210899926
43,Low volatility,Minimum volatility,Demo_REITs,6.58887708442767e-20
43,Low volatility,Maximum Sharpe,Demo_Equity_A,0.4295600887085105
43,Low volatility,Maximum Sharpe,Demo_Equity_B,0.0
43,Low volatility,Maximum Sharpe,Demo_Bonds,7.78362141784702e-17
43,Low volatility,Maximum Sharpe,Demo_Gold,0.5704399112914892
43,Low volatility,Maximum Sharpe,Demo_REITs,1.3353222766313233e-16
44,Base,Equal weight,Demo_Equity_A,0.2
44,Base,Equal weight,Demo_Equity_B,0.2
44,Base,Equal weight,Demo_Bonds,0.2
44,Base,Equal weight,Demo_Gold,0.2
44,Base,Equal weight,Demo_REITs,0.2
44,Base,Minimum volatility,Demo_Equity_A,0.07078426987597311
44,Base,Minimum volatility,Demo_Equity_B,0.015393255536374755
44,Base,Minimum volatility,Demo_Bonds,0.7983239086041529
44,Base,Minimum volatility,Demo_Gold,0.11549856598349927
44,Base,Minimum volatility,Demo_REITs,0.0
44,Base,Maximum Sharpe,Demo_Equity_A,1.8660426095978542e-17
44,Base,Maximum Sharpe,Demo_Equity_B,2.245146659792469e-16
44,Base,Maximum Sharpe,Demo_Bonds,0.12209967770060544
44,Base,Maximum Sharpe,Demo_Gold,0.4863861767084102
44,Base,Maximum Sharpe,Demo_REITs,0.39151414559098413
45,High volatility,Equal weight,Demo_Equity_A,0.2
45,High volatility,Equal weight,Demo_Equity_B,0.2
45,High volatility,Equal weight,Demo_Bonds,0.2
45,High volatility,Equal weight,Demo_Gold,0.2
45,High volatility,Equal weight,Demo_REITs,0.2
45,High volatility,Minimum volatility,Demo_Equity_A,0.055966874445443
45,High volatility,Minimum volatility,Demo_Equity_B,0.020370309740057047
45,High volatility,Minimum volatility,Demo_Bonds,0.8051386534116652
45,High volatility,Minimum volatility,Demo_Gold,0.11852416240283473
45,High volatility,Minimum volatility,Demo_REITs,6.012054704118895e-19
45,High volatility,Maximum Sharpe,Demo_Equity_A,0.03080336380432615
45,High volatility,Maximum Sharpe,Demo_Equity_B,0.42864964228221053
45,High volatility,Maximum Sharpe,Demo_Bonds,0.3983979754742498
45,High volatility,Maximum Sharpe,Demo_Gold,0.006093984670879756
45,High volatility,Maximum Sharpe,Demo_REITs,0.13605503376833383
46,Low volatility,Equal weight,Demo_Equity_A,0.2
46,Low volatility,Equal weight,Demo_Equity_B,0.2
46,Low volatility,Equal weight,Demo_Bonds,0.2
46,Low volatility,Equal weight,Demo_Gold,0.2
46,Low volatility,Equal weight,Demo_REITs,0.2
46,Low volatility,Minimum volatility,Demo_Equity_A,0.05193919995341346
46,Low volatility,Minimum volatility,Demo_Equity_B,0.027035344570089416
46,Low volatility,Minimum volatility,Demo_Bonds,0.8050586000247938
46,Low volatility,Minimum volatility,Demo_Gold,0.11596685545170346
46,Low volatility,Minimum volatility,Demo_REITs,0.0
46,Low volatility,Maximum Sharpe,Demo_Equity_A,0.08374712570803713
46,Low volatility,Maximum Sharpe,Demo_Equity_B,0.038064457235596934
46,Low volatility,Maximum Sharpe,Demo_Bonds,0.8474199198958939
46,Low volatility,Maximum Sharpe,Demo_Gold,0.03076849716047202
46,Low volatility,Maximum Sharpe,Demo_REITs,0.0
47,Base,Equal weight,Demo_Equity_A,0.2
47,Base,Equal weight,Demo_Equity_B,0.2
47,Base,Equal weight,Demo_Bonds,0.2
47,Base,Equal weight,Demo_Gold,0.2
47,Base,Equal weight,Demo_REITs,0.2
47,Base,Minimum volatility,Demo_Equity_A,0.04623088221435997
47,Base,Minimum volatility,Demo_Equity_B,0.018293803667356955
47,Base,Minimum volatility,Demo_Bonds,0.8114385175483756
47,Base,Minimum volatility,Demo_Gold,0.12403679656990754
47,Base,Minimum volatility,Demo_REITs,7.845360621458063e-20
47,Base,Maximum Sharpe,Demo_Equity_A,0.0
47,Base,Maximum Sharpe,Demo_Equity_B,0.0
47,Base,Maximum Sharpe,Demo_Bonds,0.0
47,Base,Maximum Sharpe,Demo_Gold,1.0
47,Base,Maximum Sharpe,Demo_REITs,0.0
48,High volatility,Equal weight,Demo_Equity_A,0.2
48,High volatility,Equal weight,Demo_Equity_B,0.2
48,High volatility,Equal weight,Demo_Bonds,0.2
48,High volatility,Equal weight,Demo_Gold,0.2
48,High volatility,Equal weight,Demo_REITs,0.2
48,High volatility,Minimum volatility,Demo_Equity_A,0.08137562074424168
48,High volatility,Minimum volatility,Demo_Equity_B,0.009433546550287475
48,High volatility,Minimum volatility,Demo_Bonds,0.7841114790492602
48,High volatility,Minimum volatility,Demo_Gold,0.12507935365621067
48,High volatility,Minimum volatility,Demo_REITs,0.0
48,High volatility,Maximum Sharpe,Demo_Equity_A,0.31664609780856623
48,High volatility,Maximum Sharpe,Demo_Equity_B,0.4838172628530436
48,High volatility,Maximum Sharpe,Demo_Bonds,2.0540309532307183e-16
48,High volatility,Maximum Sharpe,Demo_Gold,0.0
48,High volatility,Maximum Sharpe,Demo_REITs,0.19953663933838994
49,Low volatility,Equal weight,Demo_Equity_A,0.2
49,Low volatility,Equal weight,Demo_Equity_B,0.2
49,Low volatility,Equal weight,Demo_Bonds,0.2
49,Low volatility,Equal weight,Demo_Gold,0.2
49,Low volatility,Equal weight,Demo_REITs,0.2
49,Low volatility,Minimum volatility,Demo_Equity_A,0.06526525831230655
49,Low volatility,Minimum volatility,Demo_Equity_B,0.010134588410140779
49,Low volatility,Minimum volatility,Demo_Bonds,0.7919780140452066
49,Low volatility,Minimum volatility,Demo_Gold,0.12751844765260414
49,Low volatility,Minimum volatility,Demo_REITs,0.005103691579741738
49,Low volatility,Maximum Sharpe,Demo_Equity_A,0.49963272291139066
49,Low volatility,Maximum Sharpe,Demo_Equity_B,1.2178135528312933e-16
49,Low volatility,Maximum Sharpe,Demo_Bonds,7.938528929699994e-17
49,Low volatility,Maximum Sharpe,Demo_Gold,0.5003672770886092
49,Low volatility,Maximum Sharpe,Demo_REITs,0.0
50,Base,Equal weight,Demo_Equity_A,0.2
50,Base,Equal weight,Demo_Equity_B,0.2
50,Base,Equal weight,Demo_Bonds,0.2
50,Base,Equal weight,Demo_Gold,0.2
50,Base,Equal weight,Demo_REITs,0.2
50,Base,Minimum volatility,Demo_Equity_A,0.07127044745041182
50,Base,Minimum volatility,Demo_Equity_B,0.011301010869329135
50,Base,Minimum volatility,Demo_Bonds,0.7779576072500998
50,Base,Minimum volatility,Demo_Gold,0.13947093443015934
50,Base,Minimum volatility,Demo_REITs,1.6444611365134362e-18
50,Base,Maximum Sharpe,Demo_Equity_A,0.0
50,Base,Maximum Sharpe,Demo_Equity_B,7.658697949328491e-16
50,Base,Maximum Sharpe,Demo_Bonds,0.5547213145410583
50,Base,Maximum Sharpe,Demo_Gold,0.4452786854589409
50,Base,Maximum Sharpe,Demo_REITs,0.0
51,High volatility,Equal weight,Demo_Equity_A,0.2
51,High volatility,Equal weight,Demo_Equity_B,0.2
51,High volatility,Equal weight,Demo_Bonds,0.2
51,High volatility,Equal weight,Demo_Gold,0.2
51,High volatility,Equal weight,Demo_REITs,0.2
51,High volatility,Minimum volatility,Demo_Equity_A,0.05623249722249069
51,High volatility,Minimum volatility,Demo_Equity_B,0.015171107669656726
51,High volatility,Minimum volatility,Demo_Bonds,0.7919642643525288
51,High volatility,Minimum volatility,Demo_Gold,0.13047317111953213
51,High volatility,Minimum volatility,Demo_REITs,0.006158959635791819
51,High volatility,Maximum Sharpe,Demo_Equity_A,1.0
51,High volatility,Maximum Sharpe,Demo_Equity_B,0.0
51,High volatility,Maximum Sharpe,Demo_Bonds,0.0
51,High volatility,Maximum Sharpe,Demo_Gold,0.0
51,High volatility,Maximum Sharpe,Demo_REITs,0.0
52,Low volatility,Equal weight,Demo_Equity_A,0.2
52,Low volatility,Equal weight,Demo_Equity_B,0.2
52,Low volatility,Equal weight,Demo_Bonds,0.2
52,Low volatility,Equal weight,Demo_Gold,0.2
52,Low volatility,Equal weight,Demo_REITs,0.2
52,Low volatility,Minimum volatility,Demo_Equity_A,0.0738539910506735
52,Low volatility,Minimum volatility,Demo_Equity_B,2.760292298044252e-19
52,Low volatility,Minimum volatility,Demo_Bonds,0.7809670903288046
52,Low volatility,Minimum volatility,Demo_Gold,0.1337287638426137
52,Low volatility,Minimum volatility,Demo_REITs,0.01145015477790821
52,Low volatility,Maximum Sharpe,Demo_Equity_A,0.5386873285682704
52,Low volatility,Maximum Sharpe,Demo_Equity_B,0.2415241814953784
52,Low volatility,Maximum Sharpe,Demo_Bonds,0.21978848993635122
52,Low volatility,Maximum Sharpe,Demo_Gold,1.1005553543792798e-17
52,Low volatility,Maximum Sharpe,Demo_REITs,3.561471939772721e-17
53,Base,Equal weight,Demo_Equity_A,0.2
53,Base,Equal weight,Demo_Equity_B,0.2
53,Base,Equal weight,Demo_Bonds,0.2
53,Base,Equal weight,Demo_Gold,0.2
53,Base,Equal weight,Demo_REITs,0.2
53,Base,Minimum volatility,Demo_Equity_A,0.06595451996347207
53,Base,Minimum volatility,Demo_Equity_B,0.01781824964803281
53,Base,Minimum volatility,Demo_Bonds,0.7870369090183886
53,Base,Minimum volatility,Demo_Gold,0.12128061994062017
53,Base,Minimum volatility,Demo_REITs,0.007909701429486493
53,Base,Maximum Sharpe,Demo_Equity_A,0.5938321603588821
53,Base,Maximum Sharpe,Demo_Equity_B,0.06192439608220529
53,Base,Maximum Sharpe,Demo_Bonds,0.0
53,Base,Maximum Sharpe,Demo_Gold,0.3290107481325228
53,Base,Maximum Sharpe,Demo_REITs,0.015232695426389746
54,High volatility,Equal weight,Demo_Equity_A,0.2
54,High volatility,Equal weight,Demo_Equity_B,0.2
54,High volatility,Equal weight,Demo_Bonds,0.2
54,High volatility,Equal weight,Demo_Gold,0.2
54,High volatility,Equal weight,Demo_REITs,0.2
54,High volatility,Minimum volatility,Demo_Equity_A,0.050752011464794695
54,High volatility,Minimum volatility,Demo_Equity_B,0.01542263953825219
54,High volatility,Minimum volatility,Demo_Bonds,0.7921471996222714
54,High volatility,Minimum volatility,Demo_Gold,0.1379636022623647
54,High volatility,Minimum volatility,Demo_REITs,0.003714547112317057
54,High volatility,Maximum Sharpe,Demo_Equity_A,0.0
54,High volatility,Maximum Sharpe,Demo_Equity_B,0.0
54,High volatility,Maximum Sharpe,Demo_Bonds,1.0
54,High volatility,Maximum Sharpe,Demo_Gold,0.0
54,High volatility,Maximum Sharpe,Demo_REITs,0.0
55,Low volatility,Equal weight,Demo_Equity_A,0.2
55,Low volatility,Equal weight,Demo_Equity_B,0.2
55,Low volatility,Equal weight,Demo_Bonds,0.2
55,Low volatility,Equal weight,Demo_Gold,0.2
55,Low volatility,Equal weight,Demo_REITs,0.2
55,Low volatility,Minimum volatility,Demo_Equity_A,0.047121353234342994
55,Low volatility,Minimum volatility,Demo_Equity_B,0.01752388633276512
55,Low volatility,Minimum volatility,Demo_Bonds,0.7966856155392624
55,Low volatility,Minimum volatility,Demo_Gold,0.12166340311637792
55,Low volatility,Minimum volatility,Demo_REITs,0.017005741777251594
55,Low volatility,Maximum Sharpe,Demo_Equity_A,4.9496949295809715e-17
55,Low volatility,Maximum Sharpe,Demo_Equity_B,0.035213580890572596
55,Low volatility,Maximum Sharpe,Demo_Bonds,0.691037620938235
55,Low volatility,Maximum Sharpe,Demo_Gold,0.2737487981711924
55,Low volatility,Maximum Sharpe,Demo_REITs,0.0
56,Base,Equal weight,Demo_Equity_A,0.2
56,Base,Equal weight,Demo_Equity_B,0.2
56,Base,Equal weight,Demo_Bonds,0.2
56,Base,Equal weight,Demo_Gold,0.2
56,Base,Equal weight,Demo_REITs,0.2
56,Base,Minimum volatility,Demo_Equity_A,0.061173324635038155
56,Base,Minimum volatility,Demo_Equity_B,0.01612753187022672
56,Base,Minimum volatility,Demo_Bonds,0.7795507532550319
56,Base,Minimum volatility,Demo_Gold,0.1431483902397033
56,Base,Minimum volatility,Demo_REITs,9.507902862528765e-20
56,Base,Maximum Sharpe,Demo_Equity_A,0.20111580687135563
56,Base,Maximum Sharpe,Demo_Equity_B,0.31873269331092396
56,Base,Maximum Sharpe,Demo_Bonds,0.0
56,Base,Maximum Sharpe,Demo_Gold,0.04704143712731018
56,Base,Maximum Sharpe,Demo_REITs,0.43311006269041036
57,High volatility,Equal weight,Demo_Equity_A,0.2
57,High volatility,Equal weight,Demo_Equity_B,0.2
57,High volatility,Equal weight,Demo_Bonds,0.2
57,High volatility,Equal weight,Demo_Gold,0.2
57,High volatility,Equal weight,Demo_REITs,0.2
57,High volatility,Minimum volatility,Demo_Equity_A,0.04979750399702204
57,High volatility,Minimum volatility,Demo_Equity_B,0.024545523718243083
57,High volatility,Minimum volatility,Demo_Bonds,0.7968450780283182
57,High volatility,Minimum volatility,Demo_Gold,0.12881189425641673
57,High volatility,Minimum volatility,Demo_REITs,1.6793975080308663e-19
57,High volatility,Maximum Sharpe,Demo_Equity_A,0.2588782599017982
57,High volatility,Maximum Sharpe,Demo_Equity_B,0.0
57,High volatility,Maximum Sharpe,Demo_Bonds,0.7411217400982019
57,High volatility,Maximum Sharpe,Demo_Gold,0.0
57,High volatility,Maximum Sharpe,Demo_REITs,0.0
58,Low volatility,Equal weight,Demo_Equity_A,0.2
58,Low volatility,Equal weight,Demo_Equity_B,0.2
58,Low volatility,Equal weight,Demo_Bonds,0.2
58,Low volatility,Equal weight,Demo_Gold,0.2
58,Low volatility,Equal weight,Demo_REITs,0.2
58,Low volatility,Minimum volatility,Demo_Equity_A,0.06650114174651342
58,Low volatility,Minimum volatility,Demo_Equity_B,0.017039933498474383
58,Low volatility,Minimum volatility,Demo_Bonds,0.7953783609347295
58,Low volatility,Minimum volatility,Demo_Gold,0.1191645253545987
58,Low volatility,Minimum volatility,Demo_REITs,0.0019160384656840281
58,Low volatility,Maximum Sharpe,Demo_Equity_A,0.21842862992040302
58,Low volatility,Maximum Sharpe,Demo_Equity_B,1.399505154830947e-16
58,Low volatility,Maximum Sharpe,Demo_Bonds,0.0
58,Low volatility,Maximum Sharpe,Demo_Gold,0.7815713700795969
58,Low volatility,Maximum Sharpe,Demo_REITs,0.0
59,Base,Equal weight,Demo_Equity_A,0.2
59,Base,Equal weight,Demo_Equity_B,0.2
59,Base,Equal weight,Demo_Bonds,0.2
59,Base,Equal weight,Demo_Gold,0.2
59,Base,Equal weight,Demo_REITs,0.2
59,Base,Minimum volatility,Demo_Equity_A,0.06744956275953108
59,Base,Minimum volatility,Demo_Equity_B,0.014163548083306792
59,Base,Minimum volatility,Demo_Bonds,0.8043588202660148
59,Base,Minimum volatility,Demo_Gold,0.11402806889114739
59,Base,Minimum volatility,Demo_REITs,2.536882839828866e-19
59,Base,Maximum Sharpe,Demo_Equity_A,0.07438905823006352
59,Base,Maximum Sharpe,Demo_Equity_B,0.15559949069919304
59,Base,Maximum Sharpe,Demo_Bonds,0.6924096103667636
59,Base,Maximum Sharpe,Demo_Gold,0.0
59,Base,Maximum Sharpe,Demo_REITs,0.07760184070397988
60,High volatility,Equal weight,Demo_Equity_A,0.2
60,High volatility,Equal weight,Demo_Equity_B,0.2
60,High volatility,Equal weight,Demo_Bonds,0.2
60,High volatility,Equal weight,Demo_Gold,0.2
60,High volatility,Equal weight,Demo_REITs,0.2
60,High volatility,Minimum volatility,Demo_Equity_A,0.07368048410633944
60,High volatility,Minimum volatility,Demo_Equity_B,0.01425541524373441
60,High volatility,Minimum volatility,Demo_Bonds,0.78042205577266
60,High volatility,Minimum volatility,Demo_Gold,0.1316420448772662
60,High volatility,Minimum volatility,Demo_REITs,5.785953458325321e-19
60,High volatility,Maximum Sharpe,Demo_Equity_A,3.6263863048053207e-16
60,High volatility,Maximum Sharpe,Demo_Equity_B,0.0
60,High volatility,Maximum Sharpe,Demo_Bonds,0.8330041729086904
60,High volatility,Maximum Sharpe,Demo_Gold,0.1401539753443543
60,High volatility,Maximum Sharpe,Demo_REITs,0.02684185174695487
61,Low volatility,Equal weight,Demo_Equity_A,0.2
61,Low volatility,Equal weight,Demo_Equity_B,0.2
61,Low volatility,Equal weight,Demo_Bonds,0.2
61,Low volatility,Equal weight,Demo_Gold,0.2
61,Low volatility,Equal weight,Demo_REITs,0.2
61,Low volatility,Minimum volatility,Demo_Equity_A,0.07386392713593089
61,Low volatility,Minimum volatility,Demo_Equity_B,0.005817707892075292
61,Low volatility,Minimum volatility,Demo_Bonds,0.7668475948383418
61,Low volatility,Minimum volatility,Demo_Gold,0.15347077013365212
61,Low volatility,Minimum volatility,Demo_REITs,2.7955530594280965e-18
61,Low volatility,Maximum Sharpe,Demo_Equity_A,0.2320837590262639
61,Low volatility,Maximum Sharpe,Demo_Equity_B,0.1365392235836139
61,Low volatility,Maximum Sharpe,Demo_Bonds,0.43738760135358273
61,Low volatility,Maximum Sharpe,Demo_Gold,0.19398941603653957
61,Low volatility,Maximum Sharpe,Demo_REITs,0.0
62,Base,Equal weight,Demo_Equity_A,0.2
62,Base,Equal weight,Demo_Equity_B,0.2
62,Base,Equal weight,Demo_Bonds,0.2
62,Base,Equal weight,Demo_Gold,0.2
62,Base,Equal weight,Demo_REITs,0.2
62,Base,Minimum volatility,Demo_Equity_A,0.08703055574494736
62,Base,Minimum volatility,Demo_Equity_B,0.007000292521881488
62,Base,Minimum volatility,Demo_Bonds,0.7852231205853268
62,Base,Minimum volatility,Demo_Gold,0.12074603114784431
62,Base,Minimum volatility,Demo_REITs,1.0297035815663706e-19
62,Base,Maximum Sharpe,Demo_Equity_A,0.0
62,Base,Maximum Sharpe,Demo_Equity_B,0.13735623787640047
62,Base,Maximum Sharpe,Demo_Bonds,0.8066714387437127
62,Base,Maximum Sharpe,Demo_Gold,0.0
62,Base,Maximum Sharpe,Demo_REITs,0.05597232337988687
63,High volatility,Equal weight,Demo_Equity_A,0.2
63,High volatility,Equal weight,Demo_Equity_B,0.2
63,High volatility,Equal weight,Demo_Bonds,0.2
63,High volatility,Equal weight,Demo_Gold,0.2
63,High volatility,Equal weight,Demo_REITs,0.2
63,High volatility,Minimum volatility,Demo_Equity_A,0.08548333879996274
63,High volatility,Minimum volatility,Demo_Equity_B,0.0026023641904654496
63,High volatility,Minimum volatility,Demo_Bonds,0.7780708320795467
63,High volatility,Minimum volatility,Demo_Gold,0.1338434649300251
63,High volatility,Minimum volatility,Demo_REITs,0.0
63,High volatility,Maximum Sharpe,Demo_Equity_A,0.0
63,High volatility,Maximum Sharpe,Demo_Equity_B,4.5250790099065283e-17
63,High volatility,Maximum Sharpe,Demo_Bonds,0.0
63,High volatility,Maximum Sharpe,Demo_Gold,0.4740401607045637
63,High volatility,Maximum Sharpe,Demo_REITs,0.5259598392954363
64,Low volatility,Equal weight,Demo_Equity_A,0.2
64,Low volatility,Equal weight,Demo_Equity_B,0.2
64,Low volatility,Equal weight,Demo_Bonds,0.2
64,Low volatility,Equal weight,Demo_Gold,0.2
64,Low volatility,Equal weight,Demo_REITs,0.2
64,Low volatility,Minimum volatility,Demo_Equity_A,0.06974621101868779
64,Low volatility,Minimum volatility,Demo_Equity_B,0.01872395738337411
64,Low volatility,Minimum volatility,Demo_Bonds,0.7787636406914651
64,Low volatility,Minimum volatility,Demo_Gold,0.13276619090647312
64,Low volatility,Minimum volatility,Demo_REITs,0.0
64,Low volatility,Maximum Sharpe,Demo_Equity_A,0.10755504679136628
64,Low volatility,Maximum Sharpe,Demo_Equity_B,0.0
64,Low volatility,Maximum Sharpe,Demo_Bonds,0.05540186059330322
64,Low volatility,Maximum Sharpe,Demo_Gold,0.8370430926153303
64,Low volatility,Maximum Sharpe,Demo_REITs,1.3944393002083442e-16
65,Base,Equal weight,Demo_Equity_A,0.2
65,Base,Equal weight,Demo_Equity_B,0.2
65,Base,Equal weight,Demo_Bonds,0.2
65,Base,Equal weight,Demo_Gold,0.2
65,Base,Equal weight,Demo_REITs,0.2
65,Base,Minimum volatility,Demo_Equity_A,0.06428639568708502
65,Base,Minimum volatility,Demo_Equity_B,0.012042146480518287
65,Base,Minimum volatility,Demo_Bonds,0.8060870280338562
65,Base,Minimum volatility,Demo_Gold,0.11758442979854047
65,Base,Minimum volatility,Demo_REITs,4.244495740335829e-20
65,Base,Maximum Sharpe,Demo_Equity_A,1.6460040108061685e-17
65,Base,Maximum Sharpe,Demo_Equity_B,0.5377340745718187
65,Base,Maximum Sharpe,Demo_Bonds,7.703726450399332e-18
65,Base,Maximum Sharpe,Demo_Gold,0.3380453920147366
65,Base,Maximum Sharpe,Demo_REITs,0.12422053341344479
66,High volatility,Equal weight,Demo_Equity_A,0.2
66,High volatility,Equal weight,Demo_Equity_B,0.2
66,High volatility,Equal weight,Demo_Bonds,0.2
66,High volatility,Equal weight,Demo_Gold,0.2
66,High volatility,Equal weight,Demo_REITs,0.2
66,High volatility,Minimum volatility,Demo_Equity_A,0.0654248573986119
66,High volatility,Minimum volatility,Demo_Equity_B,0.00793576770034285
66,High volatility,Minimum volatility,Demo_Bonds,0.7876179510234663
66,High volatility,Minimum volatility,Demo_Gold,0.13839421320919473
66,High volatility,Minimum volatility,Demo_REITs,0.0006272106683842068
66,High volatility,Maximum Sharpe,Demo_Equity_A,0.863224745419847
66,High volatility,Maximum Sharpe,Demo_Equity_B,0.13677525458015277
66,High volatility,Maximum Sharpe,Demo_Bonds,0.0
66,High volatility,Maximum Sharpe,Demo_Gold,0.0
66,High volatility,Maximum Sharpe,Demo_REITs,1.2576270935450394e-16
67,Low volatility,Equal weight,Demo_Equity_A,0.2
67,Low volatility,Equal weight,Demo_Equity_B,0.2
67,Low volatility,Equal weight,Demo_Bonds,0.2
67,Low volatility,Equal weight,Demo_Gold,0.2
67,Low volatility,Equal weight,Demo_REITs,0.2
67,Low volatility,Minimum volatility,Demo_Equity_A,0.06161777557856921
67,Low volatility,Minimum volatility,Demo_Equity_B,0.00816636069782814
67,Low volatility,Minimum volatility,Demo_Bonds,0.780817668767169
67,Low volatility,Minimum volatility,Demo_Gold,0.13749202029117297
67,Low volatility,Minimum volatility,Demo_REITs,0.01190617466526072
67,Low volatility,Maximum Sharpe,Demo_Equity_A,0.33968042060853537
67,Low volatility,Maximum Sharpe,Demo_Equity_B,0.0
67,Low volatility,Maximum Sharpe,Demo_Bonds,0.0
67,Low volatility,Maximum Sharpe,Demo_Gold,0.6603195793914645
67,Low volatility,Maximum Sharpe,Demo_REITs,0.0
68,Base,Equal weight,Demo_Equity_A,0.2
68,Base,Equal weight,Demo_Equity_B,0.2
68,Base,Equal weight,Demo_Bonds,0.2
68,Base,Equal weight,Demo_Gold,0.2
68,Base,Equal weight,Demo_REITs,0.2
68,Base,Minimum volatility,Demo_Equity_A,0.07087793123543741
68,Base,Minimum volatility,Demo_Equity_B,0.022355511576456665
68,Base,Minimum volatility,Demo_Bonds,0.7744679538586348
68,Base,Minimum volatility,Demo_Gold,0.13177471209650468
68,Base,Minimum volatility,Demo_REITs,0.0005238912329665208
68,Base,Maximum Sharpe,Demo_Equity_A,0.26987619528840395
68,Base,Maximum Sharpe,Demo_Equity_B,0.36788871466701484
68,Base,Maximum Sharpe,Demo_Bonds,0.21060007394554803
68,Base,Maximum Sharpe,Demo_Gold,0.15163501609903315
68,Base,Maximum Sharpe,Demo_REITs,0.0
69,High volatility,Equal weight,Demo_Equity_A,0.2
69,High volatility,Equal weight,Demo_Equity_B,0.2
69,High volatility,Equal weight,Demo_Bonds,0.2
69,High volatility,Equal weight,Demo_Gold,0.2
69,High volatility,Equal weight,Demo_REITs,0.2
69,High volatility,Minimum volatility,Demo_Equity_A,0.058640270129317676
69,High volatility,Minimum volatility,Demo_Equity_B,0.01463406623680245
69,High volatility,Minimum volatility,Demo_Bonds,0.7983864869268549
69,High volatility,Minimum volatility,Demo_Gold,0.12833917670702502
69,High volatility,Minimum volatility,Demo_REITs,0.0
69,High volatility,Maximum Sharpe,Demo_Equity_A,0.0
69,High volatility,Maximum Sharpe,Demo_Equity_B,0.0
69,High volatility,Maximum Sharpe,Demo_Bonds,0.6847727922633926
69,High volatility,Maximum Sharpe,Demo_Gold,0.31522720773660234
69,High volatility,Maximum Sharpe,Demo_REITs,5.192843617351039e-15
70,Low volatility,Equal weight,Demo_Equity_A,0.2
70,Low volatility,Equal weight,Demo_Equity_B,0.2
70,Low volatility,Equal weight,Demo_Bonds,0.2
70,Low volatility,Equal weight,Demo_Gold,0.2
70,Low volatility,Equal weight,Demo_REITs,0.2
70,Low volatility,Minimum volatility,Demo_Equity_A,0.06109958411593658
70,Low volatility,Minimum volatility,Demo_Equity_B,0.016284481829065427
70,Low volatility,Minimum volatility,Demo_Bonds,0.8031929677467453
70,Low volatility,Minimum volatility,Demo_Gold,0.11751855706780677
70,Low volatility,Minimum volatility,Demo_REITs,0.0019044092404458708
70,Low volatility,Maximum Sharpe,Demo_Equity_A,0.0
70,Low volatility,Maximum Sharpe,Demo_Equity_B,0.0
70,Low volatility,Maximum Sharpe,Demo_Bonds,1.0
70,Low volatility,Maximum Sharpe,Demo_Gold,0.0
70,Low volatility,Maximum Sharpe,Demo_REITs,0.0
71,Base,Equal weight,Demo_Equity_A,0.2
71,Base,Equal weight,Demo_Equity_B,0.2
71,Base,Equal weight,Demo_Bonds,0.2
71,Base,Equal weight,Demo_Gold,0.2
71,Base,Equal weight,Demo_REITs,0.2
71,Base,Minimum volatility,Demo_Equity_A,0.0652824581243391
71,Base,Minimum volatility,Demo_Equity_B,0.0
71,Base,Minimum volatility,Demo_Bonds,0.8016014132397202
71,Base,Minimum volatility,Demo_Gold,0.13311612863594077
71,Base,Minimum volatility,Demo_REITs,6.6293297251320624e-18
71,Base,Maximum Sharpe,Demo_Equity_A,7.0948340726899e-17
71,Base,Maximum Sharpe,Demo_Equity_B,0.0
71,Base,Maximum Sharpe,Demo_Bonds,1.5592991036837792e-17
71,Base,Maximum Sharpe,Demo_Gold,1.7152032290233352e-18
71,Base,Maximum Sharpe,Demo_REITs,1.0
72,High volatility,Equal weight,Demo_Equity_A,0.2
72,High volatility,Equal weight,Demo_Equity_B,0.2
72,High volatility,Equal weight,Demo_Bonds,0.2
72,High volatility,Equal weight,Demo_Gold,0.2
72,High volatility,Equal weight,Demo_REITs,0.2
72,High volatility,Minimum volatility,Demo_Equity_A,0.06260021982520797
72,High volatility,Minimum volatility,Demo_Equity_B,0.01813156098083198
72,High volatility,Minimum volatility,Demo_Bonds,0.7836711556743422
72,High volatility,Minimum volatility,Demo_Gold,0.13559706351961792
72,High volatility,Minimum volatility,Demo_REITs,2.54974220197387e-19
72,High volatility,Maximum Sharpe,Demo_Equity_A,0.0
72,High volatility,Maximum Sharpe,Demo_Equity_B,0.0
72,High volatility,Maximum Sharpe,Demo_Bonds,3.1411339990576854e-18
72,High volatility,Maximum Sharpe,Demo_Gold,5.865228523031552e-17
72,High volatility,Maximum Sharpe,Demo_REITs,1.0
73,Low volatility,Equal weight,Demo_Equity_A,0.2
73,Low volatility,Equal weight,Demo_Equity_B,0.2
73,Low volatility,Equal weight,Demo_Bonds,0.2
73,Low volatility,Equal weight,Demo_Gold,0.2
73,Low volatility,Equal weight,Demo_REITs,0.2
73,Low volatility,Minimum volatility,Demo_Equity_A,0.06658744970886421
73,Low volatility,Minimum volatility,Demo_Equity_B,0.01624552393001889
73,Low volatility,Minimum volatility,Demo_Bonds,0.7749207640138637
73,Low volatility,Minimum volatility,Demo_Gold,0.14224626234725324
73,Low volatility,Minimum volatility,Demo_REITs,0.0
73,Low volatility,Maximum Sharpe,Demo_Equity_A,0.5903603944121536
73,Low volatility,Maximum Sharpe,Demo_Equity_B,2.952898785565881e-16
73,Low volatility,Maximum Sharpe,Demo_Bonds,5.594556481291597e-17
73,Low volatility,Maximum Sharpe,Demo_Gold,0.40880603083900446
73,Low volatility,Maximum Sharpe,Demo_REITs,0.0008335747488414141
74,Base,Equal weight,Demo_Equity_A,0.2
74,Base,Equal weight,Demo_Equity_B,0.2
74,Base,Equal weight,Demo_Bonds,0.2
74,Base,Equal weight,Demo_Gold,0.2
74,Base,Equal weight,Demo_REITs,0.2
74,Base,Minimum volatility,Demo_Equity_A,0.05917853718358983
74,Base,Minimum volatility,Demo_Equity_B,0.013508852899124957
74,Base,Minimum volatility,Demo_Bonds,0.7863202529141298
74,Base,Minimum volatility,Demo_Gold,0.1382242498830137
74,Base,Minimum volatility,Demo_REITs,0.002768107120141879
74,Base,Maximum Sharpe,Demo_Equity_A,0.08762106362914594
74,Base,Maximum Sharpe,Demo_Equity_B,7.867530370220113e-17
74,Base,Maximum Sharpe,Demo_Bonds,0.26567192362468267
74,Base,Maximum Sharpe,Demo_Gold,0.6467070127461714
74,Base,Maximum Sharpe,Demo_REITs,0.0
75,High volatility,Equal weight,Demo_Equity_A,0.2
75,High volatility,Equal weight,Demo_Equity_B,0.2
75,High volatility,Equal weight,Demo_Bonds,0.2
75,High volatility,Equal weight,Demo_Gold,0.2
75,High volatility,Equal weight,Demo_REITs,0.2
75,High volatility,Minimum volatility,Demo_Equity_A,0.06581203674407349
75,High volatility,Minimum volatility,Demo_Equity_B,0.01456393545669172
75,High volatility,Minimum volatility,Demo_Bonds,0.7566999846355121
75,High volatility,Minimum volatility,Demo_Gold,0.14438189968001022
75,High volatility,Minimum volatility,Demo_REITs,0.0185421434837124
75,High volatility,Maximum Sharpe,Demo_Equity_A,0.0
75,High volatility,Maximum Sharpe,Demo_Equity_B,0.0
75,High volatility,Maximum Sharpe,Demo_Bonds,1.0
75,High volatility,Maximum Sharpe,Demo_Gold,0.0
75,High volatility,Maximum Sharpe,Demo_REITs,0.0
76,Low volatility,Equal weight,Demo_Equity_A,0.2
76,Low volatility,Equal weight,Demo_Equity_B,0.2
76,Low volatility,Equal weight,Demo_Bonds,0.2
76,Low volatility,Equal weight,Demo_Gold,0.2
76,Low volatility,Equal weight,Demo_REITs,0.2
76,Low volatility,Minimum volatility,Demo_Equity_A,0.05635354592067998
76,Low volatility,Minimum volatility,Demo_Equity_B,0.02081394376215845
76,Low volatility,Minimum volatility,Demo_Bonds,0.7891064194382085
76,Low volatility,Minimum volatility,Demo_Gold,0.13372609087895299
76,Low volatility,Minimum volatility,Demo_REITs,5.369168675310361e-19
76,Low volatility,Maximum Sharpe,Demo_Equity_A,0.09267547381452358
76,Low volatility,Maximum Sharpe,Demo_Equity_B,0.40991759222022756
76,Low volatility,Maximum Sharpe,Demo_Bonds,0.43965623885210525
76,Low volatility,Maximum Sharpe,Demo_Gold,0.057750695113143555
76,Low volatility,Maximum Sharpe,Demo_REITs,0.0
77,Base,Equal weight,Demo_Equity_A,0.2
77,Base,Equal weight,Demo_Equity_B,0.2
77,Base,Equal weight,Demo_Bonds,0.2
77,Base,Equal weight,Demo_Gold,0.2
77,Base,Equal weight,Demo_REITs,0.2
77,Base,Minimum volatility,Demo_Equity_A,0.026868808339524455
77,Base,Minimum volatility,Demo_Equity_B,0.04053695687804556
77,Base,Minimum volatility,Demo_Bonds,0.7938088161612403
77,Base,Minimum volatility,Demo_Gold,0.13878541862118973
77,Base,Minimum volatility,Demo_REITs,7.109858063196384e-20
77,Base,Maximum Sharpe,Demo_Equity_A,0.13735558199235418
77,Base,Maximum Sharpe,Demo_Equity_B,0.0
77,Base,Maximum Sharpe,Demo_Bonds,0.5376675978211913
77,Base,Maximum Sharpe,Demo_Gold,0.3249768201864538
77,Base,Maximum Sharpe,Demo_REITs,7.216037711912717e-16
78,High volatility,Equal weight,Demo_Equity_A,0.2
78,High volatility,Equal weight,Demo_Equity_B,0.2
78,High volatility,Equal weight,Demo_Bonds,0.2
78,High volatility,Equal weight,Demo_Gold,0.2
78,High volatility,Equal weight,Demo_REITs,0.2
78,High volatility,Minimum volatility,Demo_Equity_A,0.07210601539680153
78,High volatility,Minimum volatility,Demo_Equity_B,0.008778367025290125
78,High volatility,Minimum volatility,Demo_Bonds,0.7940676428283271
78,High volatility,Minimum volatility,Demo_Gold,0.12124327305623307
78,High volatility,Minimum volatility,Demo_REITs,0.003804701693348194
78,High volatility,Maximum Sharpe,Demo_Equity_A,0.0
78,High volatility,Maximum Sharpe,Demo_Equity_B,5.489085239773689e-17
78,High volatility,Maximum Sharpe,Demo_Bonds,0.0
78,High volatility,Maximum Sharpe,Demo_Gold,0.0
78,High volatility,Maximum Sharpe,Demo_REITs,1.0
79,Low volatility,Equal weight,Demo_Equity_A,0.2
79,Low volatility,Equal weight,Demo_Equity_B,0.2
79,Low volatility,Equal weight,Demo_Bonds,0.2
79,Low volatility,Equal weight,Demo_Gold,0.2
79,Low volatility,Equal weight,Demo_REITs,0.2
79,Low volatility,Minimum volatility,Demo_Equity_A,0.06813985794591197
79,Low volatility,Minimum volatility,Demo_Equity_B,0.02467153067186414
79,Low volatility,Minimum volatility,Demo_Bonds,0.7796630241017481
79,Low volatility,Minimum volatility,Demo_Gold,0.12752558728047578
79,Low volatility,Minimum volatility,Demo_REITs,0.0
79,Low volatility,Maximum Sharpe,Demo_Equity_A,0.6692201713042555
79,Low volatility,Maximum Sharpe,Demo_Equity_B,0.0
79,Low volatility,Maximum Sharpe,Demo_Bonds,0.0
79,Low volatility,Maximum Sharpe,Demo_Gold,1.0449049577118823e-16
79,Low volatility,Maximum Sharpe,Demo_REITs,0.33077982869574446
80,Base,Equal weight,Demo_Equity_A,0.2
80,Base,Equal weight,Demo_Equity_B,0.2
80,Base,Equal weight,Demo_Bonds,0.2
80,Base,Equal weight,Demo_Gold,0.2
80,Base,Equal weight,Demo_REITs,0.2
80,Base,Minimum volatility,Demo_Equity_A,0.05915077376926351
80,Base,Minimum volatility,Demo_Equity_B,0.022995663752459004
80,Base,Minimum volatility,Demo_Bonds,0.7829955244452139
80,Base,Minimum volatility,Demo_Gold,0.13485803803306357
80,Base,Minimum volatility,Demo_REITs,2.157474170900967e-19
80,Base,Maximum Sharpe,Demo_Equity_A,8.927416322649927e-16
80,Base,Maximum Sharpe,Demo_Equity_B,0.09234194079536041
80,Base,Maximum Sharpe,Demo_Bonds,0.9076580592046376
80,Base,Maximum Sharpe,Demo_Gold,1.0722847692852615e-15
80,Base,Maximum Sharpe,Demo_REITs,0.0
81,High volatility,Equal weight,Demo_Equity_A,0.2
81,High volatility,Equal weight,Demo_Equity_B,0.2
81,High volatility,Equal weight,Demo_Bonds,0.2
81,High volatility,Equal weight,Demo_Gold,0.2
81,High volatility,Equal weight,Demo_REITs,0.2
81,High volatility,Minimum volatility,Demo_Equity_A,0.06770774176943875
81,High volatility,Minimum volatility,Demo_Equity_B,0.004382119665394712
81,High volatility,Minimum volatility,Demo_Bonds,0.7810101331774576
81,High volatility,Minimum volatility,Demo_Gold,0.14690000538770898
81,High volatility,Minimum volatility,Demo_REITs,1.5016510564509572e-18
81,High volatility,Maximum Sharpe,Demo_Equity_A,0.0
81,High volatility,Maximum Sharpe,Demo_Equity_B,0.18931147217806668
81,High volatility,Maximum Sharpe,Demo_Bonds,0.5972688517062248
81,High volatility,Maximum Sharpe,Demo_Gold,0.21341967611570858
81,High volatility,Maximum Sharpe,Demo_REITs,0.0
82,Low volatility,Equal weight,Demo_Equity_A,0.2
82,Low volatility,Equal weight,Demo_Equity_B,0.2
82,Low volatility,Equal weight,Demo_Bonds,0.2
82,Low volatility,Equal weight,Demo_Gold,0.2
82,Low volatility,Equal weight,Demo_REITs,0.2
82,Low volatility,Minimum volatility,Demo_Equity_A,0.07160914334207379
82,Low volatility,Minimum volatility,Demo_Equity_B,0.011079507186097744
82,Low volatility,Minimum volatility,Demo_Bonds,0.7983478770056496
82,Low volatility,Minimum volatility,Demo_Gold,0.11896347246617894
82,Low volatility,Minimum volatility,Demo_REITs,3.7388046711636073e-20
82,Low volatility,Maximum Sharpe,Demo_Equity_A,1.0
82,Low volatility,Maximum Sharpe,Demo_Equity_B,0.0
82,Low volatility,Maximum Sharpe,Demo_Bonds,0.0
82,Low volatility,Maximum Sharpe,Demo_Gold,0.0
82,Low volatility,Maximum Sharpe,Demo_REITs,0.0
83,Base,Equal weight,Demo_Equity_A,0.2
83,Base,Equal weight,Demo_Equity_B,0.2
83,Base,Equal weight,Demo_Bonds,0.2
83,Base,Equal weight,Demo_Gold,0.2
83,Base,Equal weight,Demo_REITs,0.2
83,Base,Minimum volatility,Demo_Equity_A,0.06663009210969946
83,Base,Minimum volatility,Demo_Equity_B,0.01605078714852004
83,Base,Minimum volatility,Demo_Bonds,0.7916339472003275
83,Base,Minimum volatility,Demo_Gold,0.12568517354145295
83,Base,Minimum volatility,Demo_REITs,6.25177174522441e-20
83,Base,Maximum Sharpe,Demo_Equity_A,0.0
83,Base,Maximum Sharpe,Demo_Equity_B,1.0
83,Base,Maximum Sharpe,Demo_Bonds,0.0
83,Base,Maximum Sharpe,Demo_Gold,0.0
83,Base,Maximum Sharpe,Demo_REITs,0.0
84,High volatility,Equal weight,Demo_Equity_A,0.2
84,High volatility,Equal weight,Demo_Equity_B,0.2
84,High volatility,Equal weight,Demo_Bonds,0.2
84,High volatility,Equal weight,Demo_Gold,0.2
84,High volatility,Equal weight,Demo_REITs,0.2
84,High volatility,Minimum volatility,Demo_Equity_A,0.059042664537864636
84,High volatility,Minimum volatility,Demo_Equity_B,0.020012121599576178
84,High volatility,Minimum volatility,Demo_Bonds,0.7854119301793648
84,High volatility,Minimum volatility,Demo_Gold,0.13553328368319442
84,High volatility,Minimum volatility,Demo_REITs,0.0
84,High volatility,Maximum Sharpe,Demo_Equity_A,0.0
84,High volatility,Maximum Sharpe,Demo_Equity_B,0.20884935533638344
84,High volatility,Maximum Sharpe,Demo_Bonds,0.0
84,High volatility,Maximum Sharpe,Demo_Gold,0.7281524440078734
84,High volatility,Maximum Sharpe,Demo_REITs,0.06299820065574327
85,Low volatility,Equal weight,Demo_Equity_A,0.2
85,Low volatility,Equal weight,Demo_Equity_B,0.2
85,Low volatility,Equal weight,Demo_Bonds,0.2
85,Low volatility,Equal weight,Demo_Gold,0.2
85,Low volatility,Equal weight,Demo_REITs,0.2
85,Low volatility,Minimum volatility,Demo_Equity_A,0.0676043838247775
85,Low volatility,Minimum volatility,Demo_Equity_B,0.005456270756494053
85,Low volatility,Minimum volatility,Demo_Bonds,0.7972191718435676
85,Low volatility,Minimum volatility,Demo_Gold,0.12845734927912109
85,Low volatility,Minimum volatility,Demo_REITs,0.0012628242960398077
85,Low volatility,Maximum Sharpe,Demo_Equity_A,0.13356457504209343
85,Low volatility,Maximum Sharpe,Demo_Equity_B,0.0
85,Low volatility,Maximum Sharpe,Demo_Bonds,0.47499774762253144
85,Low volatility,Maximum Sharpe,Demo_Gold,0.35590670406046443
85,Low volatility,Maximum Sharpe,Demo_REITs,0.03553097327491072
86,Base,Equal weight,Demo_Equity_A,0.2
86,Base,Equal weight,Demo_Equity_B,0.2
86,Base,Equal weight,Demo_Bonds,0.2
86,Base,Equal weight,Demo_Gold,0.2
86,Base,Equal weight,Demo_REITs,0.2
86,Base,Minimum volatility,Demo_Equity_A,0.06081501409734453
86,Base,Minimum volatility,Demo_Equity_B,0.007390169116768882
86,Base,Minimum volatility,Demo_Bonds,0.8026239718736335
86,Base,Minimum volatility,Demo_Gold,0.1291708449122531
86,Base,Minimum volatility,Demo_REITs,5.491752435020643e-19
86,Base,Maximum Sharpe,Demo_Equity_A,0.0
86,Base,Maximum Sharpe,Demo_Equity_B,0.0
86,Base,Maximum Sharpe,Demo_Bonds,1.0
86,Base,Maximum Sharpe,Demo_Gold,0.0
86,Base,Maximum Sharpe,Demo_REITs,0.0
87,High volatility,Equal weight,Demo_Equity_A,0.2
87,High volatility,Equal weight,Demo_Equity_B,0.2
87,High volatility,Equal weight,Demo_Bonds,0.2
87,High volatility,Equal weight,Demo_Gold,0.2
87,High volatility,Equal weight,Demo_REITs,0.2
87,High volatility,Minimum volatility,Demo_Equity_A,0.08389402462127848
87,High volatility,Minimum volatility,Demo_Equity_B,0.0008485376559066103
87,High volatility,Minimum volatility,Demo_Bonds,0.7960776846646089
87,High volatility,Minimum volatility,Demo_Gold,0.11890370784272718
87,High volatility,Minimum volatility,Demo_REITs,0.0002760452154787918
87,High volatility,Maximum Sharpe,Demo_Equity_A,0.0
87,High volatility,Maximum Sharpe,Demo_Equity_B,1.0
87,High volatility,Maximum Sharpe,Demo_Bonds,0.0
87,High volatility,Maximum Sharpe,Demo_Gold,0.0
87,High volatility,Maximum Sharpe,Demo_REITs,0.0
88,Low volatility,Equal weight,Demo_Equity_A,0.2
88,Low volatility,Equal weight,Demo_Equity_B,0.2
88,Low volatility,Equal weight,Demo_Bonds,0.2
88,Low volatility,Equal weight,Demo_Gold,0.2
88,Low volatility,Equal weight,Demo_REITs,0.2
88,Low volatility,Minimum volatility,Demo_Equity_A,0.06922446302042969
88,Low volatility,Minimum volatility,Demo_Equity_B,0.0026507080167397336
88,Low volatility,Minimum volatility,Demo_Bonds,0.7799375710269334
88,Low volatility,Minimum volatility,Demo_Gold,0.13222947863061263
88,Low volatility,Minimum volatility,Demo_REITs,0.015957779305284577
88,Low volatility,Maximum Sharpe,Demo_Equity_A,4.176933059954131e-16
88,Low volatility,Maximum Sharpe,Demo_Equity_B,0.0
88,Low volatility,Maximum Sharpe,Demo_Bonds,0.2706493127198693
88,Low volatility,Maximum Sharpe,Demo_Gold,0.6319909410297201
88,Low volatility,Maximum Sharpe,Demo_REITs,0.09735974625041006
89,Base,Equal weight,Demo_Equity_A,0.2
89,Base,Equal weight,Demo_Equity_B,0.2
89,Base,Equal weight,Demo_Bonds,0.2
89,Base,Equal weight,Demo_Gold,0.2
89,Base,Equal weight,Demo_REITs,0.2
89,Base,Minimum volatility,Demo_Equity_A,0.05675636294194432
89,Base,Minimum volatility,Demo_Equity_B,0.02806262072091055
89,Base,Minimum volatility,Demo_Bonds,0.781495259290606
89,Base,Minimum volatility,Demo_Gold,0.1336857570465391
89,Base,Minimum volatility,Demo_REITs,2.966526984988831e-19
89,Base,Maximum Sharpe,Demo_Equity_A,0.43502761119063926
89,Base,Maximum Sharpe,Demo_Equity_B,5.221730558157058e-16
89,Base,Maximum Sharpe,Demo_Bonds,0.0
89,Base,Maximum Sharpe,Demo_Gold,0.5649723888093603
89,Base,Maximum Sharpe,Demo_REITs,0.0
90,High volatility,Equal weight,Demo_Equity_A,0.2
90,High volatility,Equal weight,Demo_Equity_B,0.2
90,High volatility,Equal weight,Demo_Bonds,0.2
90,High volatility,Equal weight,Demo_Gold,0.2
90,High volatility,Equal weight,Demo_REITs,0.2
90,High volatility,Minimum volatility,Demo_Equity_A,0.0741222266941447
90,High volatility,Minimum volatility,Demo_Equity_B,0.017197638712280007
90,High volatility,Minimum volatility,Demo_Bonds,0.7875118858921832
90,High volatility,Minimum volatility,Demo_Gold,0.12116824870139209
90,High volatility,Minimum volatility,Demo_REITs,2.266471352739234e-19
90,High volatility,Maximum Sharpe,Demo_Equity_A,2.854915668367107e-16
90,High volatility,Maximum Sharpe,Demo_Equity_B,2.674652763510407e-16
90,High volatility,Maximum Sharpe,Demo_Bonds,0.6840543283917745
90,High volatility,Maximum Sharpe,Demo_Gold,0.21215081571330321
90,High volatility,Maximum Sharpe,Demo_REITs,0.10379485589492178
91,Low volatility,Equal weight,Demo_Equity_A,0.2
91,Low volatility,Equal weight,Demo_Equity_B,0.2
91,Low volatility,Equal weight,Demo_Bonds,0.2
91,Low volatility,Equal weight,Demo_Gold,0.2
91,Low volatility,Equal weight,Demo_REITs,0.2
91,Low volatility,Minimum volatility,Demo_Equity_A,0.05608530186736922
91,Low volatility,Minimum volatility,Demo_Equity_B,0.014534907781827325
91,Low volatility,Minimum volatility,Demo_Bonds,0.8092320346679323
91,Low volatility,Minimum volatility,Demo_Gold,0.1201477556828712
91,Low volatility,Minimum volatility,Demo_REITs,1.2518265474238599e-18
91,Low volatility,Maximum Sharpe,Demo_Equity_A,0.3278763502923458
91,Low volatility,Maximum Sharpe,Demo_Equity_B,0.6721236497076538
91,Low volatility,Maximum Sharpe,Demo_Bonds,0.0
91,Low volatility,Maximum Sharpe,Demo_Gold,1.2608236974436197e-16
91,Low volatility,Maximum Sharpe,Demo_REITs,2.9547333295739357e-16
92,Base,Equal weight,Demo_Equity_A,0.2
92,Base,Equal weight,Demo_Equity_B,0.2
92,Base,Equal weight,Demo_Bonds,0.2
92,Base,Equal weight,Demo_Gold,0.2
92,Base,Equal weight,Demo_REITs,0.2
92,Base,Minimum volatility,Demo_Equity_A,0.04883327311660458
92,Base,Minimum volatility,Demo_Equity_B,0.02630322659619425
92,Base,Minimum volatility,Demo_Bonds,0.796710887726129
92,Base,Minimum volatility,Demo_Gold,0.1281526125610723
92,Base,Minimum volatility,Demo_REITs,1.7600082626649522e-19
92,Base,Maximum Sharpe,Demo_Equity_A,0.06439029082912129
92,Base,Maximum Sharpe,Demo_Equity_B,0.14571575944942666
92,Base,Maximum Sharpe,Demo_Bonds,0.7456544190050662
92,Base,Maximum Sharpe,Demo_Gold,0.04423953071638566
92,Base,Maximum Sharpe,Demo_REITs,0.0
93,High volatility,Equal weight,Demo_Equity_A,0.2
93,High volatility,Equal weight,Demo_Equity_B,0.2
93,High volatility,Equal weight,Demo_Bonds,0.2
93,High volatility,Equal weight,Demo_Gold,0.2
93,High volatility,Equal weight,Demo_REITs,0.2
93,High volatility,Minimum volatility,Demo_Equity_A,0.06435520122137035
93,High volatility,Minimum volatility,Demo_Equity_B,0.014266775275374212
93,High volatility,Minimum volatility,Demo_Bonds,0.7968685937878174
93,High volatility,Minimum volatility,Demo_Gold,0.12450942971543807
93,High volatility,Minimum volatility,Demo_REITs,2.555871389959384e-19
93,High volatility,Maximum Sharpe,Demo_Equity_A,0.20111937368211283
93,High volatility,Maximum Sharpe,Demo_Equity_B,0.0
93,High volatility,Maximum Sharpe,Demo_Bonds,0.2747773155434826
93,High volatility,Maximum Sharpe,Demo_Gold,0.5241033107744045
93,High volatility,Maximum Sharpe,Demo_REITs,0.0
94,Low volatility,Equal weight,Demo_Equity_A,0.2
94,Low volatility,Equal weight,Demo_Equity_B,0.2
94,Low volatility,Equal weight,Demo_Bonds,0.2
94,Low volatility,Equal weight,Demo_Gold,0.2
94,Low volatility,Equal weight,Demo_REITs,0.2
94,Low volatility,Minimum volatility,Demo_Equity_A,0.060522435027515406
94,Low volatility,Minimum volatility,Demo_Equity_B,0.013611482872895155
94,Low volatility,Minimum volatility,Demo_Bonds,0.7678265240147101
94,Low volatility,Minimum volatility,Demo_Gold,0.15347943716537535
94,Low volatility,Minimum volatility,Demo_REITs,0.004560120919504051
94,Low volatility,Maximum Sharpe,Demo_Equity_A,0.06779298342930196
94,Low volatility,Maximum Sharpe,Demo_Equity_B,0.5838632261982214
94,Low volatility,Maximum Sharpe,Demo_Bonds,1.8223141102395023e-17
94,Low volatility,Maximum Sharpe,Demo_Gold,0.3483437903724766
94,Low volatility,Maximum Sharpe,Demo_REITs,0.0
95,Base,Equal weight,Demo_Equity_A,0.2
95,Base,Equal weight,Demo_Equity_B,0.2
95,Base,Equal weight,Demo_Bonds,0.2
95,Base,Equal weight,Demo_Gold,0.2
95,Base,Equal weight,Demo_REITs,0.2
95,Base,Minimum volatility,Demo_Equity_A,0.05662161604637669
95,Base,Minimum volatility,Demo_Equity_B,0.016414485266607888
95,Base,Minimum volatility,Demo_Bonds,0.7831935543657476
95,Base,Minimum volatility,Demo_Gold,0.12705809029080728
95,Base,Minimum volatility,Demo_REITs,0.016712254030460647
95,Base,Maximum Sharpe,Demo_Equity_A,0.1067526552587697
95,Base,Maximum Sharpe,Demo_Equity_B,1.4848630804353492e-16
95,Base,Maximum Sharpe,Demo_Bonds,0.5154370464319649
95,Base,Maximum Sharpe,Demo_Gold,0.11400833062072754
95,Base,Maximum Sharpe,Demo_REITs,0.26380196768853775
96,High volatility,Equal weight,Demo_Equity_A,0.2
96,High volatility,Equal weight,Demo_Equity_B,0.2
96,High volatility,Equal weight,Demo_Bonds,0.2
96,High volatility,Equal weight,Demo_Gold,0.2
96,High volatility,Equal weight,Demo_REITs,0.2
96,High volatility,Minimum volatility,Demo_Equity_A,0.06722696327593183
96,High volatility,Minimum volatility,Demo_Equity_B,0.015883027206302826
96,High volatility,Minimum volatility,Demo_Bonds,0.7898731320513082
96,High volatility,Minimum volatility,Demo_Gold,0.1270168774664572
96,High volatility,Minimum volatility,Demo_REITs,0.0
96,High volatility,Maximum Sharpe,Demo_Equity_A,0.0
96,High volatility,Maximum Sharpe,Demo_Equity_B,0.0
96,High volatility,Maximum Sharpe,Demo_Bonds,0.0
96,High volatility,Maximum Sharpe,Demo_Gold,1.0
96,High volatility,Maximum Sharpe,Demo_REITs,0.0
97,Low volatility,Equal weight,Demo_Equity_A,0.2
97,Low volatility,Equal weight,Demo_Equity_B,0.2
97,Low volatility,Equal weight,Demo_Bonds,0.2
97,Low volatility,Equal weight,Demo_Gold,0.2
97,Low volatility,Equal weight,Demo_REITs,0.2
97,Low volatility,Minimum volatility,Demo_Equity_A,0.0661745934134397
97,Low volatility,Minimum volatility,Demo_Equity_B,0.012332631292970842
97,Low volatility,Minimum volatility,Demo_Bonds,0.8013599186190064
97,Low volatility,Minimum volatility,Demo_Gold,0.11317515220698823
97,Low volatility,Minimum volatility,Demo_REITs,0.006957704467594889
97,Low volatility,Maximum Sharpe,Demo_Equity_A,0.4842406176314491
97,Low volatility,Maximum Sharpe,Demo_Equity_B,0.0
97,Low volatility,Maximum Sharpe,Demo_Bonds,0.5157593823685509
97,Low volatility,Maximum Sharpe,Demo_Gold,0.0
97,Low volatility,Maximum Sharpe,Demo_REITs,1.6184102846164794e-16
98,Base,Equal weight,Demo_Equity_A,0.2
98,Base,Equal weight,Demo_Equity_B,0.2
98,Base,Equal weight,Demo_Bonds,0.2
98,Base,Equal weight,Demo_Gold,0.2
98,Base,Equal weight,Demo_REITs,0.2
98,Base,Minimum volatility,Demo_Equity_A,0.06785535185964411
98,Base,Minimum volatility,Demo_Equity_B,2.1740874876043437e-18
98,Base,Minimum volatility,Demo_Bonds,0.7968112988766228
98,Base,Minimum volatility,Demo_Gold,0.13533334926373308
98,Base,Minimum volatility,Demo_REITs,0.0
98,Base,Maximum Sharpe,Demo_Equity_A,0.6474804783850464
98,Base,Maximum Sharpe,Demo_Equity_B,0.3525195216149534
98,Base,Maximum Sharpe,Demo_Bonds,8.619699942466449e-17
98,Base,Maximum Sharpe,Demo_Gold,0.0
98,Base,Maximum Sharpe,Demo_REITs,1.6455949460788507e-16
99,High volatility,Equal weight,Demo_Equity_A,0.2
99,High volatility,Equal weight,Demo_Equity_B,0.2
99,High volatility,Equal weight,Demo_Bonds,0.2
99,High volatility,Equal weight,Demo_Gold,0.2
99,High volatility,Equal weight,Demo_REITs,0.2
99,High volatility,Minimum volatility,Demo_Equity_A,0.07622729116333987
99,High volatility,Minimum volatility,Demo_Equity_B,0.018370078243795978
99,High volatility,Minimum volatility,Demo_Bonds,0.7720575405245791
99,High volatility,Minimum volatility,Demo_Gold,0.13334509006828507
99,High volatility,Minimum volatility,Demo_REITs,4.6581828689907266e-20
99,High volatility,Maximum Sharpe,Demo_Equity_A,0.4472368880021015
99,High volatility,Maximum Sharpe,Demo_Equity_B,1.4394456634652746e-16
99,High volatility,Maximum Sharpe,Demo_Bonds,0.2399129013796531
99,High volatility,Maximum Sharpe,Demo_Gold,0.0
99,High volatility,Maximum Sharpe,Demo_REITs,0.31285021061824525
100,Low volatility,Equal weight,Demo_Equity_A,0.2
100,Low volatility,Equal weight,Demo_Equity_B,0.2
100,Low volatility,Equal weight,Demo_Bonds,0.2
100,Low volatility,Equal weight,Demo_Gold,0.2
100,Low volatility,Equal weight,Demo_REITs,0.2
100,Low volatility,Minimum volatility,Demo_Equity_A,0.0787383789507858
100,Low volatility,Minimum volatility,Demo_Equity_B,0.00018252097894720505
100,Low volatility,Minimum volatility,Demo_Bonds,0.7931105662436485
100,Low volatility,Minimum volatility,Demo_Gold,0.12796853382661855
100,Low volatility,Minimum volatility,Demo_REITs,3.9104219347580027e-19
100,Low volatility,Maximum Sharpe,Demo_Equity_A,0.7802913739702426
100,Low volatility,Maximum Sharpe,Demo_Equity_B,0.0
100,Low volatility,Maximum Sharpe,Demo_Bonds,1.845963231069429e-15
100,Low volatility,Maximum Sharpe,Demo_Gold,1.0403998773465164e-16
100,Low volatility,Maximum Sharpe,Demo_REITs,0.21970862602975544
101,Base,Equal weight,Demo_Equity_A,0.2
101,Base,Equal weight,Demo_Equity_B,0.2
101,Base,Equal weight,Demo_Bonds,0.2
101,Base,Equal weight,Demo_Gold,0.2
101,Base,Equal weight,Demo_REITs,0.2
101,Base,Minimum volatility,Demo_Equity_A,0.062278001500877665
101,Base,Minimum volatility,Demo_Equity_B,0.0195048341117835
101,Base,Minimum volatility,Demo_Bonds,0.7931224541369957
101,Base,Minimum volatility,Demo_Gold,0.12509471025034316
101,Base,Minimum volatility,Demo_REITs,9.591578211155609e-19
101,Base,Maximum Sharpe,Demo_Equity_A,0.0
101,Base,Maximum Sharpe,Demo_Equity_B,0.0
101,Base,Maximum Sharpe,Demo_Bonds,1.470791070756487e-16
101,Base,Maximum Sharpe,Demo_Gold,0.5230667769006987
101,Base,Maximum Sharpe,Demo_REITs,0.4769332230993011
102,High volatility,Equal weight,Demo_Equity_A,0.2
102,High volatility,Equal weight,Demo_Equity_B,0.2
102,High volatility,Equal weight,Demo_Bonds,0.2
102,High volatility,Equal weight,Demo_Gold,0.2
102,High volatility,Equal weight,Demo_REITs,0.2
102,High volatility,Minimum volatility,Demo_Equity_A,0.06053281197022214
102,High volatility,Minimum volatility,Demo_Equity_B,0.03053300618253452
102,High volatility,Minimum volatility,Demo_Bonds,0.7787889494700785
102,High volatility,Minimum volatility,Demo_Gold,0.12996973546786325
102,High volatility,Minimum volatility,Demo_REITs,0.0001754969093016192
102,High volatility,Maximum Sharpe,Demo_Equity_A,0.3909656040046503
102,High volatility,Maximum Sharpe,Demo_Equity_B,0.0
102,High volatility,Maximum Sharpe,Demo_Bonds,9.899520149530443e-18
102,High volatility,Maximum Sharpe,Demo_Gold,0.6090343959953498
102,High volatility,Maximum Sharpe,Demo_REITs,3.0499920506615605e-17
103,Low volatility,Equal weight,Demo_Equity_A,0.2
103,Low volatility,Equal weight,Demo_Equity_B,0.2
103,Low volatility,Equal weight,Demo_Bonds,0.2
103,Low volatility,Equal weight,Demo_Gold,0.2
103,Low volatility,Equal weight,Demo_REITs,0.2
103,Low volatility,Minimum volatility,Demo_Equity_A,0.06533256663719758
103,Low volatility,Minimum volatility,Demo_Equity_B,0.013761236407633864
103,Low volatility,Minimum volatility,Demo_Bonds,0.7968922271738875
103,Low volatility,Minimum volatility,Demo_Gold,0.12395947675023238
103,Low volatility,Minimum volatility,Demo_REITs,5.449303104844686e-05
103,Low volatility,Maximum Sharpe,Demo_Equity_A,0.34488194470854694
103,Low volatility,Maximum Sharpe,Demo_Equity_B,0.6198158721337107
103,Low volatility,Maximum Sharpe,Demo_Bonds,0.0
103,Low volatility,Maximum Sharpe,Demo_Gold,0.035302183157742334
103,Low volatility,Maximum Sharpe,Demo_REITs,1.3755666524567349e-17
104,Base,Equal weight,Demo_Equity_A,0.2
104,Base,Equal weight,Demo_Equity_B,0.2
104,Base,Equal weight,Demo_Bonds,0.2
104,Base,Equal weight,Demo_Gold,0.2
104,Base,Equal weight,Demo_REITs,0.2
104,Base,Minimum volatility,Demo_Equity_A,0.06528970987246287
104,Base,Minimum volatility,Demo_Equity_B,0.027969750494385322
104,Base,Minimum volatility,Demo_Bonds,0.7789707821985324
104,Base,Minimum volatility,Demo_Gold,0.12776975743461944
104,Base,Minimum volatility,Demo_REITs,1.3058212332656079e-19
104,Base,Maximum Sharpe,Demo_Equity_A,0.4156946780340417
104,Base,Maximum Sharpe,Demo_Equity_B,0.09338859848630286
104,Base,Maximum Sharpe,Demo_Bonds,0.07992912054984706
104,Base,Maximum Sharpe,Demo_Gold,0.4109876029298081
104,Base,Maximum Sharpe,Demo_REITs,1.3202945131475798e-16
105,High volatility,Equal weight,Demo_Equity_A,0.2
105,High volatility,Equal weight,Demo_Equity_B,0.2
105,High volatility,Equal weight,Demo_Bonds,0.2
105,High volatility,Equal weight,Demo_Gold,0.2
105,High volatility,Equal weight,Demo_REITs,0.2
105,High volatility,Minimum volatility,Demo_Equity_A,0.06727579008847243
105,High volatility,Minimum volatility,Demo_Equity_B,0.002500672017732654
105,High volatility,Minimum volatility,Demo_Bonds,0.8205753522245289
105,High volatility,Minimum volatility,Demo_Gold,0.10964818566926597
105,High volatility,Minimum volatility,Demo_REITs,0.0
105,High volatility,Maximum Sharpe,Demo_Equity_A,0.14164388791267107
105,High volatility,Maximum Sharpe,Demo_Equity_B,0.0
105,High volatility,Maximum Sharpe,Demo_Bonds,0.8004909735360113
105,High volatility,Maximum Sharpe,Demo_Gold,0.05786513855130509
105,High volatility,Maximum Sharpe,Demo_REITs,1.262951212188492e-14
106,Low volatility,Equal weight,Demo_Equity_A,0.2
106,Low volatility,Equal weight,Demo_Equity_B,0.2
106,Low volatility,Equal weight,Demo_Bonds,0.2
106,Low volatility,Equal weight,Demo_Gold,0.2
106,Low volatility,Equal weight,Demo_REITs,0.2
106,Low volatility,Minimum volatility,Demo_Equity_A,0.04997784333207023
106,Low volatility,Minimum volatility,Demo_Equity_B,0.01985933730717095
106,Low volatility,Minimum volatility,Demo_Bonds,0.7907659015641885
106,Low volatility,Minimum volatility,Demo_Gold,0.1393969177965704
106,Low volatility,Minimum volatility,Demo_REITs,0.0
106,Low volatility,Maximum Sharpe,Demo_Equity_A,0.6485854909111626
106,Low volatility,Maximum Sharpe,Demo_Equity_B,0.0
106,Low volatility,Maximum Sharpe,Demo_Bonds,2.0088339740871127e-16
106,Low volatility,Maximum Sharpe,Demo_Gold,0.3514145090888372
106,Low volatility,Maximum Sharpe,Demo_REITs,6.848099019444366e-17
107,Base,Equal weight,Demo_Equity_A,0.2
107,Base,Equal weight,Demo_Equity_B,0.2
107,Base,Equal weight,Demo_Bonds,0.2
107,Base,Equal weight,Demo_Gold,0.2
107,Base,Equal weight,Demo_REITs,0.2
107,Base,Minimum volatility,Demo_Equity_A,0.057186793870059954
107,Base,Minimum volatility,Demo_Equity_B,0.006778743696087961
107,Base,Minimum volatility,Demo_Bonds,0.7864503719389122
107,Base,Minimum volatility,Demo_Gold,0.14330090491580866
107,Base,Minimum volatility,Demo_REITs,0.006283185579131319
107,Base,Maximum Sharpe,Demo_Equity_A,0.35451288161318895
107,Base,Maximum Sharpe,Demo_Equity_B,0.0
107,Base,Maximum Sharpe,Demo_Bonds,0.6454871183868109
107,Base,Maximum Sharpe,Demo_Gold,0.0
107,Base,Maximum Sharpe,Demo_REITs,2.4622137916236834e-16
108,High volatility,Equal weight,Demo_Equity_A,0.2
108,High volatility,Equal weight,Demo_Equity_B,0.2
108,High volatility,Equal weight,Demo_Bonds,0.2
108,High volatility,Equal weight,Demo_Gold,0.2
108,High volatility,Equal weight,Demo_REITs,0.2
108,High volatility,Minimum volatility,Demo_Equity_A,0.07664132692351054
108,High volatility,Minimum volatility,Demo_Equity_B,0.009677710962753456
108,High volatility,Minimum volatility,Demo_Bonds,0.7962293739414192
108,High volatility,Minimum volatility,Demo_Gold,0.11745158817231686
108,High volatility,Minimum volatility,Demo_REITs,0.0
108,High volatility,Maximum Sharpe,Demo_Equity_A,0.4939146242630084
108,High volatility,Maximum Sharpe,Demo_Equity_B,0.18742664701995412
108,High volatility,Maximum Sharpe,Demo_Bonds,2.1886267663331906e-17
108,High volatility,Maximum Sharpe,Demo_Gold,0.31865872871703743
108,High volatility,Maximum Sharpe,Demo_REITs,0.0
109,Low volatility,Equal weight,Demo_Equity_A,0.2
109,Low volatility,Equal weight,Demo_Equity_B,0.2
109,Low volatility,Equal weight,Demo_Bonds,0.2
109,Low volatility,Equal weight,Demo_Gold,0.2
109,Low volatility,Equal weight,Demo_REITs,0.2
109,Low volatility,Minimum volatility,Demo_Equity_A,0.07114520982743942
109,Low volatility,Minimum volatility,Demo_Equity_B,1.4978740174316697e-20
109,Low volatility,Minimum volatility,Demo_Bonds,0.8067988140424858
109,Low volatility,Minimum volatility,Demo_Gold,0.12205597613007481
109,Low volatility,Minimum volatility,Demo_REITs,0.0
109,Low volatility,Maximum Sharpe,Demo_Equity_A,0.6712803741652709
109,Low volatility,Maximum Sharpe,Demo_Equity_B,0.0
109,Low volatility,Maximum Sharpe,Demo_Bonds,1.869081226170462e-17
109,Low volatility,Maximum Sharpe,Demo_Gold,0.32871962583472847
109,Low volatility,Maximum Sharpe,Demo_REITs,6.179492628207742e-16
110,Base,Equal weight,Demo_Equity_A,0.2
110,Base,Equal weight,Demo_Equity_B,0.2
110,Base,Equal weight,Demo_Bonds,0.2
110,Base,Equal weight,Demo_Gold,0.2
110,Base,Equal weight,Demo_REITs,0.2
110,Base,Minimum volatility,Demo_Equity_A,0.07510685451393884
110,Base,Minimum volatility,Demo_Equity_B,0.019251296258700624
110,Base,Minimum volatility,Demo_Bonds,0.7660289618211514
110,Base,Minimum volatility,Demo_Gold,0.13592768205422828
110,Base,Minimum volatility,Demo_REITs,0.003685205351981002
110,Base,Maximum Sharpe,Demo_Equity_A,1.0
110,Base,Maximum Sharpe,Demo_Equity_B,0.0
110,Base,Maximum Sharpe,Demo_Bonds,0.0
110,Base,Maximum Sharpe,Demo_Gold,0.0
110,Base,Maximum Sharpe,Demo_REITs,0.0
111,High volatility,Equal weight,Demo_Equity_A,0.2
111,High volatility,Equal weight,Demo_Equity_B,0.2
111,High volatility,Equal weight,Demo_Bonds,0.2
111,High volatility,Equal weight,Demo_Gold,0.2
111,High volatility,Equal weight,Demo_REITs,0.2
111,High volatility,Minimum volatility,Demo_Equity_A,0.05631577863757237
111,High volatility,Minimum volatility,Demo_Equity_B,0.013622446998781177
111,High volatility,Minimum volatility,Demo_Bonds,0.7989583869855257
111,High volatility,Minimum volatility,Demo_Gold,0.12759887014818488
111,High volatility,Minimum volatility,Demo_REITs,0.0035045172299358984
111,High volatility,Maximum Sharpe,Demo_Equity_A,8.612310771802694e-17
111,High volatility,Maximum Sharpe,Demo_Equity_B,1.5006970125231274e-16
111,High volatility,Maximum Sharpe,Demo_Bonds,0.9126634846760577
111,High volatility,Maximum Sharpe,Demo_Gold,0.031053366219878697
111,High volatility,Maximum Sharpe,Demo_REITs,0.056283149104063374
112,Low volatility,Equal weight,Demo_Equity_A,0.2
112,Low volatility,Equal weight,Demo_Equity_B,0.2
112,Low volatility,Equal weight,Demo_Bonds,0.2
112,Low volatility,Equal weight,Demo_Gold,0.2
112,Low volatility,Equal weight,Demo_REITs,0.2
112,Low volatility,Minimum volatility,Demo_Equity_A,0.06935073923036622
112,Low volatility,Minimum volatility,Demo_Equity_B,0.009406652311269387
112,Low volatility,Minimum volatility,Demo_Bonds,0.7767587955438524
112,Low volatility,Minimum volatility,Demo_Gold,0.14448381291451193
112,Low volatility,Minimum volatility,Demo_REITs,1.2182422013009158e-18
112,Low volatility,Maximum Sharpe,Demo_Equity_A,0.06174594692584766
112,Low volatility,Maximum Sharpe,Demo_Equity_B,0.0
112,Low volatility,Maximum Sharpe,Demo_Bonds,0.740459519296347
112,Low volatility,Maximum Sharpe,Demo_Gold,0.19779453377780534
112,Low volatility,Maximum Sharpe,Demo_REITs,0.0
113,Base,Equal weight,Demo_Equity_A,0.2
113,Base,Equal weight,Demo_Equity_B,0.2
113,Base,Equal weight,Demo_Bonds,0.2
113,Base,Equal weight,Demo_Gold,0.2
113,Base,Equal weight,Demo_REITs,0.2
113,Base,Minimum volatility,Demo_Equity_A,0.06172244096584983
113,Base,Minimum volatility,Demo_Equity_B,0.010735994706055336
113,Base,Minimum volatility,Demo_Bonds,0.8123744784269374
113,Base,Minimum volatility,Demo_Gold,0.11516708590115741
113,Base,Minimum volatility,Demo_REITs,4.167847830149595e-20
113,Base,Maximum Sharpe,Demo_Equity_A,0.11276529267575121
113,Base,Maximum Sharpe,Demo_Equity_B,0.024745742673965784
113,Base,Maximum Sharpe,Demo_Bonds,0.8506646855517846
113,Base,Maximum Sharpe,Demo_Gold,0.011824279098498392
113,Base,Maximum Sharpe,Demo_REITs,0.0
114,High volatility,Equal weight,Demo_Equity_A,0.2
114,High volatility,Equal weight,Demo_Equity_B,0.2
114,High volatility,Equal weight,Demo_Bonds,0.2
114,High volatility,Equal weight,Demo_Gold,0.2
114,High volatility,Equal weight,Demo_REITs,0.2
114,High volatility,Minimum volatility,Demo_Equity_A,0.0880975142924688
114,High volatility,Minimum volatility,Demo_Equity_B,0.0019435218759377084
114,High volatility,Minimum volatility,Demo_Bonds,0.7701108170204892
114,High volatility,Minimum volatility,Demo_Gold,0.13984814681110425
114,High volatility,Minimum volatility,Demo_REITs,9.102148350839556e-19
114,High volatility,Maximum Sharpe,Demo_Equity_A,0.14294904466329522
114,High volatility,Maximum Sharpe,Demo_Equity_B,0.11647742344150812
114,High volatility,Maximum Sharpe,Demo_Bonds,0.6161457444938105
114,High volatility,Maximum Sharpe,Demo_Gold,0.12442778740138592
114,High volatility,Maximum Sharpe,Demo_REITs,1.237991367429047e-16
115,Low volatility,Equal weight,Demo_Equity_A,0.2
115,Low volatility,Equal weight,Demo_Equity_B,0.2
115,Low volatility,Equal weight,Demo_Bonds,0.2
115,Low volatility,Equal weight,Demo_Gold,0.2
115,Low volatility,Equal weight,Demo_REITs,0.2
115,Low volatility,Minimum volatility,Demo_Equity_A,0.05252508739850567
115,Low volatility,Minimum volatility,Demo_Equity_B,0.019634331553585353
115,Low volatility,Minimum volatility,Demo_Bonds,0.7897983003857533
115,Low volatility,Minimum volatility,Demo_Gold,0.13804228066215576
115,Low volatility,Minimum volatility,Demo_REITs,1.2601009512043039e-18
115,Low volatility,Maximum Sharpe,Demo_Equity_A,0.4457759522528298
115,Low volatility,Maximum Sharpe,Demo_Equity_B,4.2746511679149638e-16
115,Low volatility,Maximum Sharpe,Demo_Bonds,0.1847051179533486
115,Low volatility,Maximum Sharpe,Demo_Gold,0.3695189297938211
115,Low volatility,Maximum Sharpe,Demo_REITs,0.0
116,Base,Equal weight,Demo_Equity_A,0.2
116,Base,Equal weight,Demo_Equity_B,0.2
116,Base,Equal weight,Demo_Bonds,0.2
116,Base,Equal weight,Demo_Gold,0.2
116,Base,Equal weight,Demo_REITs,0.2
116,Base,Minimum volatility,Demo_Equity_A,0.06715391092823053
116,Base,Minimum volatility,Demo_Equity_B,0.011958707603117229
116,Base,Minimum volatility,Demo_Bonds,0.7958181412520771
116,Base,Minimum volatility,Demo_Gold,0.12506924021657514
116,Base,Minimum volatility,Demo_REITs,0.0
116,Base,Maximum Sharpe,Demo_Equity_A,6.011969486179375e-17
116,Base,Maximum Sharpe,Demo_Equity_B,0.11679401486671236
116,Base,Maximum Sharpe,Demo_Bonds,0.6813280518628301
116,Base,Maximum Sharpe,Demo_Gold,0.15375001114488573
116,Base,Maximum Sharpe,Demo_REITs,0.0481279221255718
117,High volatility,Equal weight,Demo_Equity_A,0.2
117,High volatility,Equal weight,Demo_Equity_B,0.2
117,High volatility,Equal weight,Demo_Bonds,0.2
117,High volatility,Equal weight,Demo_Gold,0.2
117,High volatility,Equal weight,Demo_REITs,0.2
117,High volatility,Minimum volatility,Demo_Equity_A,0.06688222489827407
117,High volatility,Minimum volatility,Demo_Equity_B,0.006206439933676665
117,High volatility,Minimum volatility,Demo_Bonds,0.7752518465040599
117,High volatility,Minimum volatility,Demo_Gold,0.14694407143977614
117,High volatility,Minimum volatility,Demo_REITs,0.004715417224213262
117,High volatility,Maximum Sharpe,Demo_Equity_A,0.2528067419068252
117,High volatility,Maximum Sharpe,Demo_Equity_B,3.811665504850126e-16
117,High volatility,Maximum Sharpe,Demo_Bonds,0.0
117,High volatility,Maximum Sharpe,Demo_Gold,0.1330927625923486
117,High volatility,Maximum Sharpe,Demo_REITs,0.6141004955008259
118,Low volatility,Equal weight,Demo_Equity_A,0.2
118,Low volatility,Equal weight,Demo_Equity_B,0.2
118,Low volatility,Equal weight,Demo_Bonds,0.2
118,Low volatility,Equal weight,Demo_Gold,0.2
118,Low volatility,Equal weight,Demo_REITs,0.2
118,Low volatility,Minimum volatility,Demo_Equity_A,0.048754478891775185
118,Low volatility,Minimum volatility,Demo_Equity_B,0.035886092353271934
118,Low volatility,Minimum volatility,Demo_Bonds,0.7665456047950112
118,Low volatility,Minimum volatility,Demo_Gold,0.1488138239599417
118,Low volatility,Minimum volatility,Demo_REITs,0.0
118,Low volatility,Maximum Sharpe,Demo_Equity_A,0.12742945181598445
118,Low volatility,Maximum Sharpe,Demo_Equity_B,0.1273967640512596
118,Low volatility,Maximum Sharpe,Demo_Bonds,0.6475700240288605
118,Low volatility,Maximum Sharpe,Demo_Gold,0.09760376010389529
118,Low volatility,Maximum Sharpe,Demo_REITs,0.0
119,Base,Equal weight,Demo_Equity_A,0.2
119,Base,Equal weight,Demo_Equity_B,0.2
119,Base,Equal weight,Demo_Bonds,0.2
119,Base,Equal weight,Demo_Gold,0.2
119,Base,Equal weight,Demo_REITs,0.2
119,Base,Minimum volatility,Demo_Equity_A,0.03982839419009667
119,Base,Minimum volatility,Demo_Equity_B,0.02655615682512177
119,Base,Minimum volatility,Demo_Bonds,0.8049437981981096
119,Base,Minimum volatility,Demo_Gold,0.128671650786672
119,Base,Minimum volatility,Demo_REITs,0.0
119,Base,Maximum Sharpe,Demo_Equity_A,0.09400076708144738
119,Base,Maximum Sharpe,Demo_Equity_B,5.633602141252617e-17
119,Base,Maximum Sharpe,Demo_Bonds,3.8664807209074433e-17
119,Base,Maximum Sharpe,Demo_Gold,0.7687954661084963
119,Base,Maximum Sharpe,Demo_REITs,0.13720376681005633
120,High volatility,Equal weight,Demo_Equity_A,0.2
120,High volatility,Equal weight,Demo_Equity_B,0.2
120,High volatility,Equal weight,Demo_Bonds,0.2
120,High volatility,Equal weight,Demo_Gold,0.2
120,High volatility,Equal weight,Demo_REITs,0.2
120,High volatility,Minimum volatility,Demo_Equity_A,0.04744100537020799
120,High volatility,Minimum volatility,Demo_Equity_B,0.02322695467835232
120,High volatility,Minimum volatility,Demo_Bonds,0.788813383837331
120,High volatility,Minimum volatility,Demo_Gold,0.14051865611410852
120,High volatility,Minimum volatility,Demo_REITs,5.013979964501644e-19
120,High volatility,Maximum Sharpe,Demo_Equity_A,0.7094718504854741
120,High volatility,Maximum Sharpe,Demo_Equity_B,0.2125241005971165
120,High volatility,Maximum Sharpe,Demo_Bonds,0.0
120,High volatility,Maximum Sharpe,Demo_Gold,0.07800404891740928
120,High volatility,Maximum Sharpe,Demo_REITs,0.0
121,Low volatility,Equal weight,Demo_Equity_A,0.2
121,Low volatility,Equal weight,Demo_Equity_B,0.2
121,Low volatility,Equal weight,Demo_Bonds,0.2
121,Low volatility,Equal weight,Demo_Gold,0.2
121,Low volatility,Equal weight,Demo_REITs,0.2
121,Low volatility,Minimum volatility,Demo_Equity_A,0.057234218741755986
121,Low volatility,Minimum volatility,Demo_Equity_B,0.021044526960798074
121,Low volatility,Minimum volatility,Demo_Bonds,0.8030127929079087
121,Low volatility,Minimum volatility,Demo_Gold,0.11870846138953704
121,Low volatility,Minimum volatility,Demo_REITs,0.0
121,Low volatility,Maximum Sharpe,Demo_Equity_A,0.06279454826331493
121,Low volatility,Maximum Sharpe,Demo_Equity_B,0.0535465009621061
121,Low volatility,Maximum Sharpe,Demo_Bonds,0.5696862287158777
121,Low volatility,Maximum Sharpe,Demo_Gold,0.2951597757472099
121,Low volatility,Maximum Sharpe,Demo_REITs,0.018812946311491406
122,Base,Equal weight,Demo_Equity_A,0.2
122,Base,Equal weight,Demo_Equity_B,0.2
122,Base,Equal weight,Demo_Bonds,0.2
122,Base,Equal weight,Demo_Gold,0.2
122,Base,Equal weight,Demo_REITs,0.2
122,Base,Minimum volatility,Demo_Equity_A,0.06780038804413559
122,Base,Minimum volatility,Demo_Equity_B,0.0007278521812417944
122,Base,Minimum volatility,Demo_Bonds,0.7881283778503834
122,Base,Minimum volatility,Demo_Gold,0.1433433819242393
122,Base,Minimum volatility,Demo_REITs,5.547323317081055e-19
122,Base,Maximum Sharpe,Demo_Equity_A,0.1463371356501281
122,Base,Maximum Sharpe,Demo_Equity_B,8.627465771162746e-17
122,Base,Maximum Sharpe,Demo_Bonds,0.8536628643498717
122,Base,Maximum Sharpe,Demo_Gold,1.786081747671545e-16
122,Base,Maximum Sharpe,Demo_REITs,0.0
123,High volatility,Equal weight,Demo_Equity_A,0.2
123,High volatility,Equal weight,Demo_Equity_B,0.2
123,High volatility,Equal weight,Demo_Bonds,0.2
123,High volatility,Equal weight,Demo_Gold,0.2
123,High volatility,Equal weight,Demo_REITs,0.2
123,High volatility,Minimum volatility,Demo_Equity_A,0.05428551252432827
123,High volatility,Minimum volatility,Demo_Equity_B,0.026035961121890338
123,High volatility,Minimum volatility,Demo_Bonds,0.7774918532359616
123,High volatility,Minimum volatility,Demo_Gold,0.14218667311781985
123,High volatility,Minimum volatility,Demo_REITs,0.0
123,High volatility,Maximum Sharpe,Demo_Equity_A,0.0
123,High volatility,Maximum Sharpe,Demo_Equity_B,0.7967166848210485
123,High volatility,Maximum Sharpe,Demo_Bonds,4.6897850288797805e-17
123,High volatility,Maximum Sharpe,Demo_Gold,0.20328331517895137
123,High volatility,Maximum Sharpe,Demo_REITs,0.0
124,Low volatility,Equal weight,Demo_Equity_A,0.2
124,Low volatility,Equal weight,Demo_Equity_B,0.2
124,Low volatility,Equal weight,Demo_Bonds,0.2
124,Low volatility,Equal weight,Demo_Gold,0.2
124,Low volatility,Equal weight,Demo_REITs,0.2
124,Low volatility,Minimum volatility,Demo_Equity_A,0.06259164333726025
124,Low volatility,Minimum volatility,Demo_Equity_B,0.0114346311084992
124,Low volatility,Minimum volatility,Demo_Bonds,0.7904333070837362
124,Low volatility,Minimum volatility,Demo_Gold,0.12707759744100378
124,Low volatility,Minimum volatility,Demo_REITs,0.008462821029500602
124,Low volatility,Maximum Sharpe,Demo_Equity_A,0.8986520342152772
124,Low volatility,Maximum Sharpe,Demo_Equity_B,4.028906324219137e-17
124,Low volatility,Maximum Sharpe,Demo_Bonds,0.0
124,Low volatility,Maximum Sharpe,Demo_Gold,7.825591819277859e-18
124,Low volatility,Maximum Sharpe,Demo_REITs,0.10134796578472284
125,Base,Equal weight,Demo_Equity_A,0.2
125,Base,Equal weight,Demo_Equity_B,0.2
125,Base,Equal weight,Demo_Bonds,0.2
125,Base,Equal weight,Demo_Gold,0.2
125,Base,Equal weight,Demo_REITs,0.2
125,Base,Minimum volatility,Demo_Equity_A,0.05969057436661526
125,Base,Minimum volatility,Demo_Equity_B,0.012427391726421148
125,Base,Minimum volatility,Demo_Bonds,0.7865066700749102
125,Base,Minimum volatility,Demo_Gold,0.13234648124197668
125,Base,Minimum volatility,Demo_REITs,0.009028882590076736
125,Base,Maximum Sharpe,Demo_Equity_A,0.4024691779189606
125,Base,Maximum Sharpe,Demo_Equity_B,0.0
125,Base,Maximum Sharpe,Demo_Bonds,0.0
125,Base,Maximum Sharpe,Demo_Gold,0.5975308220810394
125,Base,Maximum Sharpe,Demo_REITs,0.0
126,High volatility,Equal weight,Demo_Equity_A,0.2
126,High volatility,Equal weight,Demo_Equity_B,0.2
126,High volatility,Equal weight,Demo_Bonds,0.2
126,High volatility,Equal weight,Demo_Gold,0.2
126,High volatility,Equal weight,Demo_REITs,0.2
126,High volatility,Minimum volatility,Demo_Equity_A,0.06574796964819357
126,High volatility,Minimum volatility,Demo_Equity_B,0.008738911181196175
126,High volatility,Minimum volatility,Demo_Bonds,0.7784382748207287
126,High volatility,Minimum volatility,Demo_Gold,0.1396899391488525
126,High volatility,Minimum volatility,Demo_REITs,0.007384905201028901
126,High volatility,Maximum Sharpe,Demo_Equity_A,0.0
126,High volatility,Maximum Sharpe,Demo_Equity_B,0.47492678677815703
126,High volatility,Maximum Sharpe,Demo_Bonds,0.5250732132218429
126,High volatility,Maximum Sharpe,Demo_Gold,1.813639045395302e-17
126,High volatility,Maximum Sharpe,Demo_REITs,7.765546574163184e-17
127,Low volatility,Equal weight,Demo_Equity_A,0.2
127,Low volatility,Equal weight,Demo_Equity_B,0.2
127,Low volatility,Equal weight,Demo_Bonds,0.2
127,Low volatility,Equal weight,Demo_Gold,0.2
127,Low volatility,Equal weight,Demo_REITs,0.2
127,Low volatility,Minimum volatility,Demo_Equity_A,0.061861772864790235
127,Low volatility,Minimum volatility,Demo_Equity_B,0.022529803277260323
127,Low volatility,Minimum volatility,Demo_Bonds,0.794718769053441
127,Low volatility,Minimum volatility,Demo_Gold,0.1208896548045085
127,Low volatility,Minimum volatility,Demo_REITs,0.0
127,Low volatility,Maximum Sharpe,Demo_Equity_A,0.0
127,Low volatility,Maximum Sharpe,Demo_Equity_B,0.0
127,Low volatility,Maximum Sharpe,Demo_Bonds,0.8373225684678656
127,Low volatility,Maximum Sharpe,Demo_Gold,0.1626774315321345
127,Low volatility,Maximum Sharpe,Demo_REITs,0.0
128,Base,Equal weight,Demo_Equity_A,0.2
128,Base,Equal weight,Demo_Equity_B,0.2
128,Base,Equal weight,Demo_Bonds,0.2
128,Base,Equal weight,Demo_Gold,0.2
128,Base,Equal weight,Demo_REITs,0.2
128,Base,Minimum volatility,Demo_Equity_A,0.07791275980761839
128,Base,Minimum volatility,Demo_Equity_B,0.011185220931656368
128,Base,Minimum volatility,Demo_Bonds,0.7696447051917571
128,Base,Minimum volatility,Demo_Gold,0.14125731406896802
128,Base,Minimum volatility,Demo_REITs,0.0
128,Base,Maximum Sharpe,Demo_Equity_A,0.0
128,Base,Maximum Sharpe,Demo_Equity_B,0.0
128,Base,Maximum Sharpe,Demo_Bonds,1.0
128,Base,Maximum Sharpe,Demo_Gold,0.0
128,Base,Maximum Sharpe,Demo_REITs,0.0
129,High volatility,Equal weight,Demo_Equity_A,0.2
129,High volatility,Equal weight,Demo_Equity_B,0.2
129,High volatility,Equal weight,Demo_Bonds,0.2
129,High volatility,Equal weight,Demo_Gold,0.2
129,High volatility,Equal weight,Demo_REITs,0.2
129,High volatility,Minimum volatility,Demo_Equity_A,0.08381826635576967
129,High volatility,Minimum volatility,Demo_Equity_B,0.0068836985119230185
129,High volatility,Minimum volatility,Demo_Bonds,0.7890271991047796
129,High volatility,Minimum volatility,Demo_Gold,0.12027083602752778
129,High volatility,Minimum volatility,Demo_REITs,0.0
129,High volatility,Maximum Sharpe,Demo_Equity_A,1.0
129,High volatility,Maximum Sharpe,Demo_Equity_B,0.0
129,High volatility,Maximum Sharpe,Demo_Bonds,0.0
129,High volatility,Maximum Sharpe,Demo_Gold,0.0
129,High volatility,Maximum Sharpe,Demo_REITs,0.0
130,Low volatility,Equal weight,Demo_Equity_A,0.2
130,Low volatility,Equal weight,Demo_Equity_B,0.2
130,Low volatility,Equal weight,Demo_Bonds,0.2
130,Low volatility,Equal weight,Demo_Gold,0.2
130,Low volatility,Equal weight,Demo_REITs,0.2
130,Low volatility,Minimum volatility,Demo_Equity_A,0.05428282096844127
130,Low volatility,Minimum volatility,Demo_Equity_B,0.015263318661618648
130,Low volatility,Minimum volatility,Demo_Bonds,0.7844149257639377
130,Low volatility,Minimum volatility,Demo_Gold,0.13273908303338885
130,Low volatility,Minimum volatility,Demo_REITs,0.013299851572613534
130,Low volatility,Maximum Sharpe,Demo_Equity_A,0.1832949808140768
130,Low volatility,Maximum Sharpe,Demo_Equity_B,0.8167050191859231
130,Low volatility,Maximum Sharpe,Demo_Bonds,1.0638378773877523e-16
130,Low volatility,Maximum Sharpe,Demo_Gold,0.0
130,Low volatility,Maximum Sharpe,Demo_REITs,3.851479555052262e-17
131,Base,Equal weight,Demo_Equity_A,0.2
131,Base,Equal weight,Demo_Equity_B,0.2
131,Base,Equal weight,Demo_Bonds,0.2
131,Base,Equal weight,Demo_Gold,0.2
131,Base,Equal weight,Demo_REITs,0.2
131,Base,Minimum volatility,Demo_Equity_A,0.06649194581220355
131,Base,Minimum volatility,Demo_Equity_B,0.011000815615273345
131,Base,Minimum volatility,Demo_Bonds,0.8054558486714471
131,Base,Minimum volatility,Demo_Gold,0.11705138990107578
131,Base,Minimum volatility,Demo_REITs,3.579853973731024e-19
131,Base,Maximum Sharpe,Demo_Equity_A,0.668564847132809
131,Base,Maximum Sharpe,Demo_Equity_B,1.582900235159915e-17
131,Base,Maximum Sharpe,Demo_Bonds,2.49786522478401e-17
131,Base,Maximum Sharpe,Demo_Gold,1.2414621294399767e-17
131,Base,Maximum Sharpe,Demo_REITs,0.331435152867191
132,High volatility,Equal weight,Demo_Equity_A,0.2
132,High volatility,Equal weight,Demo_Equity_B,0.2
132,High volatility,Equal weight,Demo_Bonds,0.2
132,High volatility,Equal weight,Demo_Gold,0.2
132,High volatility,Equal weight,Demo_REITs,0.2
132,High volatility,Minimum volatility,Demo_Equity_A,0.0721894133587549
132,High volatility,Minimum volatility,Demo_Equity_B,0.019889966615549426
132,High volatility,Minimum volatility,Demo_Bonds,0.7902121201021725
132,High volatility,Minimum volatility,Demo_Gold,0.11633980763437718
132,High volatility,Minimum volatility,Demo_REITs,0.0013686922891460746
132,High volatility,Maximum Sharpe,Demo_Equity_A,1.0
132,High volatility,Maximum Sharpe,Demo_Equity_B,0.0
132,High volatility,Maximum Sharpe,Demo_Bonds,5.895036224701515e-17
132,High volatility,Maximum Sharpe,Demo_Gold,0.0
132,High volatility,Maximum Sharpe,Demo_REITs,0.0
133,Low volatility,Equal weight,Demo_Equity_A,0.2
133,Low volatility,Equal weight,Demo_Equity_B,0.2
133,Low volatility,Equal weight,Demo_Bonds,0.2
133,Low volatility,Equal weight,Demo_Gold,0.2
133,Low volatility,Equal weight,Demo_REITs,0.2
133,Low volatility,Minimum volatility,Demo_Equity_A,0.06126473229091611
133,Low volatility,Minimum volatility,Demo_Equity_B,0.013306104785199632
133,Low volatility,Minimum volatility,Demo_Bonds,0.7948113804537501
133,Low volatility,Minimum volatility,Demo_Gold,0.13061778247013417
133,Low volatility,Minimum volatility,Demo_REITs,2.6460004717677284e-18
133,Low volatility,Maximum Sharpe,Demo_Equity_A,0.0
133,Low volatility,Maximum Sharpe,Demo_Equity_B,0.0
133,Low volatility,Maximum Sharpe,Demo_Bonds,0.8302680009209732
133,Low volatility,Maximum Sharpe,Demo_Gold,0.16973199907902525
133,Low volatility,Maximum Sharpe,Demo_REITs,1.5084147420980364e-15
134,Base,Equal weight,Demo_Equity_A,0.2
134,Base,Equal weight,Demo_Equity_B,0.2
134,Base,Equal weight,Demo_Bonds,0.2
134,Base,Equal weight,Demo_Gold,0.2
134,Base,Equal weight,Demo_REITs,0.2
134,Base,Minimum volatility,Demo_Equity_A,0.052548337260704
134,Base,Minimum volatility,Demo_Equity_B,0.024441174498076992
134,Base,Minimum volatility,Demo_Bonds,0.7808072244305602
134,Base,Minimum volatility,Demo_Gold,0.14220326381065884
134,Base,Minimum volatility,Demo_REITs,1.5322969963785276e-20
134,Base,Maximum Sharpe,Demo_Equity_A,4.997672977445707e-17
134,Base,Maximum Sharpe,Demo_Equity_B,0.13750433126864153
134,Base,Maximum Sharpe,Demo_Bonds,0.5221908599406299
134,Base,Maximum Sharpe,Demo_Gold,0.21568970751032163
134,Base,Maximum Sharpe,Demo_REITs,0.12461510128040691
135,High volatility,Equal weight,Demo_Equity_A,0.2
135,High volatility,Equal weight,Demo_Equity_B,0.2
135,High volatility,Equal weight,Demo_Bonds,0.2
135,High volatility,Equal weight,Demo_Gold,0.2
135,High volatility,Equal weight,Demo_REITs,0.2
135,High volatility,Minimum volatility,Demo_Equity_A,0.06867414974276331
135,High volatility,Minimum volatility,Demo_Equity_B,0.01006510203652136
135,High volatility,Minimum volatility,Demo_Bonds,0.7826916603099728
135,High volatility,Minimum volatility,Demo_Gold,0.13721360234472618
135,High volatility,Minimum volatility,Demo_REITs,0.0013554855660163302
135,High volatility,Maximum Sharpe,Demo_Equity_A,0.17777975700656068
135,High volatility,Maximum Sharpe,Demo_Equity_B,0.0
135,High volatility,Maximum Sharpe,Demo_Bonds,0.7995897688912361
135,High volatility,Maximum Sharpe,Demo_Gold,3.382929751676365e-16
135,High volatility,Maximum Sharpe,Demo_REITs,0.022630474102202824
136,Low volatility,Equal weight,Demo_Equity_A,0.2
136,Low volatility,Equal weight,Demo_Equity_B,0.2
136,Low volatility,Equal weight,Demo_Bonds,0.2
136,Low volatility,Equal weight,Demo_Gold,0.2
136,Low volatility,Equal weight,Demo_REITs,0.2
136,Low volatility,Minimum volatility,Demo_Equity_A,0.06832960331151916
136,Low volatility,Minimum volatility,Demo_Equity_B,0.013078590431417476
136,Low volatility,Minimum volatility,Demo_Bonds,0.7987109913868663
136,Low volatility,Minimum volatility,Demo_Gold,0.11988081487019718
136,Low volatility,Minimum volatility,Demo_REITs,2.2010728088760497e-18
136,Low volatility,Maximum Sharpe,Demo_Equity_A,0.05787392317588269
136,Low volatility,Maximum Sharpe,Demo_Equity_B,0.9421260768241171
136,Low volatility,Maximum Sharpe,Demo_Bonds,0.0
136,Low volatility,Maximum Sharpe,Demo_Gold,0.0
136,Low volatility,Maximum Sharpe,Demo_REITs,1.3302878155588963e-16
137,Base,Equal weight,Demo_Equity_A,0.2
137,Base,Equal weight,Demo_Equity_B,0.2
137,Base,Equal weight,Demo_Bonds,0.2
137,Base,Equal weight,Demo_Gold,0.2
137,Base,Equal weight,Demo_REITs,0.2
137,Base,Minimum volatility,Demo_Equity_A,0.08078912650035036
137,Base,Minimum volatility,Demo_Equity_B,0.010977021124180197
137,Base,Minimum volatility,Demo_Bonds,0.7868134188586526
137,Base,Minimum volatility,Demo_Gold,0.12142043351681664
137,Base,Minimum volatility,Demo_REITs,0.0
137,Base,Maximum Sharpe,Demo_Equity_A,0.0
137,Base,Maximum Sharpe,Demo_Equity_B,0.0
137,Base,Maximum Sharpe,Demo_Bonds,0.0
137,Base,Maximum Sharpe,Demo_Gold,0.0
137,Base,Maximum Sharpe,Demo_REITs,1.0
138,High volatility,Equal weight,Demo_Equity_A,0.2
138,High volatility,Equal weight,Demo_Equity_B,0.2
138,High volatility,Equal weight,Demo_Bonds,0.2
138,High volatility,Equal weight,Demo_Gold,0.2
138,High volatility,Equal weight,Demo_REITs,0.2
138,High volatility,Minimum volatility,Demo_Equity_A,0.07500548813022863
138,High volatility,Minimum volatility,Demo_Equity_B,0.01375295601684501
138,High volatility,Minimum volatility,Demo_Bonds,0.7839883752314953
138,High volatility,Minimum volatility,Demo_Gold,0.12725318062143096
138,High volatility,Minimum volatility,Demo_REITs,1.9731388422366302e-18
138,High volatility,Maximum Sharpe,Demo_Equity_A,0.6518710622909745
138,High volatility,Maximum Sharpe,Demo_Equity_B,0.34812893770902537
138,High volatility,Maximum Sharpe,Demo_Bonds,1.334871321052044e-16
138,High volatility,Maximum Sharpe,Demo_Gold,7.797598087394649e-17
138,High volatility,Maximum Sharpe,Demo_REITs,5.011346111055426e-17
139,Low volatility,Equal weight,Demo_Equity_A,0.2
139,Low volatility,Equal weight,Demo_Equity_B,0.2
139,Low volatility,Equal weight,Demo_Bonds,0.2
139,Low volatility,Equal weight,Demo_Gold,0.2
139,Low volatility,Equal weight,Demo_REITs,0.2
139,Low volatility,Minimum volatility,Demo_Equity_A,0.06593178132110666
139,Low volatility,Minimum volatility,Demo_Equity_B,0.018573540727889026
139,Low volatility,Minimum volatility,Demo_Bonds,0.7981650167681875
139,Low volatility,Minimum volatility,Demo_Gold,0.11732966118281679
139,Low volatility,Minimum volatility,Demo_REITs,0.0
139,Low volatility,Maximum Sharpe,Demo_Equity_A,0.14713141042365732
139,Low volatility,Maximum Sharpe,Demo_Equity_B,0.03539542154655165
139,Low volatility,Maximum Sharpe,Demo_Bonds,2.7525466468660845e-18
139,Low volatility,Maximum Sharpe,Demo_Gold,0.20338443442685628
139,Low volatility,Maximum Sharpe,Demo_REITs,0.6140887336029348
140,Base,Equal weight,Demo_Equity_A,0.2
140,Base,Equal weight,Demo_Equity_B,0.2
140,Base,Equal weight,Demo_Bonds,0.2
140,Base,Equal weight,Demo_Gold,0.2
140,Base,Equal weight,Demo_REITs,0.2
140,Base,Minimum volatility,Demo_Equity_A,0.05929937789691642
140,Base,Minimum volatility,Demo_Equity_B,0.008658332020013934
140,Base,Minimum volatility,Demo_Bonds,0.8077290499629439
140,Base,Minimum volatility,Demo_Gold,0.12431324012012579
140,Base,Minimum volatility,Demo_REITs,0.0
140,Base,Maximum Sharpe,Demo_Equity_A,1.4110492956189181e-16
140,Base,Maximum Sharpe,Demo_Equity_B,0.6279945244828041
140,Base,Maximum Sharpe,Demo_Bonds,0.0
140,Base,Maximum Sharpe,Demo_Gold,6.879040436817262e-17
140,Base,Maximum Sharpe,Demo_REITs,0.37200547551719565
141,High volatility,Equal weight,Demo_Equity_A,0.2
141,High volatility,Equal weight,Demo_Equity_B,0.2
141,High volatility,Equal weight,Demo_Bonds,0.2
141,High volatility,Equal weight,Demo_Gold,0.2
141,High volatility,Equal weight,Demo_REITs,0.2
141,High volatility,Minimum volatility,Demo_Equity_A,0.0575676767622973
141,High volatility,Minimum volatility,Demo_Equity_B,0.007639733785733465
141,High volatility,Minimum volatility,Demo_Bonds,0.8110266145516176
141,High volatility,Minimum volatility,Demo_Gold,0.12282719343898553
141,High volatility,Minimum volatility,Demo_REITs,0.0009387814613661455
141,High volatility,Maximum Sharpe,Demo_Equity_A,0.5548099888525636
141,High volatility,Maximum Sharpe,Demo_Equity_B,6.58181878507974e-17
141,High volatility,Maximum Sharpe,Demo_Bonds,0.0
141,High volatility,Maximum Sharpe,Demo_Gold,0.4451900111474362
141,High volatility,Maximum Sharpe,Demo_REITs,0.0
142,Low volatility,Equal weight,Demo_Equity_A,0.2
142,Low volatility,Equal weight,Demo_Equity_B,0.2
142,Low volatility,Equal weight,Demo_Bonds,0.2
142,Low volatility,Equal weight,Demo_Gold,0.2
142,Low volatility,Equal weight,Demo_REITs,0.2
142,Low volatility,Minimum volatility,Demo_Equity_A,0.07482891903230222
142,Low volatility,Minimum volatility,Demo_Equity_B,0.008503427039760954
142,Low volatility,Minimum volatility,Demo_Bonds,0.7989978083827876
142,Low volatility,Minimum volatility,Demo_Gold,0.11236819617529731
142,Low volatility,Minimum volatility,Demo_REITs,0.0053016493698518
142,Low volatility,Maximum Sharpe,Demo_Equity_A,0.34962978629083236
142,Low volatility,Maximum Sharpe,Demo_Equity_B,0.6503702137091673
142,Low volatility,Maximum Sharpe,Demo_Bonds,1.2147638395182921e-16
142,Low volatility,Maximum Sharpe,Demo_Gold,2.4737712383387456e-16
142,Low volatility,Maximum Sharpe,Demo_REITs,0.0
143,Base,Equal weight,Demo_Equity_A,0.2
143,Base,Equal weight,Demo_Equity_B,0.2
143,Base,Equal weight,Demo_Bonds,0.2
143,Base,Equal weight,Demo_Gold,0.2
143,Base,Equal weight,Demo_REITs,0.2
143,Base,Minimum volatility,Demo_Equity_A,0.06707603305673934
143,Base,Minimum volatility,Demo_Equity_B,0.02257247060446655
143,Base,Minimum volatility,Demo_Bonds,0.7919083489363109
143,Base,Minimum volatility,Demo_Gold,0.11844314740248323
143,Base,Minimum volatility,Demo_REITs,2.987979142938129e-19
143,Base,Maximum Sharpe,Demo_Equity_A,0.0
143,Base,Maximum Sharpe,Demo_Equity_B,0.1446120827607672
143,Base,Maximum Sharpe,Demo_Bonds,0.4280747467688466
143,Base,Maximum Sharpe,Demo_Gold,0.42731317047038564
143,Base,Maximum Sharpe,Demo_REITs,5.835856164594149e-16
144,High volatility,Equal weight,Demo_Equity_A,0.2
144,High volatility,Equal weight,Demo_Equity_B,0.2
144,High volatility,Equal weight,Demo_Bonds,0.2
144,High volatility,Equal weight,Demo_Gold,0.2
144,High volatility,Equal weight,Demo_REITs,0.2
144,High volatility,Minimum volatility,Demo_Equity_A,0.07411041444434255
144,High volatility,Minimum volatility,Demo_Equity_B,0.008228132876639158
144,High volatility,Minimum volatility,Demo_Bonds,0.7999578488752347
144,High volatility,Minimum volatility,Demo_Gold,0.11770360380378345
144,High volatility,Minimum volatility,Demo_REITs,0.0
144,High volatility,Maximum Sharpe,Demo_Equity_A,0.0
144,High volatility,Maximum Sharpe,Demo_Equity_B,0.0
144,High volatility,Maximum Sharpe,Demo_Bonds,0.5514030388424577
144,High volatility,Maximum Sharpe,Demo_Gold,0.4485969611575422
144,High volatility,Maximum Sharpe,Demo_REITs,1.1499571075329324e-16
145,Low volatility,Equal weight,Demo_Equity_A,0.2
145,Low volatility,Equal weight,Demo_Equity_B,0.2
145,Low volatility,Equal weight,Demo_Bonds,0.2
145,Low volatility,Equal weight,Demo_Gold,0.2
145,Low volatility,Equal weight,Demo_REITs,0.2
145,Low volatility,Minimum volatility,Demo_Equity_A,0.07430661527384316
145,Low volatility,Minimum volatility,Demo_Equity_B,0.01274520365860447
145,Low volatility,Minimum volatility,Demo_Bonds,0.7814641370947178
145,Low volatility,Minimum volatility,Demo_Gold,0.13148404397283464
145,Low volatility,Minimum volatility,Demo_REITs,1.9613401553645156e-19
145,Low volatility,Maximum Sharpe,Demo_Equity_A,0.18013820781012008
145,Low volatility,Maximum Sharpe,Demo_Equity_B,0.0
145,Low volatility,Maximum Sharpe,Demo_Bonds,0.18083449809967223
145,Low volatility,Maximum Sharpe,Demo_Gold,0.5550028142708356
145,Low volatility,Maximum Sharpe,Demo_REITs,0.0840244798193721
146,Base,Equal weight,Demo_Equity_A,0.2
146,Base,Equal weight,Demo_Equity_B,0.2
146,Base,Equal weight,Demo_Bonds,0.2
146,Base,Equal weight,Demo_Gold,0.2
146,Base,Equal weight,Demo_REITs,0.2
146,Base,Minimum volatility,Demo_Equity_A,0.06732494353709359
146,Base,Minimum volatility,Demo_Equity_B,0.019296882863601678
146,Base,Minimum volatility,Demo_Bonds,0.7950354702805129
146,Base,Minimum volatility,Demo_Gold,0.1183427033187918
146,Base,Minimum volatility,Demo_REITs,0.0
146,Base,Maximum Sharpe,Demo_Equity_A,0.09855299284207208
146,Base,Maximum Sharpe,Demo_Equity_B,0.8012010734335893
146,Base,Maximum Sharpe,Demo_Bonds,0.0
146,Base,Maximum Sharpe,Demo_Gold,0.10024593372433875
146,Base,Maximum Sharpe,Demo_REITs,4.217440849066337e-17
147,High volatility,Equal weight,Demo_Equity_A,0.2
147,High volatility,Equal weight,Demo_Equity_B,0.2
147,High volatility,Equal weight,Demo_Bonds,0.2
147,High volatility,Equal weight,Demo_Gold,0.2
147,High volatility,Equal weight,Demo_REITs,0.2
147,High volatility,Minimum volatility,Demo_Equity_A,0.06909165949121668
147,High volatility,Minimum volatility,Demo_Equity_B,1.4948170921072977e-18
147,High volatility,Minimum volatility,Demo_Bonds,0.8023867956669727
147,High volatility,Minimum volatility,Demo_Gold,0.12852154484181066
147,High volatility,Minimum volatility,Demo_REITs,1.733545013545868e-19
147,High volatility,Maximum Sharpe,Demo_Equity_A,0.34724337897644747
147,High volatility,Maximum Sharpe,Demo_Equity_B,0.0
147,High volatility,Maximum Sharpe,Demo_Bonds,0.6527566210235526
147,High volatility,Maximum Sharpe,Demo_Gold,0.0
147,High volatility,Maximum Sharpe,Demo_REITs,5.94232758491756e-17
148,Low volatility,Equal weight,Demo_Equity_A,0.2
148,Low volatility,Equal weight,Demo_Equity_B,0.2
148,Low volatility,Equal weight,Demo_Bonds,0.2
148,Low volatility,Equal weight,Demo_Gold,0.2
148,Low volatility,Equal weight,Demo_REITs,0.2
148,Low volatility,Minimum volatility,Demo_Equity_A,0.05098761552579129
148,Low volatility,Minimum volatility,Demo_Equity_B,0.01767614914637842
148,Low volatility,Minimum volatility,Demo_Bonds,0.7886555057067569
148,Low volatility,Minimum volatility,Demo_Gold,0.14268072962107345
148,Low volatility,Minimum volatility,Demo_REITs,1.2289021910955792e-19
148,Low volatility,Maximum Sharpe,Demo_Equity_A,1.0
148,Low volatility,Maximum Sharpe,Demo_Equity_B,0.0
148,Low volatility,Maximum Sharpe,Demo_Bonds,0.0
148,Low volatility,Maximum Sharpe,Demo_Gold,0.0
148,Low volatility,Maximum Sharpe,Demo_REITs,0.0
149,Base,Equal weight,Demo_Equity_A,0.2
149,Base,Equal weight,Demo_Equity_B,0.2
149,Base,Equal weight,Demo_Bonds,0.2
149,Base,Equal weight,Demo_Gold,0.2
149,Base,Equal weight,Demo_REITs,0.2
149,Base,Minimum volatility,Demo_Equity_A,0.07402649836001506
149,Base,Minimum volatility,Demo_Equity_B,0.008851310512759149
149,Base,Minimum volatility,Demo_Bonds,0.7815724033618573
149,Base,Minimum volatility,Demo_Gold,0.13554978776536855
149,Base,Minimum volatility,Demo_REITs,0.0
149,Base,Maximum Sharpe,Demo_Equity_A,0.04861120917026963
149,Base,Maximum Sharpe,Demo_Equity_B,0.08114548235793048
149,Base,Maximum Sharpe,Demo_Bonds,1.5456868654009177e-18
149,Base,Maximum Sharpe,Demo_Gold,0.6763935981926138
149,Base,Maximum Sharpe,Demo_REITs,0.19384971027918613
150,High volatility,Equal weight,Demo_Equity_A,0.2
150,High volatility,Equal weight,Demo_Equity_B,0.2
150,High volatility,Equal weight,Demo_Bonds,0.2
150,High volatility,Equal weight,Demo_Gold,0.2
150,High volatility,Equal weight,Demo_REITs,0.2
150,High volatility,Minimum volatility,Demo_Equity_A,0.07499207606183601
150,High volatility,Minimum volatility,Demo_Equity_B,0.027185392354239973
150,High volatility,Minimum volatility,Demo_Bonds,0.7760446118384027
150,High volatility,Minimum volatility,Demo_Gold,0.12177791974552128
150,High volatility,Minimum volatility,Demo_REITs,0.0
150,High volatility,Maximum Sharpe,Demo_Equity_A,0.0
150,High volatility,Maximum Sharpe,Demo_Equity_B,0.09717492311706823
150,High volatility,Maximum Sharpe,Demo_Bonds,0.27045889444663834
150,High volatility,Maximum Sharpe,Demo_Gold,0.39930649532245865
150,High volatility,Maximum Sharpe,Demo_REITs,0.23305968711383485
151,Low volatility,Equal weight,Demo_Equity_A,0.2
151,Low volatility,Equal weight,Demo_Equity_B,0.2
151,Low volatility,Equal weight,Demo_Bonds,0.2
151,Low volatility,Equal weight,Demo_Gold,0.2
151,Low volatility,Equal weight,Demo_REITs,0.2
151,Low volatility,Minimum volatility,Demo_Equity_A,0.0577808607157781
151,Low volatility,Minimum volatility,Demo_Equity_B,0.006075915794190465
151,Low volatility,Minimum volatility,Demo_Bonds,0.8167203294345924
151,Low volatility,Minimum volatility,Demo_Gold,0.11942289405543899
151,Low volatility,Minimum volatility,Demo_REITs,0.0
151,Low volatility,Maximum Sharpe,Demo_Equity_A,0.0
151,Low volatility,Maximum Sharpe,Demo_Equity_B,0.9999999999999998
151,Low volatility,Maximum Sharpe,Demo_Bonds,2.742431406827078e-16
151,Low volatility,Maximum Sharpe,Demo_Gold,0.0
151,Low volatility,Maximum Sharpe,Demo_REITs,0.0
152,Base,Equal weight,Demo_Equity_A,0.2
152,Base,Equal weight,Demo_Equity_B,0.2
152,Base,Equal weight,Demo_Bonds,0.2
152,Base,Equal weight,Demo_Gold,0.2
152,Base,Equal weight,Demo_REITs,0.2
152,Base,Minimum volatility,Demo_Equity_A,0.08536246289200011
152,Base,Minimum volatility,Demo_Equity_B,0.0012052048012909024
152,Base,Minimum volatility,Demo_Bonds,0.7780444596916272
152,Base,Minimum volatility,Demo_Gold,0.13538787261508187
152,Base,Minimum volatility,Demo_REITs,1.7406893878860075e-19
152,Base,Maximum Sharpe,Demo_Equity_A,0.5582405138565413
152,Base,Maximum Sharpe,Demo_Equity_B,0.0
152,Base,Maximum Sharpe,Demo_Bonds,0.1101557027395504
152,Base,Maximum Sharpe,Demo_Gold,0.26733574899775747
152,Base,Maximum Sharpe,Demo_REITs,0.06426803440615084
153,High volatility,Equal weight,Demo_Equity_A,0.2
153,High volatility,Equal weight,Demo_Equity_B,0.2
153,High volatility,Equal weight,Demo_Bonds,0.2
153,High volatility,Equal weight,Demo_Gold,0.2
153,High volatility,Equal weight,Demo_REITs,0.2
153,High volatility,Minimum volatility,Demo_Equity_A,0.0627599845930882
153,High volatility,Minimum volatility,Demo_Equity_B,0.01088805351735917
153,High volatility,Minimum volatility,Demo_Bonds,0.7880559466714873
153,High volatility,Minimum volatility,Demo_Gold,0.1382960152180654
153,High volatility,Minimum volatility,Demo_REITs,1.8899214568818804e-19
153,High volatility,Maximum Sharpe,Demo_Equity_A,0.6612602519013306
153,High volatility,Maximum Sharpe,Demo_Equity_B,6.178174794886811e-17
153,High volatility,Maximum Sharpe,Demo_Bonds,2.8959921848420733e-16
153,High volatility,Maximum Sharpe,Demo_Gold,0.0
153,High volatility,Maximum Sharpe,Demo_REITs,0.33873974809866886
154,Low volatility,Equal weight,Demo_Equity_A,0.2
154,Low volatility,Equal weight,Demo_Equity_B,0.2
154,Low volatility,Equal weight,Demo_Bonds,0.2
154,Low volatility,Equal weight,Demo_Gold,0.2
154,Low volatility,Equal weight,Demo_REITs,0.2
154,Low volatility,Minimum volatility,Demo_Equity_A,0.06944543611142755
154,Low volatility,Minimum volatility,Demo_Equity_B,0.013686370699786976
154,Low volatility,Minimum volatility,Demo_Bonds,0.7700692220736662
154,Low volatility,Minimum volatility,Demo_Gold,0.14187559600670807
154,Low volatility,Minimum volatility,Demo_REITs,0.004923375108411181
154,Low volatility,Maximum Sharpe,Demo_Equity_A,0.0
154,Low volatility,Maximum Sharpe,Demo_Equity_B,0.9999999999999998
154,Low volatility,Maximum Sharpe,Demo_Bonds,1.1796119636642286e-16
154,Low volatility,Maximum Sharpe,Demo_Gold,0.0
154,Low volatility,Maximum Sharpe,Demo_REITs,0.0
155,Base,Equal weight,Demo_Equity_A,0.2
155,Base,Equal weight,Demo_Equity_B,0.2
155,Base,Equal weight,Demo_Bonds,0.2
155,Base,Equal weight,Demo_Gold,0.2
155,Base,Equal weight,Demo_REITs,0.2
155,Base,Minimum volatility,Demo_Equity_A,0.04643638782077119
155,Base,Minimum volatility,Demo_Equity_B,0.017851752425625863
155,Base,Minimum volatility,Demo_Bonds,0.7893833364218948
155,Base,Minimum volatility,Demo_Gold,0.13996729995629212
155,Base,Minimum volatility,Demo_REITs,0.006361223375416016
155,Base,Maximum Sharpe,Demo_Equity_A,1.0
155,Base,Maximum Sharpe,Demo_Equity_B,0.0
155,Base,Maximum Sharpe,Demo_Bonds,0.0
155,Base,Maximum Sharpe,Demo_Gold,0.0
155,Base,Maximum Sharpe,Demo_REITs,0.0
156,High volatility,Equal weight,Demo_Equity_A,0.2
156,High volatility,Equal weight,Demo_Equity_B,0.2
156,High volatility,Equal weight,Demo_Bonds,0.2
156,High volatility,Equal weight,Demo_Gold,0.2
156,High volatility,Equal weight,Demo_REITs,0.2
156,High volatility,Minimum volatility,Demo_Equity_A,0.08637379343985413
156,High volatility,Minimum volatility,Demo_Equity_B,0.0020458250292208166
156,High volatility,Minimum volatility,Demo_Bonds,0.7827553604642458
156,High volatility,Minimum volatility,Demo_Gold,0.1288250210666793
156,High volatility,Minimum volatility,Demo_REITs,1.6534415901746717e-18
156,High volatility,Maximum Sharpe,Demo_Equity_A,0.2779677273678557
156,High volatility,Maximum Sharpe,Demo_Equity_B,0.0
156,High volatility,Maximum Sharpe,Demo_Bonds,0.554260660612921
156,High volatility,Maximum Sharpe,Demo_Gold,1.567822028422962e-16
156,High volatility,Maximum Sharpe,Demo_REITs,0.16777161201922325
157,Low volatility,Equal weight,Demo_Equity_A,0.2
157,Low volatility,Equal weight,Demo_Equity_B,0.2
157,Low volatility,Equal weight,Demo_Bonds,0.2
157,Low volatility,Equal weight,Demo_Gold,0.2
157,Low volatility,Equal weight,Demo_REITs,0.2
157,Low volatility,Minimum volatility,Demo_Equity_A,0.07515765965819296
157,Low volatility,Minimum volatility,Demo_Equity_B,0.013688111336662522
157,Low volatility,Minimum volatility,Demo_Bonds,0.7913300698941521
157,Low volatility,Minimum volatility,Demo_Gold,0.11982415911099248
157,Low volatility,Minimum volatility,Demo_REITs,5.933053969977661e-19
157,Low volatility,Maximum Sharpe,Demo_Equity_A,1.4777093883503421e-16
157,Low volatility,Maximum Sharpe,Demo_Equity_B,0.0
157,Low volatility,Maximum Sharpe,Demo_Bonds,2.456644298519438e-17
157,Low volatility,Maximum Sharpe,Demo_Gold,0.3853872648517593
157,Low volatility,Maximum Sharpe,Demo_REITs,0.6146127351482404
158,Base,Equal weight,Demo_Equity_A,0.2
158,Base,Equal weight,Demo_Equity_B,0.2
158,Base,Equal weight,Demo_Bonds,0.2
158,Base,Equal weight,Demo_Gold,0.2
158,Base,Equal weight,Demo_REITs,0.2
158,Base,Minimum volatility,Demo_Equity_A,0.06539677248908121
158,Base,Minimum volatility,Demo_Equity_B,0.003832859828720717
158,Base,Minimum volatility,Demo_Bonds,0.8067849049608699
158,Base,Minimum volatility,Demo_Gold,0.12398546272132832
158,Base,Minimum volatility,Demo_REITs,2.4271584422635878e-19
158,Base,Maximum Sharpe,Demo_Equity_A,0.34390236973957006
158,Base,Maximum Sharpe,Demo_Equity_B,1.5466687129606487e-16
158,Base,Maximum Sharpe,Demo_Bonds,0.4281193108165969
158,Base,Maximum Sharpe,Demo_Gold,7.105413282668272e-17
158,Base,Maximum Sharpe,Demo_REITs,0.2279783194438328
159,High volatility,Equal weight,Demo_Equity_A,0.2
159,High volatility,Equal weight,Demo_Equity_B,0.2
159,High volatility,Equal weight,Demo_Bonds,0.2
159,High volatility,Equal weight,Demo_Gold,0.2
159,High volatility,Equal weight,Demo_REITs,0.2
159,High volatility,Minimum volatility,Demo_Equity_A,0.06984993974911022
159,High volatility,Minimum volatility,Demo_Equity_B,0.002695692315676154
159,High volatility,Minimum volatility,Demo_Bonds,0.7950337728697013
159,High volatility,Minimum volatility,Demo_Gold,0.13242059506551232
159,High volatility,Minimum volatility,Demo_REITs,0.0
159,High volatility,Maximum Sharpe,Demo_Equity_A,0.13599723125481666
159,High volatility,Maximum Sharpe,Demo_Equity_B,2.412591763483511e-15
159,High volatility,Maximum Sharpe,Demo_Bonds,0.7649642022734559
159,High volatility,Maximum Sharpe,Demo_Gold,0.0990385664717248
159,High volatility,Maximum Sharpe,Demo_REITs,2.5454815185439407e-16
160,Low volatility,Equal weight,Demo_Equity_A,0.2
160,Low volatility,Equal weight,Demo_Equity_B,0.2
160,Low volatility,Equal weight,Demo_Bonds,0.2
160,Low volatility,Equal weight,Demo_Gold,0.2
160,Low volatility,Equal weight,Demo_REITs,0.2
160,Low volatility,Minimum volatility,Demo_Equity_A,0.08968798851748645
160,Low volatility,Minimum volatility,Demo_Equity_B,7.69665726453036e-05
160,Low volatility,Minimum volatility,Demo_Bonds,0.7846945615559904
160,Low volatility,Minimum volatility,Demo_Gold,0.1255404833538779
160,Low volatility,Minimum volatility,Demo_REITs,5.625993584527978e-19
160,Low volatility,Maximum Sharpe,Demo_Equity_A,0.0
160,Low volatility,Maximum Sharpe,Demo_Equity_B,0.6109338031310866
160,Low volatility,Maximum Sharpe,Demo_Bonds,4.9250503921614195e-17
160,Low volatility,Maximum Sharpe,Demo_Gold,0.38906619686891347
160,Low volatility,Maximum Sharpe,Demo_REITs,0.0
161,Base,Equal weight,Demo_Equity_A,0.2
161,Base,Equal weight,Demo_Equity_B,0.2
161,Base,Equal weight,Demo_Bonds,0.2
161,Base,Equal weight,Demo_Gold,0.2
161,Base,Equal weight,Demo_REITs,0.2
161,Base,Minimum volatility,Demo_Equity_A,0.06240687126306617
161,Base,Minimum volatility,Demo_Equity_B,0.022875526653622396
161,Base,Minimum volatility,Demo_Bonds,0.7900301157165135
161,Base,Minimum volatility,Demo_Gold,0.12468748636679804
161,Base,Minimum volatility,Demo_REITs,0.0
161,Base,Maximum Sharpe,Demo_Equity_A,1.1589994022763578e-16
161,Base,Maximum Sharpe,Demo_Equity_B,0.0
161,Base,Maximum Sharpe,Demo_Bonds,0.0
161,Base,Maximum Sharpe,Demo_Gold,0.0
161,Base,Maximum Sharpe,Demo_REITs,0.9999999999999998
162,High volatility,Equal weight,Demo_Equity_A,0.2
162,High volatility,Equal weight,Demo_Equity_B,0.2
162,High volatility,Equal weight,Demo_Bonds,0.2
162,High volatility,Equal weight,Demo_Gold,0.2
162,High volatility,Equal weight,Demo_REITs,0.2
162,High volatility,Minimum volatility,Demo_Equity_A,0.06735219704985335
162,High volatility,Minimum volatility,Demo_Equity_B,0.008503786702008223
162,High volatility,Minimum volatility,Demo_Bonds,0.7794118125974018
162,High volatility,Minimum volatility,Demo_Gold,0.13783172003460226
162,High volatility,Minimum volatility,Demo_REITs,0.006900483616134241
162,High volatility,Maximum Sharpe,Demo_Equity_A,0.028983259415928397
162,High volatility,Maximum Sharpe,Demo_Equity_B,0.4878134935147902
162,High volatility,Maximum Sharpe,Demo_Bonds,0.0
162,High volatility,Maximum Sharpe,Demo_Gold,0.2686470869681326
162,High volatility,Maximum Sharpe,Demo_REITs,0.21455616010114875
163,Low volatility,Equal weight,Demo_Equity_A,0.2
163,Low volatility,Equal weight,Demo_Equity_B,0.2
163,Low volatility,Equal weight,Demo_Bonds,0.2
163,Low volatility,Equal weight,Demo_Gold,0.2
163,Low volatility,Equal weight,Demo_REITs,0.2
163,Low volatility,Minimum volatility,Demo_Equity_A,0.06261037558480642
163,Low volatility,Minimum volatility,Demo_Equity_B,0.008106514866999783
163,Low volatility,Minimum volatility,Demo_Bonds,0.7989997454597673
163,Low volatility,Minimum volatility,Demo_Gold,0.13028336408842656
163,Low volatility,Minimum volatility,Demo_REITs,0.0
163,Low volatility,Maximum Sharpe,Demo_Equity_A,0.30050172611762777
163,Low volatility,Maximum Sharpe,Demo_Equity_B,0.0
163,Low volatility,Maximum Sharpe,Demo_Bonds,0.687899911718749
163,Low volatility,Maximum Sharpe,Demo_Gold,0.01159836216362333
163,Low volatility,Maximum Sharpe,Demo_REITs,7.505374563901594e-17
164,Base,Equal weight,Demo_Equity_A,0.2
164,Base,Equal weight,Demo_Equity_B,0.2
164,Base,Equal weight,Demo_Bonds,0.2
164,Base,Equal weight,Demo_Gold,0.2
164,Base,Equal weight,Demo_REITs,0.2
164,Base,Minimum volatility,Demo_Equity_A,0.082896009627331
164,Base,Minimum volatility,Demo_Equity_B,0.007983474115141597
164,Base,Minimum volatility,Demo_Bonds,0.7799795827859834
164,Base,Minimum volatility,Demo_Gold,0.12914093347154398
164,Base,Minimum volatility,Demo_REITs,0.0
164,Base,Maximum Sharpe,Demo_Equity_A,9.020562075079397e-17
164,Base,Maximum Sharpe,Demo_Equity_B,1.0
164,Base,Maximum Sharpe,Demo_Bonds,1.9516512660733473e-17
164,Base,Maximum Sharpe,Demo_Gold,0.0
164,Base,Maximum Sharpe,Demo_REITs,0.0
165,High volatility,Equal weight,Demo_Equity_A,0.2
165,High volatility,Equal weight,Demo_Equity_B,0.2
165,High volatility,Equal weight,Demo_Bonds,0.2
165,High volatility,Equal weight,Demo_Gold,0.2
165,High volatility,Equal weight,Demo_REITs,0.2
165,High volatility,Minimum volatility,Demo_Equity_A,0.05462359900004081
165,High volatility,Minimum volatility,Demo_Equity_B,0.012473275885051066
165,High volatility,Minimum volatility,Demo_Bonds,0.8060688686739489
165,High volatility,Minimum volatility,Demo_Gold,0.12683425644095925
165,High volatility,Minimum volatility,Demo_REITs,0.0
165,High volatility,Maximum Sharpe,Demo_Equity_A,0.6224611163327736
165,High volatility,Maximum Sharpe,Demo_Equity_B,3.557719583762557e-18
165,High volatility,Maximum Sharpe,Demo_Bonds,8.334144695153959e-17
165,High volatility,Maximum Sharpe,Demo_Gold,0.0
165,High volatility,Maximum Sharpe,Demo_REITs,0.37753888366722627
166,Low volatility,Equal weight,Demo_Equity_A,0.2
166,Low volatility,Equal weight,Demo_Equity_B,0.2
166,Low volatility,Equal weight,Demo_Bonds,0.2
166,Low volatility,Equal weight,Demo_Gold,0.2
166,Low volatility,Equal weight,Demo_REITs,0.2
166,Low volatility,Minimum volatility,Demo_Equity_A,0.042361530039051534
166,Low volatility,Minimum volatility,Demo_Equity_B,0.007584444690612509
166,Low volatility,Minimum volatility,Demo_Bonds,0.8096061192200478
166,Low volatility,Minimum volatility,Demo_Gold,0.12388409159774884
166,Low volatility,Minimum volatility,Demo_REITs,0.016563814452539436
166,Low volatility,Maximum Sharpe,Demo_Equity_A,5.987029745225382e-19
166,Low volatility,Maximum Sharpe,Demo_Equity_B,5.171519023433417e-18
166,Low volatility,Maximum Sharpe,Demo_Bonds,0.0
166,Low volatility,Maximum Sharpe,Demo_Gold,0.1990204552443731
166,Low volatility,Maximum Sharpe,Demo_REITs,0.8009795447556269
167,Base,Equal weight,Demo_Equity_A,0.2
167,Base,Equal weight,Demo_Equity_B,0.2
167,Base,Equal weight,Demo_Bonds,0.2
167,Base,Equal weight,Demo_Gold,0.2
167,Base,Equal weight,Demo_REITs,0.2
167,Base,Minimum volatility,Demo_Equity_A,0.09099007976336702
167,Base,Minimum volatility,Demo_Equity_B,0.0
167,Base,Minimum volatility,Demo_Bonds,0.7875132115935007
167,Base,Minimum volatility,Demo_Gold,0.12085292205424328
167,Base,Minimum volatility,Demo_REITs,0.0006437865888889904
167,Base,Maximum Sharpe,Demo_Equity_A,0.07150825293998603
167,Base,Maximum Sharpe,Demo_Equity_B,0.148981058577023
167,Base,Maximum Sharpe,Demo_Bonds,0.35375779552440256
167,Base,Maximum Sharpe,Demo_Gold,0.2115612389160632
167,Base,Maximum Sharpe,Demo_REITs,0.21419165404252533
168,High volatility,Equal weight,Demo_Equity_A,0.2
168,High volatility,Equal weight,Demo_Equity_B,0.2
168,High volatility,Equal weight,Demo_Bonds,0.2
168,High volatility,Equal weight,Demo_Gold,0.2
168,High volatility,Equal weight,Demo_REITs,0.2
168,High volatility,Minimum volatility,Demo_Equity_A,0.06896219805469882
168,High volatility,Minimum volatility,Demo_Equity_B,0.022511224026265413
168,High volatility,Minimum volatility,Demo_Bonds,0.772807375907813
168,High volatility,Minimum volatility,Demo_Gold,0.13571920201122284
168,High volatility,Minimum volatility,Demo_REITs,6.300805249108505e-19
168,High volatility,Maximum Sharpe,Demo_Equity_A,0.0
168,High volatility,Maximum Sharpe,Demo_Equity_B,0.0
168,High volatility,Maximum Sharpe,Demo_Bonds,0.0
168,High volatility,Maximum Sharpe,Demo_Gold,0.0
168,High volatility,Maximum Sharpe,Demo_REITs,1.0
169,Low volatility,Equal weight,Demo_Equity_A,0.2
169,Low volatility,Equal weight,Demo_Equity_B,0.2
169,Low volatility,Equal weight,Demo_Bonds,0.2
169,Low volatility,Equal weight,Demo_Gold,0.2
169,Low volatility,Equal weight,Demo_REITs,0.2
169,Low volatility,Minimum volatility,Demo_Equity_A,0.084618771540421
169,Low volatility,Minimum volatility,Demo_Equity_B,0.014244483235744022
169,Low volatility,Minimum volatility,Demo_Bonds,0.7652034843510425
169,Low volatility,Minimum volatility,Demo_Gold,0.13593326087279256
169,Low volatility,Minimum volatility,Demo_REITs,0.0
169,Low volatility,Maximum Sharpe,Demo_Equity_A,0.06638152579774104
169,Low volatility,Maximum Sharpe,Demo_Equity_B,0.0
169,Low volatility,Maximum Sharpe,Demo_Bonds,0.588726709335516
169,Low volatility,Maximum Sharpe,Demo_Gold,0.34489176486674245
169,Low volatility,Maximum Sharpe,Demo_REITs,6.510522014333029e-16
170,Base,Equal weight,Demo_Equity_A,0.2
170,Base,Equal weight,Demo_Equity_B,0.2
170,Base,Equal weight,Demo_Bonds,0.2
170,Base,Equal weight,Demo_Gold,0.2
170,Base,Equal weight,Demo_REITs,0.2
170,Base,Minimum volatility,Demo_Equity_A,0.05914117563095365
170,Base,Minimum volatility,Demo_Equity_B,0.03187069221376032
170,Base,Minimum volatility,Demo_Bonds,0.773829174594822
170,Base,Minimum volatility,Demo_Gold,0.13515895756046406
170,Base,Minimum volatility,Demo_REITs,0.0
170,Base,Maximum Sharpe,Demo_Equity_A,0.9999999999999998
170,Base,Maximum Sharpe,Demo_Equity_B,1.2248014027768384e-16
170,Base,Maximum Sharpe,Demo_Bonds,0.0
170,Base,Maximum Sharpe,Demo_Gold,0.0
170,Base,Maximum Sharpe,Demo_REITs,9.673329646257788e-17
171,High volatility,Equal weight,Demo_Equity_A,0.2
171,High volatility,Equal weight,Demo_Equity_B,0.2
171,High volatility,Equal weight,Demo_Bonds,0.2
171,High volatility,Equal weight,Demo_Gold,0.2
171,High volatility,Equal weight,Demo_REITs,0.2
171,High volatility,Minimum volatility,Demo_Equity_A,0.043014442037441925
171,High volatility,Minimum volatility,Demo_Equity_B,0.030457833110195266
171,High volatility,Minimum volatility,Demo_Bonds,0.8099937617146439
171,High volatility,Minimum volatility,Demo_Gold,0.11653396313771894
171,High volatility,Minimum volatility,Demo_REITs,0.0
171,High volatility,Maximum Sharpe,Demo_Equity_A,0.49788405170904426
171,High volatility,Maximum Sharpe,Demo_Equity_B,0.15010100505393975
171,High volatility,Maximum Sharpe,Demo_Bonds,2.673965240781031e-16
171,High volatility,Maximum Sharpe,Demo_Gold,0.3520149432370158
171,High volatility,Maximum Sharpe,Demo_REITs,0.0
172,Low volatility,Equal weight,Demo_Equity_A,0.2
172,Low volatility,Equal weight,Demo_Equity_B,0.2
172,Low volatility,Equal weight,Demo_Bonds,0.2
172,Low volatility,Equal weight,Demo_Gold,0.2
172,Low volatility,Equal weight,Demo_REITs,0.2
172,Low volatility,Minimum volatility,Demo_Equity_A,0.06874725906556121
172,Low volatility,Minimum volatility,Demo_Equity_B,0.00710597664335773
172,Low volatility,Minimum volatility,Demo_Bonds,0.7934145419311271
172,Low volatility,Minimum volatility,Demo_Gold,0.124665115708429
172,Low volatility,Minimum volatility,Demo_REITs,0.006067106651524696
172,Low volatility,Maximum Sharpe,Demo_Equity_A,0.3018014476427814
172,Low volatility,Maximum Sharpe,Demo_Equity_B,0.0
172,Low volatility,Maximum Sharpe,Demo_Bonds,0.6857848694965974
172,Low volatility,Maximum Sharpe,Demo_Gold,0.012413682860621245
172,Low volatility,Maximum Sharpe,Demo_REITs,0.0
173,Base,Equal weight,Demo_Equity_A,0.2
173,Base,Equal weight,Demo_Equity_B,0.2
173,Base,Equal weight,Demo_Bonds,0.2
173,Base,Equal weight,Demo_Gold,0.2
173,Base,Equal weight,Demo_REITs,0.2
173,Base,Minimum volatility,Demo_Equity_A,0.07599730784383835
173,Base,Minimum volatility,Demo_Equity_B,6.784761517341912e-18
173,Base,Minimum volatility,Demo_Bonds,0.7840712861160902
173,Base,Minimum volatility,Demo_Gold,0.13993140604007143
173,Base,Minimum volatility,Demo_REITs,0.0
173,Base,Maximum Sharpe,Demo_Equity_A,0.0
173,Base,Maximum Sharpe,Demo_Equity_B,0.0
173,Base,Maximum Sharpe,Demo_Bonds,0.2862322987684879
173,Base,Maximum Sharpe,Demo_Gold,0.4864477319887594
173,Base,Maximum Sharpe,Demo_REITs,0.2273199692427528
174,High volatility,Equal weight,Demo_Equity_A,0.2
174,High volatility,Equal weight,Demo_Equity_B,0.2
174,High volatility,Equal weight,Demo_Bonds,0.2
174,High volatility,Equal weight,Demo_Gold,0.2
174,High volatility,Equal weight,Demo_REITs,0.2
174,High volatility,Minimum volatility,Demo_Equity_A,0.07224760844663268
174,High volatility,Minimum volatility,Demo_Equity_B,0.0123455556653975
174,High volatility,Minimum volatility,Demo_Bonds,0.777093537980207
174,High volatility,Minimum volatility,Demo_Gold,0.1383132979077629
174,High volatility,Minimum volatility,Demo_REITs,0.0
174,High volatility,Maximum Sharpe,Demo_Equity_A,0.05470171689713671
174,High volatility,Maximum Sharpe,Demo_Equity_B,0.056615078232176416
174,High volatility,Maximum Sharpe,Demo_Bonds,0.15912947561850188
174,High volatility,Maximum Sharpe,Demo_Gold,0.22131435691151694
174,High volatility,Maximum Sharpe,Demo_REITs,0.5082393723406681
175,Low volatility,Equal weight,Demo_Equity_A,0.2
175,Low volatility,Equal weight,Demo_Equity_B,0.2
175,Low volatility,Equal weight,Demo_Bonds,0.2
175,Low volatility,Equal weight,Demo_Gold,0.2
175,Low volatility,Equal weight,Demo_REITs,0.2
175,Low volatility,Minimum volatility,Demo_Equity_A,0.05997344671093019
175,Low volatility,Minimum volatility,Demo_Equity_B,0.014934377079596953
175,Low volatility,Minimum volatility,Demo_Bonds,0.7889999445039754
175,Low volatility,Minimum volatility,Demo_Gold,0.13609223170549745
175,Low volatility,Minimum volatility,Demo_REITs,0.0
175,Low volatility,Maximum Sharpe,Demo_Equity_A,0.2088254460367176
175,Low volatility,Maximum Sharpe,Demo_Equity_B,0.7911745539632823
175,Low volatility,Maximum Sharpe,Demo_Bonds,2.8669590963607314e-17
175,Low volatility,Maximum Sharpe,Demo_Gold,0.0
175,Low volatility,Maximum Sharpe,Demo_REITs,0.0
176,Base,Equal weight,Demo_Equity_A,0.2
176,Base,Equal weight,Demo_Equity_B,0.2
176,Base,Equal weight,Demo_Bonds,0.2
176,Base,Equal weight,Demo_Gold,0.2
176,Base,Equal weight,Demo_REITs,0.2
176,Base,Minimum volatility,Demo_Equity_A,0.06309635384858106
176,Base,Minimum volatility,Demo_Equity_B,0.015993202118516483
176,Base,Minimum volatility,Demo_Bonds,0.7828877198264775
176,Base,Minimum volatility,Demo_Gold,0.1380227242064248
176,Base,Minimum volatility,Demo_REITs,1.0450265515301556e-19
176,Base,Maximum Sharpe,Demo_Equity_A,1.0
176,Base,Maximum Sharpe,Demo_Equity_B,0.0
176,Base,Maximum Sharpe,Demo_Bonds,0.0
176,Base,Maximum Sharpe,Demo_Gold,0.0
176,Base,Maximum Sharpe,Demo_REITs,0.0
177,High volatility,Equal weight,Demo_Equity_A,0.2
177,High volatility,Equal weight,Demo_Equity_B,0.2
177,High volatility,Equal weight,Demo_Bonds,0.2
177,High volatility,Equal weight,Demo_Gold,0.2
177,High volatility,Equal weight,Demo_REITs,0.2
177,High volatility,Minimum volatility,Demo_Equity_A,0.0682864509825148
177,High volatility,Minimum volatility,Demo_Equity_B,0.012341504845437444
177,High volatility,Minimum volatility,Demo_Bonds,0.7970909191774533
177,High volatility,Minimum volatility,Demo_Gold,0.12160699406011916
177,High volatility,Minimum volatility,Demo_REITs,0.0006741309344753712
177,High volatility,Maximum Sharpe,Demo_Equity_A,0.2567424184245379
177,High volatility,Maximum Sharpe,Demo_Equity_B,0.0
177,High volatility,Maximum Sharpe,Demo_Bonds,2.4347399889185815e-17
177,High volatility,Maximum Sharpe,Demo_Gold,0.6131467014263295
177,High volatility,Maximum Sharpe,Demo_REITs,0.13011088014913266
178,Low volatility,Equal weight,Demo_Equity_A,0.2
178,Low volatility,Equal weight,Demo_Equity_B,0.2
178,Low volatility,Equal weight,Demo_Bonds,0.2
178,Low volatility,Equal weight,Demo_Gold,0.2
178,Low volatility,Equal weight,Demo_REITs,0.2
178,Low volatility,Minimum volatility,Demo_Equity_A,0.05586141871961586
178,Low volatility,Minimum volatility,Demo_Equity_B,0.02190790243215028
178,Low volatility,Minimum volatility,Demo_Bonds,0.7831650123179563
178,Low volatility,Minimum volatility,Demo_Gold,0.12592307443550158
178,Low volatility,Minimum volatility,Demo_REITs,0.013142592094775836
178,Low volatility,Maximum Sharpe,Demo_Equity_A,0.3295885952038537
178,Low volatility,Maximum Sharpe,Demo_Equity_B,3.6724097734347585e-16
178,Low volatility,Maximum Sharpe,Demo_Bonds,3.574746220085034e-16
178,Low volatility,Maximum Sharpe,Demo_Gold,0.6704114047961455
178,Low volatility,Maximum Sharpe,Demo_REITs,0.0
179,Base,Equal weight,Demo_Equity_A,0.2
179,Base,Equal weight,Demo_Equity_B,0.2
179,Base,Equal weight,Demo_Bonds,0.2
179,Base,Equal weight,Demo_Gold,0.2
179,Base,Equal weight,Demo_REITs,0.2
179,Base,Minimum volatility,Demo_Equity_A,0.08034268482519927
179,Base,Minimum volatility,Demo_Equity_B,0.0
179,Base,Minimum volatility,Demo_Bonds,0.7935602601631462
179,Base,Minimum volatility,Demo_Gold,0.12609705501165466
179,Base,Minimum volatility,Demo_REITs,2.0676047936852728e-19
179,Base,Maximum Sharpe,Demo_Equity_A,0.7096985334541055
179,Base,Maximum Sharpe,Demo_Equity_B,2.7318515757776786e-17
179,Base,Maximum Sharpe,Demo_Bonds,1.516075257931877e-17
179,Base,Maximum Sharpe,Demo_Gold,0.2903014665458944
179,Base,Maximum Sharpe,Demo_REITs,1.1117384223529663e-16
180,High volatility,Equal weight,Demo_Equity_A,0.2
180,High volatility,Equal weight,Demo_Equity_B,0.2
180,High volatility,Equal weight,Demo_Bonds,0.2
180,High volatility,Equal weight,Demo_Gold,0.2
180,High volatility,Equal weight,Demo_REITs,0.2
180,High volatility,Minimum volatility,Demo_Equity_A,0.07108123124820498
180,High volatility,Minimum volatility,Demo_Equity_B,0.008182051980921277
180,High volatility,Minimum volatility,Demo_Bonds,0.8027257309394796
180,High volatility,Minimum volatility,Demo_Gold,0.11801098583139416
180,High volatility,Minimum volatility,Demo_REITs,6.967354442533165e-19
180,High volatility,Maximum Sharpe,Demo_Equity_A,0.0
180,High volatility,Maximum Sharpe,Demo_Equity_B,0.0
180,High volatility,Maximum Sharpe,Demo_Bonds,0.7472617085772039
180,High volatility,Maximum Sharpe,Demo_Gold,0.25273829142279614
180,High volatility,Maximum Sharpe,Demo_REITs,0.0
181,Low volatility,Equal weight,Demo_Equity_A,0.2
181,Low volatility,Equal weight,Demo_Equity_B,0.2
181,Low volatility,Equal weight,Demo_Bonds,0.2
181,Low volatility,Equal weight,Demo_Gold,0.2
181,Low volatility,Equal weight,Demo_REITs,0.2
181,Low volatility,Minimum volatility,Demo_Equity_A,0.07433140879848708
181,Low volatility,Minimum volatility,Demo_Equity_B,0.004879964681855764
181,Low volatility,Minimum volatility,Demo_Bonds,0.7779933008604607
181,Low volatility,Minimum volatility,Demo_Gold,0.14000702024603726
181,Low volatility,Minimum volatility,Demo_REITs,0.0027883054131590266
181,Low volatility,Maximum Sharpe,Demo_Equity_A,0.2586672510511723
181,Low volatility,Maximum Sharpe,Demo_Equity_B,8.736959207415987e-17
181,Low volatility,Maximum Sharpe,Demo_Bonds,2.9930865066294866e-15
181,Low volatility,Maximum Sharpe,Demo_Gold,0.7413327489488246
181,Low volatility,Maximum Sharpe,Demo_REITs,0.0
182,Base,Equal weight,Demo_Equity_A,0.2
182,Base,Equal weight,Demo_Equity_B,0.2
182,Base,Equal weight,Demo_Bonds,0.2
182,Base,Equal weight,Demo_Gold,0.2
182,Base,Equal weight,Demo_REITs,0.2
182,Base,Minimum volatility,Demo_Equity_A,0.05170815786880591
182,Base,Minimum volatility,Demo_Equity_B,0.019083632518642323
182,Base,Minimum volatility,Demo_Bonds,0.7850039827766595
182,Base,Minimum volatility,Demo_Gold,0.1273141992029854
182,Base,Minimum volatility,Demo_REITs,0.016890027632906923
182,Base,Maximum Sharpe,Demo_Equity_A,0.4243793350748434
182,Base,Maximum Sharpe,Demo_Equity_B,0.0
182,Base,Maximum Sharpe,Demo_Bonds,1.5415754476468698e-16
182,Base,Maximum Sharpe,Demo_Gold,3.3131510208731804e-16
182,Base,Maximum Sharpe,Demo_REITs,0.5756206649251562
183,High volatility,Equal weight,Demo_Equity_A,0.2
183,High volatility,Equal weight,Demo_Equity_B,0.2
183,High volatility,Equal weight,Demo_Bonds,0.2
183,High volatility,Equal weight,Demo_Gold,0.2
183,High volatility,Equal weight,Demo_REITs,0.2
183,High volatility,Minimum volatility,Demo_Equity_A,0.0786332640910981
183,High volatility,Minimum volatility,Demo_Equity_B,0.0025168205565346533
183,High volatility,Minimum volatility,Demo_Bonds,0.7885089663299166
183,High volatility,Minimum volatility,Demo_Gold,0.1257909569812578
183,High volatility,Minimum volatility,Demo_REITs,0.00454999204119283
183,High volatility,Maximum Sharpe,Demo_Equity_A,0.0
183,High volatility,Maximum Sharpe,Demo_Equity_B,0.05312635637277387
183,High volatility,Maximum Sharpe,Demo_Bonds,0.946873643627226
183,High volatility,Maximum Sharpe,Demo_Gold,0.0
183,High volatility,Maximum Sharpe,Demo_REITs,0.0
184,Low volatility,Equal weight,Demo_Equity_A,0.2
184,Low volatility,Equal weight,Demo_Equity_B,0.2
184,Low volatility,Equal weight,Demo_Bonds,0.2
184,Low volatility,Equal weight,Demo_Gold,0.2
184,Low volatility,Equal weight,Demo_REITs,0.2
184,Low volatility,Minimum volatility,Demo_Equity_A,0.06346015879387006
184,Low volatility,Minimum volatility,Demo_Equity_B,0.01860024496363276
184,Low volatility,Minimum volatility,Demo_Bonds,0.7893032047947609
184,Low volatility,Minimum volatility,Demo_Gold,0.12004231545461391
184,Low volatility,Minimum volatility,Demo_REITs,0.008594075993122471
184,Low volatility,Maximum Sharpe,Demo_Equity_A,0.21141396032602494
184,Low volatility,Maximum Sharpe,Demo_Equity_B,0.06371442360261237
184,Low volatility,Maximum Sharpe,Demo_Bonds,0.5106913503250231
184,Low volatility,Maximum Sharpe,Demo_Gold,0.2141802657463397
184,Low volatility,Maximum Sharpe,Demo_REITs,0.0
185,Base,Equal weight,Demo_Equity_A,0.2
185,Base,Equal weight,Demo_Equity_B,0.2
185,Base,Equal weight,Demo_Bonds,0.2
185,Base,Equal weight,Demo_Gold,0.2
185,Base,Equal weight,Demo_REITs,0.2
185,Base,Minimum volatility,Demo_Equity_A,0.06015902583616933
185,Base,Minimum volatility,Demo_Equity_B,0.0
185,Base,Minimum volatility,Demo_Bonds,0.7940770951213134
185,Base,Minimum volatility,Demo_Gold,0.1331437744327575
185,Base,Minimum volatility,Demo_REITs,0.01262010460975977
185,Base,Maximum Sharpe,Demo_Equity_A,1.0
185,Base,Maximum Sharpe,Demo_Equity_B,0.0
185,Base,Maximum Sharpe,Demo_Bonds,0.0
185,Base,Maximum Sharpe,Demo_Gold,0.0
185,Base,Maximum Sharpe,Demo_REITs,0.0
186,High volatility,Equal weight,Demo_Equity_A,0.2
186,High volatility,Equal weight,Demo_Equity_B,0.2
186,High volatility,Equal weight,Demo_Bonds,0.2
186,High volatility,Equal weight,Demo_Gold,0.2
186,High volatility,Equal weight,Demo_REITs,0.2
186,High volatility,Minimum volatility,Demo_Equity_A,0.055122037373197055
186,High volatility,Minimum volatility,Demo_Equity_B,0.004409853253520998
186,High volatility,Minimum volatility,Demo_Bonds,0.806549748360676
186,High volatility,Minimum volatility,Demo_Gold,0.12907436802022967
186,High volatility,Minimum volatility,Demo_REITs,0.004843992992376298
186,High volatility,Maximum Sharpe,Demo_Equity_A,0.0
186,High volatility,Maximum Sharpe,Demo_Equity_B,0.0
186,High volatility,Maximum Sharpe,Demo_Bonds,0.0
186,High volatility,Maximum Sharpe,Demo_Gold,1.0
186,High volatility,Maximum Sharpe,Demo_REITs,1.2584569514713641e-17
187,Low volatility,Equal weight,Demo_Equity_A,0.2
187,Low volatility,Equal weight,Demo_Equity_B,0.2
187,Low volatility,Equal weight,Demo_Bonds,0.2
187,Low volatility,Equal weight,Demo_Gold,0.2
187,Low volatility,Equal weight,Demo_REITs,0.2
187,Low volatility,Minimum volatility,Demo_Equity_A,0.05685285380999057
187,Low volatility,Minimum volatility,Demo_Equity_B,0.019242572988301385
187,Low volatility,Minimum volatility,Demo_Bonds,0.7857351033027058
187,Low volatility,Minimum volatility,Demo_Gold,0.13816946989900236
187,Low volatility,Minimum volatility,Demo_REITs,0.0
187,Low volatility,Maximum Sharpe,Demo_Equity_A,2.7264308849057405e-17
187,Low volatility,Maximum Sharpe,Demo_Equity_B,0.10581636008985522
187,Low volatility,Maximum Sharpe,Demo_Bonds,2.594757200238812e-17
187,Low volatility,Maximum Sharpe,Demo_Gold,0.36125104575104006
187,Low volatility,Maximum Sharpe,Demo_REITs,0.5329325941591048
188,Base,Equal weight,Demo_Equity_A,0.2
188,Base,Equal weight,Demo_Equity_B,0.2
188,Base,Equal weight,Demo_Bonds,0.2
188,Base,Equal weight,Demo_Gold,0.2
188,Base,Equal weight,Demo_REITs,0.2
188,Base,Minimum volatility,Demo_Equity_A,0.04299760824312836
188,Base,Minimum volatility,Demo_Equity_B,0.02717172044239231
188,Base,Minimum volatility,Demo_Bonds,0.7828656311253258
188,Base,Minimum volatility,Demo_Gold,0.14696504018915335
188,Base,Minimum volatility,Demo_REITs,1.3441910238406418e-18
188,Base,Maximum Sharpe,Demo_Equity_A,8.509208337892565e-17
188,Base,Maximum Sharpe,Demo_Equity_B,0.2583266465350708
188,Base,Maximum Sharpe,Demo_Bonds,4.129662088426484e-17
188,Base,Maximum Sharpe,Demo_Gold,0.7416733534649291
188,Base,Maximum Sharpe,Demo_REITs,7.384438005862946e-18
189,High volatility,Equal weight,Demo_Equity_A,0.2
189,High volatility,Equal weight,Demo_Equity_B,0.2
189,High volatility,Equal weight,Demo_Bonds,0.2
189,High volatility,Equal weight,Demo_Gold,0.2
189,High volatility,Equal weight,Demo_REITs,0.2
189,High volatility,Minimum volatility,Demo_Equity_A,0.04162030907905648
189,High volatility,Minimum volatility,Demo_Equity_B,0.03120119512965769
189,High volatility,Minimum volatility,Demo_Bonds,0.7874283021575468
189,High volatility,Minimum volatility,Demo_Gold,0.1397501936337391
189,High volatility,Minimum volatility,Demo_REITs,1.1890624691897374e-19
189,High volatility,Maximum Sharpe,Demo_Equity_A,0.17508323593634878
189,High volatility,Maximum Sharpe,Demo_Equity_B,0.0
189,High volatility,Maximum Sharpe,Demo_Bonds,5.645816241457138e-17
189,High volatility,Maximum Sharpe,Demo_Gold,0.8249167640636511
189,High volatility,Maximum Sharpe,Demo_REITs,0.0
190,Low volatility,Equal weight,Demo_Equity_A,0.2
190,Low volatility,Equal weight,Demo_Equity_B,0.2
190,Low volatility,Equal weight,Demo_Bonds,0.2
190,Low volatility,Equal weight,Demo_Gold,0.2
190,Low volatility,Equal weight,Demo_REITs,0.2
190,Low volatility,Minimum volatility,Demo_Equity_A,0.05793739933037714
190,Low volatility,Minimum volatility,Demo_Equity_B,0.01841784698400306
190,Low volatility,Minimum volatility,Demo_Bonds,0.7976158198515912
190,Low volatility,Minimum volatility,Demo_Gold,0.12556439210290377
190,Low volatility,Minimum volatility,Demo_REITs,0.0004645417311248821
190,Low volatility,Maximum Sharpe,Demo_Equity_A,0.8079207442573356
190,Low volatility,Maximum Sharpe,Demo_Equity_B,0.0
190,Low volatility,Maximum Sharpe,Demo_Bonds,1.9830035502984712e-16
190,Low volatility,Maximum Sharpe,Demo_Gold,0.1920792557426643
190,Low volatility,Maximum Sharpe,Demo_REITs,0.0
191,Base,Equal weight,Demo_Equity_A,0.2
191,Base,Equal weight,Demo_Equity_B,0.2
191,Base,Equal weight,Demo_Bonds,0.2
191,Base,Equal weight,Demo_Gold,0.2
191,Base,Equal weight,Demo_REITs,0.2
191,Base,Minimum volatility,Demo_Equity_A,0.08248144355687756
191,Base,Minimum volatility,Demo_Equity_B,0.013705347505665042
191,Base,Minimum volatility,Demo_Bonds,0.7636989214766284
191,Base,Minimum volatility,Demo_Gold,0.1297997491997453
191,Base,Minimum volatility,Demo_REITs,0.010314538261083719
191,Base,Maximum Sharpe,Demo_Equity_A,0.0
191,Base,Maximum Sharpe,Demo_Equity_B,0.3052632296346875
191,Base,Maximum Sharpe,Demo_Bonds,0.5259502442318357
191,Base,Maximum Sharpe,Demo_Gold,0.1687865261334769
191,Base,Maximum Sharpe,Demo_REITs,2.522130210099129e-17
192,High volatility,Equal weight,Demo_Equity_A,0.2
192,High volatility,Equal weight,Demo_Equity_B,0.2
192,High volatility,Equal weight,Demo_Bonds,0.2
192,High volatility,Equal weight,Demo_Gold,0.2
192,High volatility,Equal weight,Demo_REITs,0.2
192,High volatility,Minimum volatility,Demo_Equity_A,0.06476243766920498
192,High volatility,Minimum volatility,Demo_Equity_B,0.014277847453787414
192,High volatility,Minimum volatility,Demo_Bonds,0.8039513823712422
192,High volatility,Minimum volatility,Demo_Gold,0.11700833250576548
192,High volatility,Minimum volatility,Demo_REITs,0.0
192,High volatility,Maximum Sharpe,Demo_Equity_A,0.19021397538321955
192,High volatility,Maximum Sharpe,Demo_Equity_B,0.010133031279779525
192,High volatility,Maximum Sharpe,Demo_Bonds,0.7996529933369996
192,High volatility,Maximum Sharpe,Demo_Gold,6.78500693651761e-16
192,High volatility,Maximum Sharpe,Demo_REITs,7.066682722024032e-16
193,Low volatility,Equal weight,Demo_Equity_A,0.2
193,Low volatility,Equal weight,Demo_Equity_B,0.2
193,Low volatility,Equal weight,Demo_Bonds,0.2
193,Low volatility,Equal weight,Demo_Gold,0.2
193,Low volatility,Equal weight,Demo_REITs,0.2
193,Low volatility,Minimum volatility,Demo_Equity_A,0.06428618346563231
193,Low volatility,Minimum volatility,Demo_Equity_B,0.0035392028960862347
193,Low volatility,Minimum volatility,Demo_Bonds,0.7948677287644953
193,Low volatility,Minimum volatility,Demo_Gold,0.13730688487378612
193,Low volatility,Minimum volatility,Demo_REITs,7.845360621458062e-20
193,Low volatility,Maximum Sharpe,Demo_Equity_A,2.9977156935610207e-19
193,Low volatility,Maximum Sharpe,Demo_Equity_B,1.0
193,Low volatility,Maximum Sharpe,Demo_Bonds,1.3877787807814457e-17
193,Low volatility,Maximum Sharpe,Demo_Gold,0.0
193,Low volatility,Maximum Sharpe,Demo_REITs,0.0
194,Base,Equal weight,Demo_Equity_A,0.2
194,Base,Equal weight,Demo_Equity_B,0.2
194,Base,Equal weight,Demo_Bonds,0.2
194,Base,Equal weight,Demo_Gold,0.2
194,Base,Equal weight,Demo_REITs,0.2
194,Base,Minimum volatility,Demo_Equity_A,0.058682057230916934
194,Base,Minimum volatility,Demo_Equity_B,0.005577414738288047
194,Base,Minimum volatility,Demo_Bonds,0.7886886571041479
194,Base,Minimum volatility,Demo_Gold,0.14388877228033786
194,Base,Minimum volatility,Demo_REITs,0.003163098646309169
194,Base,Maximum Sharpe,Demo_Equity_A,0.9310188114671284
194,Base,Maximum Sharpe,Demo_Equity_B,9.132348817379618e-18
194,Base,Maximum Sharpe,Demo_Bonds,6.006817589482806e-17
194,Base,Maximum Sharpe,Demo_Gold,0.06898118853287152
194,Base,Maximum Sharpe,Demo_REITs,0.0
195,High volatility,Equal weight,Demo_Equity_A,0.2
195,High volatility,Equal weight,Demo_Equity_B,0.2
195,High volatility,Equal weight,Demo_Bonds,0.2
195,High volatility,Equal weight,Demo_Gold,0.2
195,High volatility,Equal weight,Demo_REITs,0.2
195,High volatility,Minimum volatility,Demo_Equity_A,0.07202532841180258
195,High volatility,Minimum volatility,Demo_Equity_B,0.014674704400387295
195,High volatility,Minimum volatility,Demo_Bonds,0.7903834135291168
195,High volatility,Minimum volatility,Demo_Gold,0.12291655365869336
195,High volatility,Minimum volatility,Demo_REITs,9.788617405217138e-19
195,High volatility,Maximum Sharpe,Demo_Equity_A,0.5412464392857532
195,High volatility,Maximum Sharpe,Demo_Equity_B,0.4587535607142466
195,High volatility,Maximum Sharpe,Demo_Bonds,0.0
195,High volatility,Maximum Sharpe,Demo_Gold,0.0
195,High volatility,Maximum Sharpe,Demo_REITs,2.1376906892543055e-16
196,Low volatility,Equal weight,Demo_Equity_A,0.2
196,Low volatility,Equal weight,Demo_Equity_B,0.2
196,Low volatility,Equal weight,Demo_Bonds,0.2
196,Low volatility,Equal weight,Demo_Gold,0.2
196,Low volatility,Equal weight,Demo_REITs,0.2
196,Low volatility,Minimum volatility,Demo_Equity_A,0.05483186570858088
196,Low volatility,Minimum volatility,Demo_Equity_B,0.02060731004427273
196,Low volatility,Minimum volatility,Demo_Bonds,0.7905863933137056
196,Low volatility,Minimum volatility,Demo_Gold,0.13397443093344075
196,Low volatility,Minimum volatility,Demo_REITs,6.742106784065522e-21
196,Low volatility,Maximum Sharpe,Demo_Equity_A,0.15232508149951038
196,Low volatility,Maximum Sharpe,Demo_Equity_B,0.5242397782676573
196,Low volatility,Maximum Sharpe,Demo_Bonds,0.0
196,Low volatility,Maximum Sharpe,Demo_Gold,0.3234351402328324
196,Low volatility,Maximum Sharpe,Demo_REITs,0.0
197,Base,Equal weight,Demo_Equity_A,0.2
197,Base,Equal weight,Demo_Equity_B,0.2
197,Base,Equal weight,Demo_Bonds,0.2
197,Base,Equal weight,Demo_Gold,0.2
197,Base,Equal weight,Demo_REITs,0.2
197,Base,Minimum volatility,Demo_Equity_A,0.06995352185152935
197,Base,Minimum volatility,Demo_Equity_B,0.01717550008619593
197,Base,Minimum volatility,Demo_Bonds,0.7779199313204219
197,Base,Minimum volatility,Demo_Gold,0.13495104674185282
197,Base,Minimum volatility,Demo_REITs,6.613513162615477e-20
197,Base,Maximum Sharpe,Demo_Equity_A,1.0
197,Base,Maximum Sharpe,Demo_Equity_B,0.0
197,Base,Maximum Sharpe,Demo_Bonds,0.0
197,Base,Maximum Sharpe,Demo_Gold,0.0
197,Base,Maximum Sharpe,Demo_REITs,0.0
198,High volatility,Equal weight,Demo_Equity_A,0.2
198,High volatility,Equal weight,Demo_Equity_B,0.2
198,High volatility,Equal weight,Demo_Bonds,0.2
198,High volatility,Equal weight,Demo_Gold,0.2
198,High volatility,Equal weight,Demo_REITs,0.2
198,High volatility,Minimum volatility,Demo_Equity_A,0.06712935618232432
198,High volatility,Minimum volatility,Demo_Equity_B,0.015368007276380513
198,High volatility,Minimum volatility,Demo_Bonds,0.782336516749403
198,High volatility,Minimum volatility,Demo_Gold,0.13516611979189225
198,High volatility,Minimum volatility,Demo_REITs,0.0
198,High volatility,Maximum Sharpe,Demo_Equity_A,0.10226571390425956
198,High volatility,Maximum Sharpe,Demo_Equity_B,0.20546050198289295
198,High volatility,Maximum Sharpe,Demo_Bonds,2.695477408091784e-17
198,High volatility,Maximum Sharpe,Demo_Gold,0.6922737841128476
198,High volatility,Maximum Sharpe,Demo_REITs,0.0
199,Low volatility,Equal weight,Demo_Equity_A,0.2
199,Low volatility,Equal weight,Demo_Equity_B,0.2
199,Low volatility,Equal weight,Demo_Bonds,0.2
199,Low volatility,Equal weight,Demo_Gold,0.2
199,Low volatility,Equal weight,Demo_REITs,0.2
199,Low volatility,Minimum volatility,Demo_Equity_A,0.059652878704183475
199,Low volatility,Minimum volatility,Demo_Equity_B,0.02852331410872307
199,Low volatility,Minimum volatility,Demo_Bonds,0.7733769155258339
199,Low volatility,Minimum volatility,Demo_Gold,0.13844689166125962
199,Low volatility,Minimum volatility,Demo_REITs,1.747461913905183e-18
199,Low volatility,Maximum Sharpe,Demo_Equity_A,0.11009966904568896
199,Low volatility,Maximum Sharpe,Demo_Equity_B,0.0
199,Low volatility,Maximum Sharpe,Demo_Bonds,0.8899003309543111
199,Low volatility,Maximum Sharpe,Demo_Gold,0.0
199,Low volatility,Maximum Sharpe,Demo_REITs,0.0
200,Base,Equal weight,Demo_Equity_A,0.2
200,Base,Equal weight,Demo_Equity_B,0.2
200,Base,Equal weight,Demo_Bonds,0.2
200,Base,Equal weight,Demo_Gold,0.2
200,Base,Equal weight,Demo_REITs,0.2
200,Base,Minimum volatility,Demo_Equity_A,0.06000871180345795
200,Base,Minimum volatility,Demo_Equity_B,0.013080682900750791
200,Base,Minimum volatility,Demo_Bonds,0.7897115714377311
200,Base,Minimum volatility,Demo_Gold,0.13719903385806026
200,Base,Minimum volatility,Demo_REITs,0.0
200,Base,Maximum Sharpe,Demo_Equity_A,0.12368738185918304
200,Base,Maximum Sharpe,Demo_Equity_B,0.0
200,Base,Maximum Sharpe,Demo_Bonds,0.2638228245677225
200,Base,Maximum Sharpe,Demo_Gold,0.20715169416058737
200,Base,Maximum Sharpe,Demo_REITs,0.4053380994125071
201,High volatility,Equal weight,Demo_Equity_A,0.2
201,High volatility,Equal weight,Demo_Equity_B,0.2
201,High volatility,Equal weight,Demo_Bonds,0.2
201,High volatility,Equal weight,Demo_Gold,0.2
201,High volatility,Equal weight,Demo_REITs,0.2
201,High volatility,Minimum volatility,Demo_Equity_A,0.07156268996329639
201,High volatility,Minimum volatility,Demo_Equity_B,0.0
201,High volatility,Minimum volatility,Demo_Bonds,0.7855896704173075
201,High volatility,Minimum volatility,Demo_Gold,0.140786928065666
201,High volatility,Minimum volatility,Demo_REITs,0.002060711553730076
201,High volatility,Maximum Sharpe,Demo_Equity_A,0.0
201,High volatility,Maximum Sharpe,Demo_Equity_B,0.2529949424509669
201,High volatility,Maximum Sharpe,Demo_Bonds,0.6352362356477047
201,High volatility,Maximum Sharpe,Demo_Gold,0.1117688219013284
201,High volatility,Maximum Sharpe,Demo_REITs,0.0
202,Low volatility,Equal weight,Demo_Equity_A,0.2
202,Low volatility,Equal weight,Demo_Equity_B,0.2
202,Low volatility,Equal weight,Demo_Bonds,0.2
202,Low volatility,Equal weight,Demo_Gold,0.2
202,Low volatility,Equal weight,Demo_REITs,0.2
202,Low volatility,Minimum volatility,Demo_Equity_A,0.08017700198240023
202,Low volatility,Minimum volatility,Demo_Equity_B,0.013537323942369148
202,Low volatility,Minimum volatility,Demo_Bonds,0.7916582819232262
202,Low volatility,Minimum volatility,Demo_Gold,0.11462739215200447
202,Low volatility,Minimum volatility,Demo_REITs,0.0
202,Low volatility,Maximum Sharpe,Demo_Equity_A,0.16133131569494952
202,Low volatility,Maximum Sharpe,Demo_Equity_B,1.4297499001731266e-16
202,Low volatility,Maximum Sharpe,Demo_Bonds,0.5668871629142183
202,Low volatility,Maximum Sharpe,Demo_Gold,0.27178152139083217
202,Low volatility,Maximum Sharpe,Demo_REITs,0.0
203,Base,Equal weight,Demo_Equity_A,0.2
203,Base,Equal weight,Demo_Equity_B,0.2
203,Base,Equal weight,Demo_Bonds,0.2
203,Base,Equal weight,Demo_Gold,0.2
203,Base,Equal weight,Demo_REITs,0.2
203,Base,Minimum volatility,Demo_Equity_A,0.0654163747037912
203,Base,Minimum volatility,Demo_Equity_B,0.024109630118747435
203,Base,Minimum volatility,Demo_Bonds,0.7692317522792879
203,Base,Minimum volatility,Demo_Gold,0.1412422428981734
203,Base,Minimum volatility,Demo_REITs,0.0
203,Base,Maximum Sharpe,Demo_Equity_A,0.20655063150406688
203,Base,Maximum Sharpe,Demo_Equity_B,5.148702917279098e-17
203,Base,Maximum Sharpe,Demo_Bonds,0.793449368495933
203,Base,Maximum Sharpe,Demo_Gold,0.0
203,Base,Maximum Sharpe,Demo_REITs,0.0
204,High volatility,Equal weight,Demo_Equity_A,0.2
204,High volatility,Equal weight,Demo_Equity_B,0.2
204,High volatility,Equal weight,Demo_Bonds,0.2
204,High volatility,Equal weight,Demo_Gold,0.2
204,High volatility,Equal weight,Demo_REITs,0.2
204,High volatility,Minimum volatility,Demo_Equity_A,0.04899218721922296
204,High volatility,Minimum volatility,Demo_Equity_B,0.02375063330692361
204,High volatility,Minimum volatility,Demo_Bonds,0.7912307258556417
204,High volatility,Minimum volatility,Demo_Gold,0.13602645361821175
204,High volatility,Minimum volatility,Demo_REITs,0.0
204,High volatility,Maximum Sharpe,Demo_Equity_A,0.6349779467692669
204,High volatility,Maximum Sharpe,Demo_Equity_B,0.0
204,High volatility,Maximum Sharpe,Demo_Bonds,0.36502205323073295
204,High volatility,Maximum Sharpe,Demo_Gold,0.0
204,High volatility,Maximum Sharpe,Demo_REITs,9.047775136444838e-17
205,Low volatility,Equal weight,Demo_Equity_A,0.2
205,Low volatility,Equal weight,Demo_Equity_B,0.2
205,Low volatility,Equal weight,Demo_Bonds,0.2
205,Low volatility,Equal weight,Demo_Gold,0.2
205,Low volatility,Equal weight,Demo_REITs,0.2
205,Low volatility,Minimum volatility,Demo_Equity_A,0.04437541784617956
205,Low volatility,Minimum volatility,Demo_Equity_B,0.0229252759682958
205,Low volatility,Minimum volatility,Demo_Bonds,0.8097609785181029
205,Low volatility,Minimum volatility,Demo_Gold,0.12293832766742174
205,Low volatility,Minimum volatility,Demo_REITs,7.238875203243268e-19
205,Low volatility,Maximum Sharpe,Demo_Equity_A,0.21270592711511768
205,Low volatility,Maximum Sharpe,Demo_Equity_B,0.0
205,Low volatility,Maximum Sharpe,Demo_Bonds,0.0
205,Low volatility,Maximum Sharpe,Demo_Gold,0.3641908807071638
205,Low volatility,Maximum Sharpe,Demo_REITs,0.4231031921777186
206,Base,Equal weight,Demo_Equity_A,0.2
206,Base,Equal weight,Demo_Equity_B,0.2
206,Base,Equal weight,Demo_Bonds,0.2
206,Base,Equal weight,Demo_Gold,0.2
206,Base,Equal weight,Demo_REITs,0.2
206,Base,Minimum volatility,Demo_Equity_A,0.07144762691130344
206,Base,Minimum volatility,Demo_Equity_B,0.008527214235933663
206,Base,Minimum volatility,Demo_Bonds,0.7901947642075743
206,Base,Minimum volatility,Demo_Gold,0.1298303946451887
206,Base,Minimum volatility,Demo_REITs,0.0
206,Base,Maximum Sharpe,Demo_Equity_A,0.10816942872606986
206,Base,Maximum Sharpe,Demo_Equity_B,0.09356703845883775
206,Base,Maximum Sharpe,Demo_Bonds,0.615660188708977
206,Base,Maximum Sharpe,Demo_Gold,0.1260574042760189
206,Base,Maximum Sharpe,Demo_REITs,0.05654593983009662
207,High volatility,Equal weight,Demo_Equity_A,0.2
207,High volatility,Equal weight,Demo_Equity_B,0.2
207,High volatility,Equal weight,Demo_Bonds,0.2
207,High volatility,Equal weight,Demo_Gold,0.2
207,High volatility,Equal weight,Demo_REITs,0.2
207,High volatility,Minimum volatility,Demo_Equity_A,0.0721702534163014
207,High volatility,Minimum volatility,Demo_Equity_B,5.613926099035542e-21
207,High volatility,Minimum volatility,Demo_Bonds,0.7788831979473474
207,High volatility,Minimum volatility,Demo_Gold,0.13939280859945924
207,High volatility,Minimum volatility,Demo_REITs,0.00955374003689183
207,High volatility,Maximum Sharpe,Demo_Equity_A,0.0
207,High volatility,Maximum Sharpe,Demo_Equity_B,1.7877534849165985e-16
207,High volatility,Maximum Sharpe,Demo_Bonds,0.007775469041872889
207,High volatility,Maximum Sharpe,Demo_Gold,1.0022416776491549e-17
207,High volatility,Maximum Sharpe,Demo_REITs,0.9922245309581269
208,Low volatility,Equal weight,Demo_Equity_A,0.2
208,Low volatility,Equal weight,Demo_Equity_B,0.2
208,Low volatility,Equal weight,Demo_Bonds,0.2
208,Low volatility,Equal weight,Demo_Gold,0.2
208,Low volatility,Equal weight,Demo_REITs,0.2
208,Low volatility,Minimum volatility,Demo_Equity_A,0.06405300487716244
208,Low volatility,Minimum volatility,Demo_Equity_B,0.01850651254340897
208,Low volatility,Minimum volatility,Demo_Bonds,0.8022128857105004
208,Low volatility,Minimum volatility,Demo_Gold,0.11522759686892811
208,Low volatility,Minimum volatility,Demo_REITs,1.765206139828064e-19
208,Low volatility,Maximum Sharpe,Demo_Equity_A,1.9763995888799002e-16
208,Low volatility,Maximum Sharpe,Demo_Equity_B,0.1349697335263258
208,Low volatility,Maximum Sharpe,Demo_Bonds,0.0
208,Low volatility,Maximum Sharpe,Demo_Gold,0.4374976325517739
208,Low volatility,Maximum Sharpe,Demo_REITs,0.42753263392190016
209,Base,Equal weight,Demo_Equity_A,0.2
209,Base,Equal weight,Demo_Equity_B,0.2
209,Base,Equal weight,Demo_Bonds,0.2
209,Base,Equal weight,Demo_Gold,0.2
209,Base,Equal weight,Demo_REITs,0.2
209,Base,Minimum volatility,Demo_Equity_A,0.06892433578015603
209,Base,Minimum volatility,Demo_Equity_B,0.01103408540751996
209,Base,Minimum volatility,Demo_Bonds,0.7930080830532759
209,Base,Minimum volatility,Demo_Gold,0.12427321936699616
209,Base,Minimum volatility,Demo_REITs,0.0027602763920521215
209,Base,Maximum Sharpe,Demo_Equity_A,0.44384063591138284
209,Base,Maximum Sharpe,Demo_Equity_B,0.14916838697546403
209,Base,Maximum Sharpe,Demo_Bonds,0.4069909771131531
209,Base,Maximum Sharpe,Demo_Gold,0.0
209,Base,Maximum Sharpe,Demo_REITs,0.0
210,High volatility,Equal weight,Demo_Equity_A,0.2
210,High volatility,Equal weight,Demo_Equity_B,0.2
210,High volatility,Equal weight,Demo_Bonds,0.2
210,High volatility,Equal weight,Demo_Gold,0.2
210,High volatility,Equal weight,Demo_REITs,0.2
210,High volatility,Minimum volatility,Demo_Equity_A,0.060847033916253394
210,High volatility,Minimum volatility,Demo_Equity_B,0.01103260477300386
210,High volatility,Minimum volatility,Demo_Bonds,0.7924290884521701
210,High volatility,Minimum volatility,Demo_Gold,0.13257454712141817
210,High volatility,Minimum volatility,Demo_REITs,0.003116725737154491
210,High volatility,Maximum Sharpe,Demo_Equity_A,0.0
210,High volatility,Maximum Sharpe,Demo_Equity_B,9.836662083016926e-17
210,High volatility,Maximum Sharpe,Demo_Bonds,0.9882516191520496
210,High volatility,Maximum Sharpe,Demo_Gold,0.011748380847950332
210,High volatility,Maximum Sharpe,Demo_REITs,0.0
211,Low volatility,Equal weight,Demo_Equity_A,0.2
211,Low volatility,Equal weight,Demo_Equity_B,0.2
211,Low volatility,Equal weight,Demo_Bonds,0.2
211,Low volatility,Equal weight,Demo_Gold,0.2
211,Low volatility,Equal weight,Demo_REITs,0.2
211,Low volatility,Minimum volatility,Demo_Equity_A,0.07389643083980998
211,Low volatility,Minimum volatility,Demo_Equity_B,0.0024777249303163324
211,Low volatility,Minimum volatility,Demo_Bonds,0.7909932929474078
211,Low volatility,Minimum volatility,Demo_Gold,0.13243689233420486
211,Low volatility,Minimum volatility,Demo_REITs,0.0001956589482610699
211,Low volatility,Maximum Sharpe,Demo_Equity_A,0.2684578560062406
211,Low volatility,Maximum Sharpe,Demo_Equity_B,0.014712010591387404
211,Low volatility,Maximum Sharpe,Demo_Bonds,0.0
211,Low volatility,Maximum Sharpe,Demo_Gold,0.7168301334023721
211,Low volatility,Maximum Sharpe,Demo_REITs,0.0
212,Base,Equal weight,Demo_Equity_A,0.2
212,Base,Equal weight,Demo_Equity_B,0.2
212,Base,Equal weight,Demo_Bonds,0.2
212,Base,Equal weight,Demo_Gold,0.2
212,Base,Equal weight,Demo_REITs,0.2
212,Base,Minimum volatility,Demo_Equity_A,0.06873337258161391
212,Base,Minimum volatility,Demo_Equity_B,0.02654740580064584
212,Base,Minimum volatility,Demo_Bonds,0.7701493983863817
212,Base,Minimum volatility,Demo_Gold,0.13456982323135844
212,Base,Minimum volatility,Demo_REITs,0.0
212,Base,Maximum Sharpe,Demo_Equity_A,0.297157966872415
212,Base,Maximum Sharpe,Demo_Equity_B,0.3242178331845562
212,Base,Maximum Sharpe,Demo_Bonds,0.2641537519210357
212,Base,Maximum Sharpe,Demo_Gold,0.11447044802199169
212,Base,Maximum Sharpe,Demo_REITs,1.4602507230867688e-15
213,High volatility,Equal weight,Demo_Equity_A,0.2
213,High volatility,Equal weight,Demo_Equity_B,0.2
213,High volatility,Equal weight,Demo_Bonds,0.2
213,High volatility,Equal weight,Demo_Gold,0.2
213,High volatility,Equal weight,Demo_REITs,0.2
213,High volatility,Minimum volatility,Demo_Equity_A,0.06223767508664015
213,High volatility,Minimum volatility,Demo_Equity_B,0.011499988752837559
213,High volatility,Minimum volatility,Demo_Bonds,0.7923443403124297
213,High volatility,Minimum volatility,Demo_Gold,0.13391799584809266
213,High volatility,Minimum volatility,Demo_REITs,6.496939264644959e-20
213,High volatility,Maximum Sharpe,Demo_Equity_A,0.12494387213927473
213,High volatility,Maximum Sharpe,Demo_Equity_B,0.0
213,High volatility,Maximum Sharpe,Demo_Bonds,0.0
213,High volatility,Maximum Sharpe,Demo_Gold,0.8750561278607252
213,High volatility,Maximum Sharpe,Demo_REITs,1.4110478934071907e-17
214,Low volatility,Equal weight,Demo_Equity_A,0.2
214,Low volatility,Equal weight,Demo_Equity_B,0.2
214,Low volatility,Equal weight,Demo_Bonds,0.2
214,Low volatility,Equal weight,Demo_Gold,0.2
214,Low volatility,Equal weight,Demo_REITs,0.2
214,Low volatility,Minimum volatility,Demo_Equity_A,0.04695580614001916
214,Low volatility,Minimum volatility,Demo_Equity_B,0.030482817910628457
214,Low volatility,Minimum volatility,Demo_Bonds,0.8003177149637666
214,Low volatility,Minimum volatility,Demo_Gold,0.12224366098558581
214,Low volatility,Minimum volatility,Demo_REITs,0.0
214,Low volatility,Maximum Sharpe,Demo_Equity_A,0.16102987648578346
214,Low volatility,Maximum Sharpe,Demo_Equity_B,0.21827085951910138
214,Low volatility,Maximum Sharpe,Demo_Bonds,0.6206992639951152
214,Low volatility,Maximum Sharpe,Demo_Gold,0.0
214,Low volatility,Maximum Sharpe,Demo_REITs,5.474846637478257e-17
215,Base,Equal weight,Demo_Equity_A,0.2
215,Base,Equal weight,Demo_Equity_B,0.2
215,Base,Equal weight,Demo_Bonds,0.2
215,Base,Equal weight,Demo_Gold,0.2
215,Base,Equal weight,Demo_REITs,0.2
215,Base,Minimum volatility,Demo_Equity_A,0.08101043223132946
215,Base,Minimum volatility,Demo_Equity_B,4.382059500954374e-19
215,Base,Minimum volatility,Demo_Bonds,0.805894900881469
215,Base,Minimum volatility,Demo_Gold,0.11309466688720164
215,Base,Minimum volatility,Demo_REITs,5.049849913889652e-19
215,Base,Maximum Sharpe,Demo_Equity_A,0.3937663662001141
215,Base,Maximum Sharpe,Demo_Equity_B,0.15705390586178436
215,Base,Maximum Sharpe,Demo_Bonds,0.0
215,Base,Maximum Sharpe,Demo_Gold,0.449179727938101
215,Base,Maximum Sharpe,Demo_REITs,3.866031523341652e-16
216,High volatility,Equal weight,Demo_Equity_A,0.2
216,High volatility,Equal weight,Demo_Equity_B,0.2
216,High volatility,Equal weight,Demo_Bonds,0.2
216,High volatility,Equal weight,Demo_Gold,0.2
216,High volatility,Equal weight,Demo_REITs,0.2
216,High volatility,Minimum volatility,Demo_Equity_A,0.08318882256824506
216,High volatility,Minimum volatility,Demo_Equity_B,0.0
216,High volatility,Minimum volatility,Demo_Bonds,0.7934778750088044
216,High volatility,Minimum volatility,Demo_Gold,0.1233333024229506
216,High volatility,Minimum volatility,Demo_REITs,0.0
216,High volatility,Maximum Sharpe,Demo_Equity_A,0.0
216,High volatility,Maximum Sharpe,Demo_Equity_B,0.9999999999999991
216,High volatility,Maximum Sharpe,Demo_Bonds,9.559678986186243e-16
216,High volatility,Maximum Sharpe,Demo_Gold,0.0
216,High volatility,Maximum Sharpe,Demo_REITs,0.0
217,Low volatility,Equal weight,Demo_Equity_A,0.2
217,Low volatility,Equal weight,Demo_Equity_B,0.2
217,Low volatility,Equal weight,Demo_Bonds,0.2
217,Low volatility,Equal weight,Demo_Gold,0.2
217,Low volatility,Equal weight,Demo_REITs,0.2
217,Low volatility,Minimum volatility,Demo_Equity_A,0.06919006579121285
217,Low volatility,Minimum volatility,Demo_Equity_B,0.012349573866116023
217,Low volatility,Minimum volatility,Demo_Bonds,0.7773542611630695
217,Low volatility,Minimum volatility,Demo_Gold,0.13744580127746323
217,Low volatility,Minimum volatility,Demo_REITs,0.003660297902138444
217,Low volatility,Maximum Sharpe,Demo_Equity_A,3.990548702240706e-18
217,Low volatility,Maximum Sharpe,Demo_Equity_B,0.37613710106064263
217,Low volatility,Maximum Sharpe,Demo_Bonds,0.28330763847425344
217,Low volatility,Maximum Sharpe,Demo_Gold,0.3405552604651033
217,Low volatility,Maximum Sharpe,Demo_REITs,5.3415861274032e-16
218,Base,Equal weight,Demo_Equity_A,0.2
218,Base,Equal weight,Demo_Equity_B,0.2
218,Base,Equal weight,Demo_Bonds,0.2
218,Base,Equal weight,Demo_Gold,0.2
218,Base,Equal weight,Demo_REITs,0.2
218,Base,Minimum volatility,Demo_Equity_A,0.06644594711626077
218,Base,Minimum volatility,Demo_Equity_B,0.0068631475443308035
218,Base,Minimum volatility,Demo_Bonds,0.7949756383625456
218,Base,Minimum volatility,Demo_Gold,0.13171526697686284
218,Base,Minimum volatility,Demo_REITs,9.365399241865561e-19
218,Base,Maximum Sharpe,Demo_Equity_A,1.0
218,Base,Maximum Sharpe,Demo_Equity_B,4.163336342344337e-17
218,Base,Maximum Sharpe,Demo_Bonds,1.4850992016453984e-17
218,Base,Maximum Sharpe,Demo_Gold,0.0
218,Base,Maximum Sharpe,Demo_REITs,8.156619917356134e-17
219,High volatility,Equal weight,Demo_Equity_A,0.2
219,High volatility,Equal weight,Demo_Equity_B,0.2
219,High volatility,Equal weight,Demo_Bonds,0.2
219,High volatility,Equal weight,Demo_Gold,0.2
219,High volatility,Equal weight,Demo_REITs,0.2
219,High volatility,Minimum volatility,Demo_Equity_A,0.06593332790134813
219,High volatility,Minimum volatility,Demo_Equity_B,0.008820197911811031
219,High volatility,Minimum volatility,Demo_Bonds,0.7708709147208489
219,High volatility,Minimum volatility,Demo_Gold,0.1454420081460521
219,High volatility,Minimum volatility,Demo_REITs,0.008933551319939798
219,High volatility,Maximum Sharpe,Demo_Equity_A,0.0
219,High volatility,Maximum Sharpe,Demo_Equity_B,0.0
219,High volatility,Maximum Sharpe,Demo_Bonds,1.0
219,High volatility,Maximum Sharpe,Demo_Gold,0.0
219,High volatility,Maximum Sharpe,Demo_REITs,0.0
220,Low volatility,Equal weight,Demo_Equity_A,0.2
220,Low volatility,Equal weight,Demo_Equity_B,0.2
220,Low volatility,Equal weight,Demo_Bonds,0.2
220,Low volatility,Equal weight,Demo_Gold,0.2
220,Low volatility,Equal weight,Demo_REITs,0.2
220,Low volatility,Minimum volatility,Demo_Equity_A,0.07303331038819956
220,Low volatility,Minimum volatility,Demo_Equity_B,0.0034323163430441737
220,Low volatility,Minimum volatility,Demo_Bonds,0.8008509215514372
220,Low volatility,Minimum volatility,Demo_Gold,0.12268345171731912
220,Low volatility,Minimum volatility,Demo_REITs,1.1768040932187092e-19
220,Low volatility,Maximum Sharpe,Demo_Equity_A,0.13378255543195305
220,Low volatility,Maximum Sharpe,Demo_Equity_B,0.0
220,Low volatility,Maximum Sharpe,Demo_Bonds,9.56455136181337e-17
220,Low volatility,Maximum Sharpe,Demo_Gold,0.6342811428278263
220,Low volatility,Maximum Sharpe,Demo_REITs,0.23193630174022062
221,Base,Equal weight,Demo_Equity_A,0.2
221,Base,Equal weight,Demo_Equity_B,0.2
221,Base,Equal weight,Demo_Bonds,0.2
221,Base,Equal weight,Demo_Gold,0.2
221,Base,Equal weight,Demo_REITs,0.2
221,Base,Minimum volatility,Demo_Equity_A,0.05840679183795841
221,Base,Minimum volatility,Demo_Equity_B,0.025548011885426165
221,Base,Minimum volatility,Demo_Bonds,0.7975036728013744
221,Base,Minimum volatility,Demo_Gold,0.11854152347524116
221,Base,Minimum volatility,Demo_REITs,4.835929320570634e-19
221,Base,Maximum Sharpe,Demo_Equity_A,0.0
221,Base,Maximum Sharpe,Demo_Equity_B,0.6693810048817661
221,Base,Maximum Sharpe,Demo_Bonds,0.0
221,Base,Maximum Sharpe,Demo_Gold,0.33061899511823384
221,Base,Maximum Sharpe,Demo_REITs,0.0
222,High volatility,Equal weight,Demo_Equity_A,0.2
222,High volatility,Equal weight,Demo_Equity_B,0.2
222,High volatility,Equal weight,Demo_Bonds,0.2
222,High volatility,Equal weight,Demo_Gold,0.2
222,High volatility,Equal weight,Demo_REITs,0.2
222,High volatility,Minimum volatility,Demo_Equity_A,0.08019290279152631
222,High volatility,Minimum volatility,Demo_Equity_B,0.0010750583521592647
222,High volatility,Minimum volatility,Demo_Bonds,0.8003696461885271
222,High volatility,Minimum volatility,Demo_Gold,0.11836239266778732
222,High volatility,Minimum volatility,Demo_REITs,0.0
222,High volatility,Maximum Sharpe,Demo_Equity_A,0.8474465388820384
222,High volatility,Maximum Sharpe,Demo_Equity_B,0.0
222,High volatility,Maximum Sharpe,Demo_Bonds,2.6414726091295604e-16
222,High volatility,Maximum Sharpe,Demo_Gold,0.15255346111796117
222,High volatility,Maximum Sharpe,Demo_REITs,2.6440512334778855e-16
223,Low volatility,Equal weight,Demo_Equity_A,0.2
223,Low volatility,Equal weight,Demo_Equity_B,0.2
223,Low volatility,Equal weight,Demo_Bonds,0.2
223,Low volatility,Equal weight,Demo_Gold,0.2
223,Low volatility,Equal weight,Demo_REITs,0.2
223,Low volatility,Minimum volatility,Demo_Equity_A,0.06722891158493595
223,Low volatility,Minimum volatility,Demo_Equity_B,0.01997493411513353
223,Low volatility,Minimum volatility,Demo_Bonds,0.7880012311305081
223,Low volatility,Minimum volatility,Demo_Gold,0.12479492316942221
223,Low volatility,Minimum volatility,Demo_REITs,0.0
223,Low volatility,Maximum Sharpe,Demo_Equity_A,0.18398286717217668
223,Low volatility,Maximum Sharpe,Demo_Equity_B,0.22652969891493183
223,Low volatility,Maximum Sharpe,Demo_Bonds,0.0
223,Low volatility,Maximum Sharpe,Demo_Gold,0.3414651694303466
223,Low volatility,Maximum Sharpe,Demo_REITs,0.24802226448254494
224,Base,Equal weight,Demo_Equity_A,0.2
224,Base,Equal weight,Demo_Equity_B,0.2
224,Base,Equal weight,Demo_Bonds,0.2
224,Base,Equal weight,Demo_Gold,0.2
224,Base,Equal weight,Demo_REITs,0.2
224,Base,Minimum volatility,Demo_Equity_A,0.05576840020965588
224,Base,Minimum volatility,Demo_Equity_B,0.01775370621665401
224,Base,Minimum volatility,Demo_Bonds,0.7991147376002671
224,Base,Minimum volatility,Demo_Gold,0.12736315597342288
224,Base,Minimum volatility,Demo_REITs,0.0
224,Base,Maximum Sharpe,Demo_Equity_A,0.0
224,Base,Maximum Sharpe,Demo_Equity_B,1.0
224,Base,Maximum Sharpe,Demo_Bonds,0.0
224,Base,Maximum Sharpe,Demo_Gold,0.0
224,Base,Maximum Sharpe,Demo_REITs,0.0
225,High volatility,Equal weight,Demo_Equity_A,0.2
225,High volatility,Equal weight,Demo_Equity_B,0.2
225,High volatility,Equal weight,Demo_Bonds,0.2
225,High volatility,Equal weight,Demo_Gold,0.2
225,High volatility,Equal weight,Demo_REITs,0.2
225,High volatility,Minimum volatility,Demo_Equity_A,0.07137400634076099
225,High volatility,Minimum volatility,Demo_Equity_B,0.007518373374259389
225,High volatility,Minimum volatility,Demo_Bonds,0.8031862246397158
225,High volatility,Minimum volatility,Demo_Gold,0.11792139564526383
225,High volatility,Minimum volatility,Demo_REITs,3.5175529175111237e-19
225,High volatility,Maximum Sharpe,Demo_Equity_A,0.32679887487829484
225,High volatility,Maximum Sharpe,Demo_Equity_B,0.4909355146022306
225,High volatility,Maximum Sharpe,Demo_Bonds,0.0
225,High volatility,Maximum Sharpe,Demo_Gold,0.18226561051947457
225,High volatility,Maximum Sharpe,Demo_REITs,0.0
226,Low volatility,Equal weight,Demo_Equity_A,0.2
226,Low volatility,Equal weight,Demo_Equity_B,0.2
226,Low volatility,Equal weight,Demo_Bonds,0.2
226,Low volatility,Equal weight,Demo_Gold,0.2
226,Low volatility,Equal weight,Demo_REITs,0.2
226,Low volatility,Minimum volatility,Demo_Equity_A,0.05775164316016374
226,Low volatility,Minimum volatility,Demo_Equity_B,0.013265050888023471
226,Low volatility,Minimum volatility,Demo_Bonds,0.817152292486691
226,Low volatility,Minimum volatility,Demo_Gold,0.11183101346512185
226,Low volatility,Minimum volatility,Demo_REITs,0.0
226,Low volatility,Maximum Sharpe,Demo_Equity_A,0.7484869360715953
226,Low volatility,Maximum Sharpe,Demo_Equity_B,0.2515130639284048
226,Low volatility,Maximum Sharpe,Demo_Bonds,0.0
226,Low volatility,Maximum Sharpe,Demo_Gold,0.0
226,Low volatility,Maximum Sharpe,Demo_REITs,0.0
227,Base,Equal weight,Demo_Equity_A,0.2
227,Base,Equal weight,Demo_Equity_B,0.2
227,Base,Equal weight,Demo_Bonds,0.2
227,Base,Equal weight,Demo_Gold,0.2
227,Base,Equal weight,Demo_REITs,0.2
227,Base,Minimum volatility,Demo_Equity_A,0.05884350177253684
227,Base,Minimum volatility,Demo_Equity_B,0.011273857169469825
227,Base,Minimum volatility,Demo_Bonds,0.805155191068992
227,Base,Minimum volatility,Demo_Gold,0.12472744998900137
227,Base,Minimum volatility,Demo_REITs,0.0
227,Base,Maximum Sharpe,Demo_Equity_A,0.06769761345444501
227,Base,Maximum Sharpe,Demo_Equity_B,4.863802301890253e-16
227,Base,Maximum Sharpe,Demo_Bonds,0.8764618862371087
227,Base,Maximum Sharpe,Demo_Gold,0.0
227,Base,Maximum Sharpe,Demo_REITs,0.05584050030844571
228,High volatility,Equal weight,Demo_Equity_A,0.2
228,High volatility,Equal weight,Demo_Equity_B,0.2
228,High volatility,Equal weight,Demo_Bonds,0.2
228,High volatility,Equal weight,Demo_Gold,0.2
228,High volatility,Equal weight,Demo_REITs,0.2
228,High volatility,Minimum volatility,Demo_Equity_A,0.060180264730757695
228,High volatility,Minimum volatility,Demo_Equity_B,0.023367410838369306
228,High volatility,Minimum volatility,Demo_Bonds,0.7824745210488634
228,High volatility,Minimum volatility,Demo_Gold,0.13397780338200957
228,High volatility,Minimum volatility,Demo_REITs,0.0
228,High volatility,Maximum Sharpe,Demo_Equity_A,0.45168967821407946
228,High volatility,Maximum Sharpe,Demo_Equity_B,1.9188305638355086e-16
228,High volatility,Maximum Sharpe,Demo_Bonds,7.774274312256575e-17
228,High volatility,Maximum Sharpe,Demo_Gold,0.5483103217859203
228,High volatility,Maximum Sharpe,Demo_REITs,0.0
229,Low volatility,Equal weight,Demo_Equity_A,0.2
229,Low volatility,Equal weight,Demo_Equity_B,0.2
229,Low volatility,Equal weight,Demo_Bonds,0.2
229,Low volatility,Equal weight,Demo_Gold,0.2
229,Low volatility,Equal weight,Demo_REITs,0.2
229,Low volatility,Minimum volatility,Demo_Equity_A,0.06376811053678666
229,Low volatility,Minimum volatility,Demo_Equity_B,0.010232742109348623
229,Low volatility,Minimum volatility,Demo_Bonds,0.7939691055239366
229,Low volatility,Minimum volatility,Demo_Gold,0.13082517577192446
229,Low volatility,Minimum volatility,Demo_REITs,0.0012048660580037574
229,Low volatility,Maximum Sharpe,Demo_Equity_A,0.013035627568128198
229,Low volatility,Maximum Sharpe,Demo_Equity_B,0.062456949103814524
229,Low volatility,Maximum Sharpe,Demo_Bonds,0.2579933688734678
229,Low volatility,Maximum Sharpe,Demo_Gold,0.3689060710627503
229,Low volatility,Maximum Sharpe,Demo_REITs,0.2976079833918392
230,Base,Equal weight,Demo_Equity_A,0.2
230,Base,Equal weight,Demo_Equity_B,0.2
230,Base,Equal weight,Demo_Bonds,0.2
230,Base,Equal weight,Demo_Gold,0.2
230,Base,Equal weight,Demo_REITs,0.2
230,Base,Minimum volatility,Demo_Equity_A,0.06501369565821974
230,Base,Minimum volatility,Demo_Equity_B,0.0230739382278872
230,Base,Minimum volatility,Demo_Bonds,0.7874212331135639
230,Base,Minimum volatility,Demo_Gold,0.1244911330003291
230,Base,Minimum volatility,Demo_REITs,1.6604270400574026e-18
230,Base,Maximum Sharpe,Demo_Equity_A,0.0
230,Base,Maximum Sharpe,Demo_Equity_B,0.33451338270598563
230,Base,Maximum Sharpe,Demo_Bonds,4.277821842209069e-16
230,Base,Maximum Sharpe,Demo_Gold,0.6654866172940139
230,Base,Maximum Sharpe,Demo_REITs,0.0
231,High volatility,Equal weight,Demo_Equity_A,0.2
231,High volatility,Equal weight,Demo_Equity_B,0.2
231,High volatility,Equal weight,Demo_Bonds,0.2
231,High volatility,Equal weight,Demo_Gold,0.2
231,High volatility,Equal weight,Demo_REITs,0.2
231,High volatility,Minimum volatility,Demo_Equity_A,0.06938575989756718
231,High volatility,Minimum volatility,Demo_Equity_B,0.018672271547717334
231,High volatility,Minimum volatility,Demo_Bonds,0.7758532035890369
231,High volatility,Minimum volatility,Demo_Gold,0.1360887649656786
231,High volatility,Minimum volatility,Demo_REITs,0.0
231,High volatility,Maximum Sharpe,Demo_Equity_A,0.0
231,High volatility,Maximum Sharpe,Demo_Equity_B,0.016726194167364043
231,High volatility,Maximum Sharpe,Demo_Bonds,0.9623773881371392
231,High volatility,Maximum Sharpe,Demo_Gold,0.020896417695496557
231,High volatility,Maximum Sharpe,Demo_REITs,0.0
232,Low volatility,Equal weight,Demo_Equity_A,0.2
232,Low volatility,Equal weight,Demo_Equity_B,0.2
232,Low volatility,Equal weight,Demo_Bonds,0.2
232,Low volatility,Equal weight,Demo_Gold,0.2
232,Low volatility,Equal weight,Demo_REITs,0.2
232,Low volatility,Minimum volatility,Demo_Equity_A,0.07081554210843119
232,Low volatility,Minimum volatility,Demo_Equity_B,0.008028382554002145
232,Low volatility,Minimum volatility,Demo_Bonds,0.7937287352805503
232,Low volatility,Minimum volatility,Demo_Gold,0.12742734005701636
232,Low volatility,Minimum volatility,Demo_REITs,0.0
232,Low volatility,Maximum Sharpe,Demo_Equity_A,0.20423225138358891
232,Low volatility,Maximum Sharpe,Demo_Equity_B,0.13177749363622282
232,Low volatility,Maximum Sharpe,Demo_Bonds,0.6639902549801884
232,Low volatility,Maximum Sharpe,Demo_Gold,0.0
232,Low volatility,Maximum Sharpe,Demo_REITs,0.0
233,Base,Equal weight,Demo_Equity_A,0.2
233,Base,Equal weight,Demo_Equity_B,0.2
233,Base,Equal weight,Demo_Bonds,0.2
233,Base,Equal weight,Demo_Gold,0.2
233,Base,Equal weight,Demo_REITs,0.2
233,Base,Minimum volatility,Demo_Equity_A,0.0865604488582275
233,Base,Minimum volatility,Demo_Equity_B,0.002924999521332892
233,Base,Minimum volatility,Demo_Bonds,0.7978456412206802
233,Base,Minimum volatility,Demo_Gold,0.11266891039975933
233,Base,Minimum volatility,Demo_REITs,3.6039625354822974e-19
233,Base,Maximum Sharpe,Demo_Equity_A,5.46564129858692e-18
233,Base,Maximum Sharpe,Demo_Equity_B,4.369268463496972e-17
233,Base,Maximum Sharpe,Demo_Bonds,0.0
233,Base,Maximum Sharpe,Demo_Gold,0.997136261693236
233,Base,Maximum Sharpe,Demo_REITs,0.002863738306764051
234,High volatility,Equal weight,Demo_Equity_A,0.2
234,High volatility,Equal weight,Demo_Equity_B,0.2
234,High volatility,Equal weight,Demo_Bonds,0.2
234,High volatility,Equal weight,Demo_Gold,0.2
234,High volatility,Equal weight,Demo_REITs,0.2
234,High volatility,Minimum volatility,Demo_Equity_A,0.0607579270405176
234,High volatility,Minimum volatility,Demo_Equity_B,0.008748197105512836
234,High volatility,Minimum volatility,Demo_Bonds,0.8065323788600298
234,High volatility,Minimum volatility,Demo_Gold,0.1239614969939398
234,High volatility,Minimum volatility,Demo_REITs,0.0
234,High volatility,Maximum Sharpe,Demo_Equity_A,0.0
234,High volatility,Maximum Sharpe,Demo_Equity_B,0.06837944068216108
234,High volatility,Maximum Sharpe,Demo_Bonds,0.8703066070338902
234,High volatility,Maximum Sharpe,Demo_Gold,0.0
234,High volatility,Maximum Sharpe,Demo_REITs,0.0613139522839488
235,Low volatility,Equal weight,Demo_Equity_A,0.2
235,Low volatility,Equal weight,Demo_Equity_B,0.2
235,Low volatility,Equal weight,Demo_Bonds,0.2
235,Low volatility,Equal weight,Demo_Gold,0.2
235,Low volatility,Equal weight,Demo_REITs,0.2
235,Low volatility,Minimum volatility,Demo_Equity_A,0.05762121607790507
235,Low volatility,Minimum volatility,Demo_Equity_B,0.027444236942950263
235,Low volatility,Minimum volatility,Demo_Bonds,0.7869491875570535
235,Low volatility,Minimum volatility,Demo_Gold,0.12798535942209127
235,Low volatility,Minimum volatility,Demo_REITs,8.33569566029919e-19
235,Low volatility,Maximum Sharpe,Demo_Equity_A,1.0
235,Low volatility,Maximum Sharpe,Demo_Equity_B,0.0
235,Low volatility,Maximum Sharpe,Demo_Bonds,0.0
235,Low volatility,Maximum Sharpe,Demo_Gold,0.0
235,Low volatility,Maximum Sharpe,Demo_REITs,0.0
236,Base,Equal weight,Demo_Equity_A,0.2
236,Base,Equal weight,Demo_Equity_B,0.2
236,Base,Equal weight,Demo_Bonds,0.2
236,Base,Equal weight,Demo_Gold,0.2
236,Base,Equal weight,Demo_REITs,0.2
236,Base,Minimum volatility,Demo_Equity_A,0.07569507970484352
236,Base,Minimum volatility,Demo_Equity_B,0.005976303537429927
236,Base,Minimum volatility,Demo_Bonds,0.7827251768150353
236,Base,Minimum volatility,Demo_Gold,0.13560343994269128
236,Base,Minimum volatility,Demo_REITs,0.0
236,Base,Maximum Sharpe,Demo_Equity_A,0.2712258195689013
236,Base,Maximum Sharpe,Demo_Equity_B,0.0
236,Base,Maximum Sharpe,Demo_Bonds,0.321960367759422
236,Base,Maximum Sharpe,Demo_Gold,0.4068138126716766
236,Base,Maximum Sharpe,Demo_REITs,0.0
237,High volatility,Equal weight,Demo_Equity_A,0.2
237,High volatility,Equal weight,Demo_Equity_B,0.2
237,High volatility,Equal weight,Demo_Bonds,0.2
237,High volatility,Equal weight,Demo_Gold,0.2
237,High volatility,Equal weight,Demo_REITs,0.2
237,High volatility,Minimum volatility,Demo_Equity_A,0.08136591002557546
237,High volatility,Minimum volatility,Demo_Equity_B,4.7207448528420775e-18
237,High volatility,Minimum volatility,Demo_Bonds,0.7883993565190309
237,High volatility,Minimum volatility,Demo_Gold,0.1302347334553936
237,High volatility,Minimum volatility,Demo_REITs,0.0
237,High volatility,Maximum Sharpe,Demo_Equity_A,9.176119481972189e-17
237,High volatility,Maximum Sharpe,Demo_Equity_B,4.93815865551041e-18
237,High volatility,Maximum Sharpe,Demo_Bonds,0.871768200101295
237,High volatility,Maximum Sharpe,Demo_Gold,0.12823179989870487
237,High volatility,Maximum Sharpe,Demo_REITs,0.0
238,Low volatility,Equal weight,Demo_Equity_A,0.2
238,Low volatility,Equal weight,Demo_Equity_B,0.2
238,Low volatility,Equal weight,Demo_Bonds,0.2
238,Low volatility,Equal weight,Demo_Gold,0.2
238,Low volatility,Equal weight,Demo_REITs,0.2
238,Low volatility,Minimum volatility,Demo_Equity_A,0.07049017694194584
238,Low volatility,Minimum volatility,Demo_Equity_B,0.012582504114303002
238,Low volatility,Minimum volatility,Demo_Bonds,0.7969481877633783
238,Low volatility,Minimum volatility,Demo_Gold,0.11997913118037283
238,Low volatility,Minimum volatility,Demo_REITs,9.806700776822578e-20
238,Low volatility,Maximum Sharpe,Demo_Equity_A,0.275681534918899
238,Low volatility,Maximum Sharpe,Demo_Equity_B,1.0950982122088712e-15
238,Low volatility,Maximum Sharpe,Demo_Bonds,0.35509886279685904
238,Low volatility,Maximum Sharpe,Demo_Gold,0.2751453578563042
238,Low volatility,Maximum Sharpe,Demo_REITs,0.09407424442793681
239,Base,Equal weight,Demo_Equity_A,0.2
239,Base,Equal weight,Demo_Equity_B,0.2
239,Base,Equal weight,Demo_Bonds,0.2
239,Base,Equal weight,Demo_Gold,0.2
239,Base,Equal weight,Demo_REITs,0.2
239,Base,Minimum volatility,Demo_Equity_A,0.07301020505360829
239,Base,Minimum volatility,Demo_Equity_B,0.01682544987756234
239,Base,Minimum volatility,Demo_Bonds,0.7817099134316252
239,Base,Minimum volatility,Demo_Gold,0.12845443163720424
239,Base,Minimum volatility,Demo_REITs,0.0
239,Base,Maximum Sharpe,Demo_Equity_A,0.02574267104760524
239,Base,Maximum Sharpe,Demo_Equity_B,0.13452892554688609
239,Base,Maximum Sharpe,Demo_Bonds,0.4535659245047274
239,Base,Maximum Sharpe,Demo_Gold,0.38616247890078137
239,Base,Maximum Sharpe,Demo_REITs,0.0
240,High volatility,Equal weight,Demo_Equity_A,0.2
240,High volatility,Equal weight,Demo_Equity_B,0.2
240,High volatility,Equal weight,Demo_Bonds,0.2
240,High volatility,Equal weight,Demo_Gold,0.2
240,High volatility,Equal weight,Demo_REITs,0.2
240,High volatility,Minimum volatility,Demo_Equity_A,0.05811906606395451
240,High volatility,Minimum volatility,Demo_Equity_B,0.013143905370949014
240,High volatility,Minimum volatility,Demo_Bonds,0.7919657403876075
240,High volatility,Minimum volatility,Demo_Gold,0.13677128817748904
240,High volatility,Minimum volatility,Demo_REITs,6.09854204558654e-19
240,High volatility,Maximum Sharpe,Demo_Equity_A,0.6324825704512338
240,High volatility,Maximum Sharpe,Demo_Equity_B,2.787410825893718e-16
240,High volatility,Maximum Sharpe,Demo_Bonds,0.0
240,High volatility,Maximum Sharpe,Demo_Gold,0.26748505132278927
240,High volatility,Maximum Sharpe,Demo_REITs,0.10003237822597656
241,Low volatility,Equal weight,Demo_Equity_A,0.2
241,Low volatility,Equal weight,Demo_Equity_B,0.2
241,Low volatility,Equal weight,Demo_Bonds,0.2
241,Low volatility,Equal weight,Demo_Gold,0.2
241,Low volatility,Equal weight,Demo_REITs,0.2
241,Low volatility,Minimum volatility,Demo_Equity_A,0.06301493924865526
241,Low volatility,Minimum volatility,Demo_Equity_B,0.02218886087822922
241,Low volatility,Minimum volatility,Demo_Bonds,0.7792291428458671
241,Low volatility,Minimum volatility,Demo_Gold,0.13556705702724856
241,Low volatility,Minimum volatility,Demo_REITs,0.0
241,Low volatility,Maximum Sharpe,Demo_Equity_A,1.0
241,Low volatility,Maximum Sharpe,Demo_Equity_B,0.0
241,Low volatility,Maximum Sharpe,Demo_Bonds,0.0
241,Low volatility,Maximum Sharpe,Demo_Gold,0.0
241,Low volatility,Maximum Sharpe,Demo_REITs,0.0
242,Base,Equal weight,Demo_Equity_A,0.2
242,Base,Equal weight,Demo_Equity_B,0.2
242,Base,Equal weight,Demo_Bonds,0.2
242,Base,Equal weight,Demo_Gold,0.2
242,Base,Equal weight,Demo_REITs,0.2
242,Base,Minimum volatility,Demo_Equity_A,0.08549466390214973
242,Base,Minimum volatility,Demo_Equity_B,0.0022038883441987058
242,Base,Minimum volatility,Demo_Bonds,0.7767780245859508
242,Base,Minimum volatility,Demo_Gold,0.1355234231677006
242,Base,Minimum volatility,Demo_REITs,0.0
242,Base,Maximum Sharpe,Demo_Equity_A,0.1625583302959719
242,Base,Maximum Sharpe,Demo_Equity_B,0.023801017154654897
242,Base,Maximum Sharpe,Demo_Bonds,0.6748395092636355
242,Base,Maximum Sharpe,Demo_Gold,0.0737683653143585
242,Base,Maximum Sharpe,Demo_REITs,0.06503277797137934
243,High volatility,Equal weight,Demo_Equity_A,0.2
243,High volatility,Equal weight,Demo_Equity_B,0.2
243,High volatility,Equal weight,Demo_Bonds,0.2
243,High volatility,Equal weight,Demo_Gold,0.2
243,High volatility,Equal weight,Demo_REITs,0.2
243,High volatility,Minimum volatility,Demo_Equity_A,0.04626949988176655
243,High volatility,Minimum volatility,Demo_Equity_B,0.012930322319627686
243,High volatility,Minimum volatility,Demo_Bonds,0.8108738186444873
243,High volatility,Minimum volatility,Demo_Gold,0.12992635915411863
243,High volatility,Minimum volatility,Demo_REITs,0.0
243,High volatility,Maximum Sharpe,Demo_Equity_A,0.0
243,High volatility,Maximum Sharpe,Demo_Equity_B,0.0
243,High volatility,Maximum Sharpe,Demo_Bonds,0.0
243,High volatility,Maximum Sharpe,Demo_Gold,1.0
243,High volatility,Maximum Sharpe,Demo_REITs,0.0
244,Low volatility,Equal weight,Demo_Equity_A,0.2
244,Low volatility,Equal weight,Demo_Equity_B,0.2
244,Low volatility,Equal weight,Demo_Bonds,0.2
244,Low volatility,Equal weight,Demo_Gold,0.2
244,Low volatility,Equal weight,Demo_REITs,0.2
244,Low volatility,Minimum volatility,Demo_Equity_A,0.07191739460062964
244,Low volatility,Minimum volatility,Demo_Equity_B,0.004784516749774884
244,Low volatility,Minimum volatility,Demo_Bonds,0.8038015497627099
244,Low volatility,Minimum volatility,Demo_Gold,0.11949653888688559
244,Low volatility,Minimum volatility,Demo_REITs,6.981152514028877e-19
244,Low volatility,Maximum Sharpe,Demo_Equity_A,0.07426074859470129
244,Low volatility,Maximum Sharpe,Demo_Equity_B,8.094054211089606e-17
244,Low volatility,Maximum Sharpe,Demo_Bonds,0.7446784632609532
244,Low volatility,Maximum Sharpe,Demo_Gold,0.0
244,Low volatility,Maximum Sharpe,Demo_REITs,0.18106078814434562
245,Base,Equal weight,Demo_Equity_A,0.2
245,Base,Equal weight,Demo_Equity_B,0.2
245,Base,Equal weight,Demo_Bonds,0.2
245,Base,Equal weight,Demo_Gold,0.2
245,Base,Equal weight,Demo_REITs,0.2
245,Base,Minimum volatility,Demo_Equity_A,0.06380818641817307
245,Base,Minimum volatility,Demo_Equity_B,0.008187495918430982
245,Base,Minimum volatility,Demo_Bonds,0.8012920079507564
245,Base,Minimum volatility,Demo_Gold,0.12199990640975815
245,Base,Minimum volatility,Demo_REITs,0.0047124033028814434
245,Base,Maximum Sharpe,Demo_Equity_A,0.0
245,Base,Maximum Sharpe,Demo_Equity_B,0.38976700110233164
245,Base,Maximum Sharpe,Demo_Bonds,0.4019084592862722
245,Base,Maximum Sharpe,Demo_Gold,0.20832453961139571
245,Base,Maximum Sharpe,Demo_REITs,1.3020902238444283e-16
246,High volatility,Equal weight,Demo_Equity_A,0.2
246,High volatility,Equal weight,Demo_Equity_B,0.2
246,High volatility,Equal weight,Demo_Bonds,0.2
246,High volatility,Equal weight,Demo_Gold,0.2
246,High volatility,Equal weight,Demo_REITs,0.2
246,High volatility,Minimum volatility,Demo_Equity_A,0.04640159893135956
246,High volatility,Minimum volatility,Demo_Equity_B,0.010165018916046646
246,High volatility,Minimum volatility,Demo_Bonds,0.7953583461440205
246,High volatility,Minimum volatility,Demo_Gold,0.135988320305576
246,High volatility,Minimum volatility,Demo_REITs,0.012086715702997321
246,High volatility,Maximum Sharpe,Demo_Equity_A,3.5462483586079964e-16
246,High volatility,Maximum Sharpe,Demo_Equity_B,0.0
246,High volatility,Maximum Sharpe,Demo_Bonds,0.8311890478378036
246,High volatility,Maximum Sharpe,Demo_Gold,0.0
246,High volatility,Maximum Sharpe,Demo_REITs,0.16881095216219613
247,Low volatility,Equal weight,Demo_Equity_A,0.2
247,Low volatility,Equal weight,Demo_Equity_B,0.2
247,Low volatility,Equal weight,Demo_Bonds,0.2
247,Low volatility,Equal weight,Demo_Gold,0.2
247,Low volatility,Equal weight,Demo_REITs,0.2
247,Low volatility,Minimum volatility,Demo_Equity_A,0.06839421629921125
247,Low volatility,Minimum volatility,Demo_Equity_B,0.007371216193530641
247,Low volatility,Minimum volatility,Demo_Bonds,0.7833955150812043
247,Low volatility,Minimum volatility,Demo_Gold,0.14083905242605388
247,Low volatility,Minimum volatility,Demo_REITs,0.0
247,Low volatility,Maximum Sharpe,Demo_Equity_A,0.02390566235034561
247,Low volatility,Maximum Sharpe,Demo_Equity_B,0.8217940100414671
247,Low volatility,Maximum Sharpe,Demo_Bonds,4.3999847525426204e-17
247,Low volatility,Maximum Sharpe,Demo_Gold,8.199844700996319e-18
247,Low volatility,Maximum Sharpe,Demo_REITs,0.15430032760818727
248,Base,Equal weight,Demo_Equity_A,0.2
248,Base,Equal weight,Demo_Equity_B,0.2
248,Base,Equal weight,Demo_Bonds,0.2
248,Base,Equal weight,Demo_Gold,0.2
248,Base,Equal weight,Demo_REITs,0.2
248,Base,Minimum volatility,Demo_Equity_A,0.06731142288187877
248,Base,Minimum volatility,Demo_Equity_B,0.013370296283012792
248,Base,Minimum volatility,Demo_Bonds,0.782443853867825
248,Base,Minimum volatility,Demo_Gold,0.13687442696728347
248,Base,Minimum volatility,Demo_REITs,0.0
248,Base,Maximum Sharpe,Demo_Equity_A,0.0
248,Base,Maximum Sharpe,Demo_Equity_B,0.0
248,Base,Maximum Sharpe,Demo_Bonds,1.9408262298279213e-16
248,Base,Maximum Sharpe,Demo_Gold,0.0
248,Base,Maximum Sharpe,Demo_REITs,0.9999999999999998
249,High volatility,Equal weight,Demo_Equity_A,0.2
249,High volatility,Equal weight,Demo_Equity_B,0.2
249,High volatility,Equal weight,Demo_Bonds,0.2
249,High volatility,Equal weight,Demo_Gold,0.2
249,High volatility,Equal weight,Demo_REITs,0.2
249,High volatility,Minimum volatility,Demo_Equity_A,0.0642457977963887
249,High volatility,Minimum volatility,Demo_Equity_B,0.008480257620263843
249,High volatility,Minimum volatility,Demo_Bonds,0.7984111716396795
249,High volatility,Minimum volatility,Demo_Gold,0.12033827079382489
249,High volatility,Minimum volatility,Demo_REITs,0.00852450214984313
249,High volatility,Maximum Sharpe,Demo_Equity_A,0.0
249,High volatility,Maximum Sharpe,Demo_Equity_B,0.0
249,High volatility,Maximum Sharpe,Demo_Bonds,0.0
249,High volatility,Maximum Sharpe,Demo_Gold,1.0
249,High volatility,Maximum Sharpe,Demo_REITs,0.0
250,Low volatility,Equal weight,Demo_Equity_A,0.2
250,Low volatility,Equal weight,Demo_Equity_B,0.2
250,Low volatility,Equal weight,Demo_Bonds,0.2
250,Low volatility,Equal weight,Demo_Gold,0.2
250,Low volatility,Equal weight,Demo_REITs,0.2
250,Low volatility,Minimum volatility,Demo_Equity_A,0.054779728484615056
250,Low volatility,Minimum volatility,Demo_Equity_B,0.017989198656269908
250,Low volatility,Minimum volatility,Demo_Bonds,0.7904664008264848
250,Low volatility,Minimum volatility,Demo_Gold,0.13676467203263024
250,Low volatility,Minimum volatility,Demo_REITs,0.0
250,Low volatility,Maximum Sharpe,Demo_Equity_A,1.0
250,Low volatility,Maximum Sharpe,Demo_Equity_B,0.0
250,Low volatility,Maximum Sharpe,Demo_Bonds,0.0
250,Low volatility,Maximum Sharpe,Demo_Gold,0.0
250,Low volatility,Maximum Sharpe,Demo_REITs,0.0
